"","Scenario_ID","DeliveryModel.x","Year","WeeksPerYr.x","Cadre","CI05","CI25","CI50","CI75","CI95","WeeksPerYr.y","HrsPerWeek","BaselinePop","o_PopGrowth","o_Fertility_decr","o_MHIVTB_decr","o_ChildDis_decr","sheet_TaskValues","sheet_PopValues","sheet_SeasonalityCurves","sheet_Cadre","DeliveryModel.y","Geography_dontedit","Notes"
"1","DHS1900","Comprehensive",2021,48,"EH_hrs",0,0,0,0,0,48,32,5000,TRUE,TRUE,TRUE,TRUE,"TV_Comprehensive","PopValues_DHS1900","SeasonalityCurves","Cadres_Comprehensive","Comprehensive","Oromia",NA
"2","DHS1900","Comprehensive",2021,48,"FH_hrs",0,0,0,0,0,48,32,5000,TRUE,TRUE,TRUE,TRUE,"TV_Comprehensive","PopValues_DHS1900","SeasonalityCurves","Cadres_Comprehensive","Comprehensive","Oromia",NA
"3","DHS1900","Comprehensive",2021,48,"HEW_hrs",201.79595,205.732250000001,208.111595000001,210.548875000001,214.735400000001,48,32,5000,TRUE,TRUE,TRUE,TRUE,"TV_Comprehensive","PopValues_DHS1900","SeasonalityCurves","Cadres_Comprehensive","Comprehensive","Oromia",NA
"4","DHS1900","Comprehensive",2021,48,"HO_hrs",0,0,0,0,0,48,32,5000,TRUE,TRUE,TRUE,TRUE,"TV_Comprehensive","PopValues_DHS1900","SeasonalityCurves","Cadres_Comprehensive","Comprehensive","Oromia",NA
"5","DHS1900","Comprehensive",2021,48,"MW_hrs",0,0,0,0,0,48,32,5000,TRUE,TRUE,TRUE,TRUE,"TV_Comprehensive","PopValues_DHS1900","SeasonalityCurves","Cadres_Comprehensive","Comprehensive","Oromia",NA
"6","DHS1900","Comprehensive",2021,48,"RN_hrs",0,0,0,0,0,48,32,5000,TRUE,TRUE,TRUE,TRUE,"TV_Comprehensive","PopValues_DHS1900","SeasonalityCurves","Cadres_Comprehensive","Comprehensive","Oromia",NA
"7","DHS1900","Comprehensive",2021,48,"UN_hrs",201.79595,205.732250000001,208.111595000001,210.548875000001,214.735400000001,48,32,5000,TRUE,TRUE,TRUE,TRUE,"TV_Comprehensive","PopValues_DHS1900","SeasonalityCurves","Cadres_Comprehensive","Comprehensive","Oromia",NA
"8","DHS1900","Comprehensive",2022,48,"EH_hrs",0,0,0,0,0,48,32,5000,TRUE,TRUE,TRUE,TRUE,"TV_Comprehensive","PopValues_DHS1900","SeasonalityCurves","Cadres_Comprehensive","Comprehensive","Oromia",NA
"9","DHS1900","Comprehensive",2022,48,"FH_hrs",0,0,0,0,0,48,32,5000,TRUE,TRUE,TRUE,TRUE,"TV_Comprehensive","PopValues_DHS1900","SeasonalityCurves","Cadres_Comprehensive","Comprehensive","Oromia",NA
"10","DHS1900","Comprehensive",2022,48,"HEW_hrs",200.932075000001,206.158125000001,209.129220000001,212.556250000001,216.637875000001,48,32,5000,TRUE,TRUE,TRUE,TRUE,"TV_Comprehensive","PopValues_DHS1900","SeasonalityCurves","Cadres_Comprehensive","Comprehensive","Oromia",NA
"11","DHS1900","Comprehensive",2022,48,"HO_hrs",0,0,0,0,0,48,32,5000,TRUE,TRUE,TRUE,TRUE,"TV_Comprehensive","PopValues_DHS1900","SeasonalityCurves","Cadres_Comprehensive","Comprehensive","Oromia",NA
"12","DHS1900","Comprehensive",2022,48,"MW_hrs",0,0,0,0,0,48,32,5000,TRUE,TRUE,TRUE,TRUE,"TV_Comprehensive","PopValues_DHS1900","SeasonalityCurves","Cadres_Comprehensive","Comprehensive","Oromia",NA
"13","DHS1900","Comprehensive",2022,48,"RN_hrs",0,0,0,0,0,48,32,5000,TRUE,TRUE,TRUE,TRUE,"TV_Comprehensive","PopValues_DHS1900","SeasonalityCurves","Cadres_Comprehensive","Comprehensive","Oromia",NA
"14","DHS1900","Comprehensive",2022,48,"UN_hrs",200.932075000001,206.158125000001,209.129220000001,212.556250000001,216.637875000001,48,32,5000,TRUE,TRUE,TRUE,TRUE,"TV_Comprehensive","PopValues_DHS1900","SeasonalityCurves","Cadres_Comprehensive","Comprehensive","Oromia",NA
"15","DHS1900","Comprehensive",2023,48,"EH_hrs",0,0,0,0,0,48,32,5000,TRUE,TRUE,TRUE,TRUE,"TV_Comprehensive","PopValues_DHS1900","SeasonalityCurves","Cadres_Comprehensive","Comprehensive","Oromia",NA
"16","DHS1900","Comprehensive",2023,48,"FH_hrs",0,0,0,0,0,48,32,5000,TRUE,TRUE,TRUE,TRUE,"TV_Comprehensive","PopValues_DHS1900","SeasonalityCurves","Cadres_Comprehensive","Comprehensive","Oromia",NA
"17","DHS1900","Comprehensive",2023,48,"HEW_hrs",200.720625000001,206.008750000001,210.191665000001,214.183250000001,218.094600000001,48,32,5000,TRUE,TRUE,TRUE,TRUE,"TV_Comprehensive","PopValues_DHS1900","SeasonalityCurves","Cadres_Comprehensive","Comprehensive","Oromia",NA
"18","DHS1900","Comprehensive",2023,48,"HO_hrs",0,0,0,0,0,48,32,5000,TRUE,TRUE,TRUE,TRUE,"TV_Comprehensive","PopValues_DHS1900","SeasonalityCurves","Cadres_Comprehensive","Comprehensive","Oromia",NA
"19","DHS1900","Comprehensive",2023,48,"MW_hrs",0,0,0,0,0,48,32,5000,TRUE,TRUE,TRUE,TRUE,"TV_Comprehensive","PopValues_DHS1900","SeasonalityCurves","Cadres_Comprehensive","Comprehensive","Oromia",NA
"20","DHS1900","Comprehensive",2023,48,"RN_hrs",0,0,0,0,0,48,32,5000,TRUE,TRUE,TRUE,TRUE,"TV_Comprehensive","PopValues_DHS1900","SeasonalityCurves","Cadres_Comprehensive","Comprehensive","Oromia",NA
"21","DHS1900","Comprehensive",2023,48,"UN_hrs",200.720625000001,206.008750000001,210.191665000001,214.183250000001,218.094600000001,48,32,5000,TRUE,TRUE,TRUE,TRUE,"TV_Comprehensive","PopValues_DHS1900","SeasonalityCurves","Cadres_Comprehensive","Comprehensive","Oromia",NA
"22","DHS1900","Comprehensive",2024,48,"EH_hrs",0,0,0,0,0,48,32,5000,TRUE,TRUE,TRUE,TRUE,"TV_Comprehensive","PopValues_DHS1900","SeasonalityCurves","Cadres_Comprehensive","Comprehensive","Oromia",NA
"23","DHS1900","Comprehensive",2024,48,"FH_hrs",0,0,0,0,0,48,32,5000,TRUE,TRUE,TRUE,TRUE,"TV_Comprehensive","PopValues_DHS1900","SeasonalityCurves","Cadres_Comprehensive","Comprehensive","Oromia",NA
"24","DHS1900","Comprehensive",2024,48,"HEW_hrs",200.427175000001,206.622000000001,211.498655000001,215.597750000001,221.153600000001,48,32,5000,TRUE,TRUE,TRUE,TRUE,"TV_Comprehensive","PopValues_DHS1900","SeasonalityCurves","Cadres_Comprehensive","Comprehensive","Oromia",NA
"25","DHS1900","Comprehensive",2024,48,"HO_hrs",0,0,0,0,0,48,32,5000,TRUE,TRUE,TRUE,TRUE,"TV_Comprehensive","PopValues_DHS1900","SeasonalityCurves","Cadres_Comprehensive","Comprehensive","Oromia",NA
"26","DHS1900","Comprehensive",2024,48,"MW_hrs",0,0,0,0,0,48,32,5000,TRUE,TRUE,TRUE,TRUE,"TV_Comprehensive","PopValues_DHS1900","SeasonalityCurves","Cadres_Comprehensive","Comprehensive","Oromia",NA
"27","DHS1900","Comprehensive",2024,48,"RN_hrs",0,0,0,0,0,48,32,5000,TRUE,TRUE,TRUE,TRUE,"TV_Comprehensive","PopValues_DHS1900","SeasonalityCurves","Cadres_Comprehensive","Comprehensive","Oromia",NA
"28","DHS1900","Comprehensive",2024,48,"UN_hrs",200.427175000001,206.622000000001,211.498655000001,215.597750000001,221.153600000001,48,32,5000,TRUE,TRUE,TRUE,TRUE,"TV_Comprehensive","PopValues_DHS1900","SeasonalityCurves","Cadres_Comprehensive","Comprehensive","Oromia",NA
"29","DHS1900","Comprehensive",2025,48,"EH_hrs",0,0,0,0,0,48,32,5000,TRUE,TRUE,TRUE,TRUE,"TV_Comprehensive","PopValues_DHS1900","SeasonalityCurves","Cadres_Comprehensive","Comprehensive","Oromia",NA
"30","DHS1900","Comprehensive",2025,48,"FH_hrs",0,0,0,0,0,48,32,5000,TRUE,TRUE,TRUE,TRUE,"TV_Comprehensive","PopValues_DHS1900","SeasonalityCurves","Cadres_Comprehensive","Comprehensive","Oromia",NA
"31","DHS1900","Comprehensive",2025,48,"HEW_hrs",212.544325000001,220.683875000001,225.929140000001,231.228125000001,238.261825000002,48,32,5000,TRUE,TRUE,TRUE,TRUE,"TV_Comprehensive","PopValues_DHS1900","SeasonalityCurves","Cadres_Comprehensive","Comprehensive","Oromia",NA
"32","DHS1900","Comprehensive",2025,48,"HO_hrs",212.544325000001,220.683875000001,225.929140000001,231.228125000001,238.261825000002,48,32,5000,TRUE,TRUE,TRUE,TRUE,"TV_Comprehensive","PopValues_DHS1900","SeasonalityCurves","Cadres_Comprehensive","Comprehensive","Oromia",NA
"33","DHS1900","Comprehensive",2025,48,"MW_hrs",212.544325000001,220.683875000001,225.929140000001,231.228125000001,238.261825000002,48,32,5000,TRUE,TRUE,TRUE,TRUE,"TV_Comprehensive","PopValues_DHS1900","SeasonalityCurves","Cadres_Comprehensive","Comprehensive","Oromia",NA
"34","DHS1900","Comprehensive",2025,48,"RN_hrs",0,0,0,0,0,48,32,5000,TRUE,TRUE,TRUE,TRUE,"TV_Comprehensive","PopValues_DHS1900","SeasonalityCurves","Cadres_Comprehensive","Comprehensive","Oromia",NA
"35","DHS1900","Comprehensive",2025,48,"UN_hrs",212.544325000001,220.683875000001,225.929140000001,231.228125000001,238.261825000002,48,32,5000,TRUE,TRUE,TRUE,TRUE,"TV_Comprehensive","PopValues_DHS1900","SeasonalityCurves","Cadres_Comprehensive","Comprehensive","Oromia",NA
"36","DHS1900","Comprehensive",2026,48,"EH_hrs",0,0,0,0,0,48,32,5000,TRUE,TRUE,TRUE,TRUE,"TV_Comprehensive","PopValues_DHS1900","SeasonalityCurves","Cadres_Comprehensive","Comprehensive","Oromia",NA
"37","DHS1900","Comprehensive",2026,48,"FH_hrs",0,0,0,0,0,48,32,5000,TRUE,TRUE,TRUE,TRUE,"TV_Comprehensive","PopValues_DHS1900","SeasonalityCurves","Cadres_Comprehensive","Comprehensive","Oromia",NA
"38","DHS1900","Comprehensive",2026,48,"HEW_hrs",213.654375000001,224.002250000001,228.908880000001,234.958750000001,243.459650000002,48,32,5000,TRUE,TRUE,TRUE,TRUE,"TV_Comprehensive","PopValues_DHS1900","SeasonalityCurves","Cadres_Comprehensive","Comprehensive","Oromia",NA
"39","DHS1900","Comprehensive",2026,48,"HO_hrs",213.654375000001,224.002250000001,228.908880000001,234.958750000001,243.459650000002,48,32,5000,TRUE,TRUE,TRUE,TRUE,"TV_Comprehensive","PopValues_DHS1900","SeasonalityCurves","Cadres_Comprehensive","Comprehensive","Oromia",NA
"40","DHS1900","Comprehensive",2026,48,"MW_hrs",213.654375000001,224.002250000001,228.908880000001,234.958750000001,243.459650000002,48,32,5000,TRUE,TRUE,TRUE,TRUE,"TV_Comprehensive","PopValues_DHS1900","SeasonalityCurves","Cadres_Comprehensive","Comprehensive","Oromia",NA
"41","DHS1900","Comprehensive",2026,48,"RN_hrs",0,0,0,0,0,48,32,5000,TRUE,TRUE,TRUE,TRUE,"TV_Comprehensive","PopValues_DHS1900","SeasonalityCurves","Cadres_Comprehensive","Comprehensive","Oromia",NA
"42","DHS1900","Comprehensive",2026,48,"UN_hrs",213.654375000001,224.002250000001,228.908880000001,234.958750000001,243.459650000002,48,32,5000,TRUE,TRUE,TRUE,TRUE,"TV_Comprehensive","PopValues_DHS1900","SeasonalityCurves","Cadres_Comprehensive","Comprehensive","Oromia",NA
"43","DHS1900","Comprehensive",2027,48,"EH_hrs",0,0,0,0,0,48,32,5000,TRUE,TRUE,TRUE,TRUE,"TV_Comprehensive","PopValues_DHS1900","SeasonalityCurves","Cadres_Comprehensive","Comprehensive","Oromia",NA
"44","DHS1900","Comprehensive",2027,48,"FH_hrs",0,0,0,0,0,48,32,5000,TRUE,TRUE,TRUE,TRUE,"TV_Comprehensive","PopValues_DHS1900","SeasonalityCurves","Cadres_Comprehensive","Comprehensive","Oromia",NA
"45","DHS1900","Comprehensive",2027,48,"HEW_hrs",216.495025000002,226.153750000001,231.922500000001,236.956500000001,247.015975000001,48,32,5000,TRUE,TRUE,TRUE,TRUE,"TV_Comprehensive","PopValues_DHS1900","SeasonalityCurves","Cadres_Comprehensive","Comprehensive","Oromia",NA
"46","DHS1900","Comprehensive",2027,48,"HO_hrs",216.495025000002,226.153750000001,231.922500000001,236.956500000001,247.015975000001,48,32,5000,TRUE,TRUE,TRUE,TRUE,"TV_Comprehensive","PopValues_DHS1900","SeasonalityCurves","Cadres_Comprehensive","Comprehensive","Oromia",NA
"47","DHS1900","Comprehensive",2027,48,"MW_hrs",216.495025000002,226.153750000001,231.922500000001,236.956500000001,247.015975000001,48,32,5000,TRUE,TRUE,TRUE,TRUE,"TV_Comprehensive","PopValues_DHS1900","SeasonalityCurves","Cadres_Comprehensive","Comprehensive","Oromia",NA
"48","DHS1900","Comprehensive",2027,48,"RN_hrs",0,0,0,0,0,48,32,5000,TRUE,TRUE,TRUE,TRUE,"TV_Comprehensive","PopValues_DHS1900","SeasonalityCurves","Cadres_Comprehensive","Comprehensive","Oromia",NA
"49","DHS1900","Comprehensive",2027,48,"UN_hrs",216.495025000002,226.153750000001,231.922500000001,236.956500000001,247.015975000001,48,32,5000,TRUE,TRUE,TRUE,TRUE,"TV_Comprehensive","PopValues_DHS1900","SeasonalityCurves","Cadres_Comprehensive","Comprehensive","Oromia",NA
"50","DHS1900","Comprehensive",2028,48,"EH_hrs",0,0,0,0,0,48,32,5000,TRUE,TRUE,TRUE,TRUE,"TV_Comprehensive","PopValues_DHS1900","SeasonalityCurves","Cadres_Comprehensive","Comprehensive","Oromia",NA
"51","DHS1900","Comprehensive",2028,48,"FH_hrs",0,0,0,0,0,48,32,5000,TRUE,TRUE,TRUE,TRUE,"TV_Comprehensive","PopValues_DHS1900","SeasonalityCurves","Cadres_Comprehensive","Comprehensive","Oromia",NA
"52","DHS1900","Comprehensive",2028,48,"HEW_hrs",219.227200000002,227.814125000001,234.944290000001,241.512750000002,251.798400000001,48,32,5000,TRUE,TRUE,TRUE,TRUE,"TV_Comprehensive","PopValues_DHS1900","SeasonalityCurves","Cadres_Comprehensive","Comprehensive","Oromia",NA
"53","DHS1900","Comprehensive",2028,48,"HO_hrs",219.227200000002,227.814125000001,234.944290000001,241.512750000002,251.798400000001,48,32,5000,TRUE,TRUE,TRUE,TRUE,"TV_Comprehensive","PopValues_DHS1900","SeasonalityCurves","Cadres_Comprehensive","Comprehensive","Oromia",NA
"54","DHS1900","Comprehensive",2028,48,"MW_hrs",219.227200000002,227.814125000001,234.944290000001,241.512750000002,251.798400000001,48,32,5000,TRUE,TRUE,TRUE,TRUE,"TV_Comprehensive","PopValues_DHS1900","SeasonalityCurves","Cadres_Comprehensive","Comprehensive","Oromia",NA
"55","DHS1900","Comprehensive",2028,48,"RN_hrs",0,0,0,0,0,48,32,5000,TRUE,TRUE,TRUE,TRUE,"TV_Comprehensive","PopValues_DHS1900","SeasonalityCurves","Cadres_Comprehensive","Comprehensive","Oromia",NA
"56","DHS1900","Comprehensive",2028,48,"UN_hrs",219.227200000002,227.814125000001,234.944290000001,241.512750000002,251.798400000001,48,32,5000,TRUE,TRUE,TRUE,TRUE,"TV_Comprehensive","PopValues_DHS1900","SeasonalityCurves","Cadres_Comprehensive","Comprehensive","Oromia",NA
"57","DHS1900","Comprehensive",2029,48,"EH_hrs",0,0,0,0,0,48,32,5000,TRUE,TRUE,TRUE,TRUE,"TV_Comprehensive","PopValues_DHS1900","SeasonalityCurves","Cadres_Comprehensive","Comprehensive","Oromia",NA
"58","DHS1900","Comprehensive",2029,48,"FH_hrs",0,0,0,0,0,48,32,5000,TRUE,TRUE,TRUE,TRUE,"TV_Comprehensive","PopValues_DHS1900","SeasonalityCurves","Cadres_Comprehensive","Comprehensive","Oromia",NA
"59","DHS1900","Comprehensive",2029,48,"HEW_hrs",220.596500000001,230.393125000001,238.177080000001,245.172875000002,257.222625000001,48,32,5000,TRUE,TRUE,TRUE,TRUE,"TV_Comprehensive","PopValues_DHS1900","SeasonalityCurves","Cadres_Comprehensive","Comprehensive","Oromia",NA
"60","DHS1900","Comprehensive",2029,48,"HO_hrs",220.596500000001,230.393125000001,238.177080000001,245.172875000002,257.222625000001,48,32,5000,TRUE,TRUE,TRUE,TRUE,"TV_Comprehensive","PopValues_DHS1900","SeasonalityCurves","Cadres_Comprehensive","Comprehensive","Oromia",NA
"61","DHS1900","Comprehensive",2029,48,"MW_hrs",220.596500000001,230.393125000001,238.177080000001,245.172875000002,257.222625000001,48,32,5000,TRUE,TRUE,TRUE,TRUE,"TV_Comprehensive","PopValues_DHS1900","SeasonalityCurves","Cadres_Comprehensive","Comprehensive","Oromia",NA
"62","DHS1900","Comprehensive",2029,48,"RN_hrs",0,0,0,0,0,48,32,5000,TRUE,TRUE,TRUE,TRUE,"TV_Comprehensive","PopValues_DHS1900","SeasonalityCurves","Cadres_Comprehensive","Comprehensive","Oromia",NA
"63","DHS1900","Comprehensive",2029,48,"UN_hrs",220.596500000001,230.393125000001,238.177080000001,245.172875000002,257.222625000001,48,32,5000,TRUE,TRUE,TRUE,TRUE,"TV_Comprehensive","PopValues_DHS1900","SeasonalityCurves","Cadres_Comprehensive","Comprehensive","Oromia",NA
"64","DHS1900","Comprehensive",2030,48,"EH_hrs",222.948650000001,232.884500000001,241.682655000001,249.612000000001,261.984250000002,48,32,5000,TRUE,TRUE,TRUE,TRUE,"TV_Comprehensive","PopValues_DHS1900","SeasonalityCurves","Cadres_Comprehensive","Comprehensive","Oromia",NA
"65","DHS1900","Comprehensive",2030,48,"FH_hrs",222.948650000001,232.884500000001,241.682655000001,249.612000000001,261.984250000002,48,32,5000,TRUE,TRUE,TRUE,TRUE,"TV_Comprehensive","PopValues_DHS1900","SeasonalityCurves","Cadres_Comprehensive","Comprehensive","Oromia",NA
"66","DHS1900","Comprehensive",2030,48,"HEW_hrs",222.948650000001,232.884500000001,241.682655000001,249.612000000001,261.984250000002,48,32,5000,TRUE,TRUE,TRUE,TRUE,"TV_Comprehensive","PopValues_DHS1900","SeasonalityCurves","Cadres_Comprehensive","Comprehensive","Oromia",NA
"67","DHS1900","Comprehensive",2030,48,"HO_hrs",222.948650000001,232.884500000001,241.682655000001,249.612000000001,261.984250000002,48,32,5000,TRUE,TRUE,TRUE,TRUE,"TV_Comprehensive","PopValues_DHS1900","SeasonalityCurves","Cadres_Comprehensive","Comprehensive","Oromia",NA
"68","DHS1900","Comprehensive",2030,48,"MW_hrs",222.948650000001,232.884500000001,241.682655000001,249.612000000001,261.984250000002,48,32,5000,TRUE,TRUE,TRUE,TRUE,"TV_Comprehensive","PopValues_DHS1900","SeasonalityCurves","Cadres_Comprehensive","Comprehensive","Oromia",NA
"69","DHS1900","Comprehensive",2030,48,"RN_hrs",222.948650000001,232.884500000001,241.682655000001,249.612000000001,261.984250000002,48,32,5000,TRUE,TRUE,TRUE,TRUE,"TV_Comprehensive","PopValues_DHS1900","SeasonalityCurves","Cadres_Comprehensive","Comprehensive","Oromia",NA
"70","DHS1900","Comprehensive",2030,48,"UN_hrs",222.948650000001,232.884500000001,241.682655000001,249.612000000001,261.984250000002,48,32,5000,TRUE,TRUE,TRUE,TRUE,"TV_Comprehensive","PopValues_DHS1900","SeasonalityCurves","Cadres_Comprehensive","Comprehensive","Oromia",NA
"71","DHS1900","Comprehensive",2031,48,"EH_hrs",224.951875000002,236.900125000002,245.194115000001,253.742750000001,265.543425000001,48,32,5000,TRUE,TRUE,TRUE,TRUE,"TV_Comprehensive","PopValues_DHS1900","SeasonalityCurves","Cadres_Comprehensive","Comprehensive","Oromia",NA
"72","DHS1900","Comprehensive",2031,48,"FH_hrs",224.951875000002,236.900125000002,245.194115000001,253.742750000001,265.543425000001,48,32,5000,TRUE,TRUE,TRUE,TRUE,"TV_Comprehensive","PopValues_DHS1900","SeasonalityCurves","Cadres_Comprehensive","Comprehensive","Oromia",NA
"73","DHS1900","Comprehensive",2031,48,"HEW_hrs",224.951875000002,236.900125000002,245.194115000001,253.742750000001,265.543425000001,48,32,5000,TRUE,TRUE,TRUE,TRUE,"TV_Comprehensive","PopValues_DHS1900","SeasonalityCurves","Cadres_Comprehensive","Comprehensive","Oromia",NA
"74","DHS1900","Comprehensive",2031,48,"HO_hrs",224.951875000002,236.900125000002,245.194115000001,253.742750000001,265.543425000001,48,32,5000,TRUE,TRUE,TRUE,TRUE,"TV_Comprehensive","PopValues_DHS1900","SeasonalityCurves","Cadres_Comprehensive","Comprehensive","Oromia",NA
"75","DHS1900","Comprehensive",2031,48,"MW_hrs",224.951875000002,236.900125000002,245.194115000001,253.742750000001,265.543425000001,48,32,5000,TRUE,TRUE,TRUE,TRUE,"TV_Comprehensive","PopValues_DHS1900","SeasonalityCurves","Cadres_Comprehensive","Comprehensive","Oromia",NA
"76","DHS1900","Comprehensive",2031,48,"RN_hrs",224.951875000002,236.900125000002,245.194115000001,253.742750000001,265.543425000001,48,32,5000,TRUE,TRUE,TRUE,TRUE,"TV_Comprehensive","PopValues_DHS1900","SeasonalityCurves","Cadres_Comprehensive","Comprehensive","Oromia",NA
"77","DHS1900","Comprehensive",2031,48,"UN_hrs",224.951875000002,236.900125000002,245.194115000001,253.742750000001,265.543425000001,48,32,5000,TRUE,TRUE,TRUE,TRUE,"TV_Comprehensive","PopValues_DHS1900","SeasonalityCurves","Cadres_Comprehensive","Comprehensive","Oromia",NA
"78","DHS1900","Comprehensive",2032,48,"EH_hrs",226.930450000001,240.756375000002,248.991335000001,257.776250000001,273.209950000001,48,32,5000,TRUE,TRUE,TRUE,TRUE,"TV_Comprehensive","PopValues_DHS1900","SeasonalityCurves","Cadres_Comprehensive","Comprehensive","Oromia",NA
"79","DHS1900","Comprehensive",2032,48,"FH_hrs",226.930450000001,240.756375000002,248.991335000001,257.776250000001,273.209950000001,48,32,5000,TRUE,TRUE,TRUE,TRUE,"TV_Comprehensive","PopValues_DHS1900","SeasonalityCurves","Cadres_Comprehensive","Comprehensive","Oromia",NA
"80","DHS1900","Comprehensive",2032,48,"HEW_hrs",226.930450000001,240.756375000002,248.991335000001,257.776250000001,273.209950000001,48,32,5000,TRUE,TRUE,TRUE,TRUE,"TV_Comprehensive","PopValues_DHS1900","SeasonalityCurves","Cadres_Comprehensive","Comprehensive","Oromia",NA
"81","DHS1900","Comprehensive",2032,48,"HO_hrs",226.930450000001,240.756375000002,248.991335000001,257.776250000001,273.209950000001,48,32,5000,TRUE,TRUE,TRUE,TRUE,"TV_Comprehensive","PopValues_DHS1900","SeasonalityCurves","Cadres_Comprehensive","Comprehensive","Oromia",NA
"82","DHS1900","Comprehensive",2032,48,"MW_hrs",226.930450000001,240.756375000002,248.991335000001,257.776250000001,273.209950000001,48,32,5000,TRUE,TRUE,TRUE,TRUE,"TV_Comprehensive","PopValues_DHS1900","SeasonalityCurves","Cadres_Comprehensive","Comprehensive","Oromia",NA
"83","DHS1900","Comprehensive",2032,48,"RN_hrs",226.930450000001,240.756375000002,248.991335000001,257.776250000001,273.209950000001,48,32,5000,TRUE,TRUE,TRUE,TRUE,"TV_Comprehensive","PopValues_DHS1900","SeasonalityCurves","Cadres_Comprehensive","Comprehensive","Oromia",NA
"84","DHS1900","Comprehensive",2032,48,"UN_hrs",226.930450000001,240.756375000002,248.991335000001,257.776250000001,273.209950000001,48,32,5000,TRUE,TRUE,TRUE,TRUE,"TV_Comprehensive","PopValues_DHS1900","SeasonalityCurves","Cadres_Comprehensive","Comprehensive","Oromia",NA
"85","DHS1900","Comprehensive",2033,48,"EH_hrs",229.590350000001,243.669625000001,252.568625000001,262.312625000002,277.853500000001,48,32,5000,TRUE,TRUE,TRUE,TRUE,"TV_Comprehensive","PopValues_DHS1900","SeasonalityCurves","Cadres_Comprehensive","Comprehensive","Oromia",NA
"86","DHS1900","Comprehensive",2033,48,"FH_hrs",229.590350000001,243.669625000001,252.568625000001,262.312625000002,277.853500000001,48,32,5000,TRUE,TRUE,TRUE,TRUE,"TV_Comprehensive","PopValues_DHS1900","SeasonalityCurves","Cadres_Comprehensive","Comprehensive","Oromia",NA
"87","DHS1900","Comprehensive",2033,48,"HEW_hrs",229.590350000001,243.669625000001,252.568625000001,262.312625000002,277.853500000001,48,32,5000,TRUE,TRUE,TRUE,TRUE,"TV_Comprehensive","PopValues_DHS1900","SeasonalityCurves","Cadres_Comprehensive","Comprehensive","Oromia",NA
"88","DHS1900","Comprehensive",2033,48,"HO_hrs",229.590350000001,243.669625000001,252.568625000001,262.312625000002,277.853500000001,48,32,5000,TRUE,TRUE,TRUE,TRUE,"TV_Comprehensive","PopValues_DHS1900","SeasonalityCurves","Cadres_Comprehensive","Comprehensive","Oromia",NA
"89","DHS1900","Comprehensive",2033,48,"MW_hrs",229.590350000001,243.669625000001,252.568625000001,262.312625000002,277.853500000001,48,32,5000,TRUE,TRUE,TRUE,TRUE,"TV_Comprehensive","PopValues_DHS1900","SeasonalityCurves","Cadres_Comprehensive","Comprehensive","Oromia",NA
"90","DHS1900","Comprehensive",2033,48,"RN_hrs",229.590350000001,243.669625000001,252.568625000001,262.312625000002,277.853500000001,48,32,5000,TRUE,TRUE,TRUE,TRUE,"TV_Comprehensive","PopValues_DHS1900","SeasonalityCurves","Cadres_Comprehensive","Comprehensive","Oromia",NA
"91","DHS1900","Comprehensive",2033,48,"UN_hrs",229.590350000001,243.669625000001,252.568625000001,262.312625000002,277.853500000001,48,32,5000,TRUE,TRUE,TRUE,TRUE,"TV_Comprehensive","PopValues_DHS1900","SeasonalityCurves","Cadres_Comprehensive","Comprehensive","Oromia",NA
"92","DHS1900","Comprehensive",2034,48,"EH_hrs",231.671025000001,246.174500000002,256.294020000001,265.674125000002,283.196125000001,48,32,5000,TRUE,TRUE,TRUE,TRUE,"TV_Comprehensive","PopValues_DHS1900","SeasonalityCurves","Cadres_Comprehensive","Comprehensive","Oromia",NA
"93","DHS1900","Comprehensive",2034,48,"FH_hrs",231.671025000001,246.174500000002,256.294020000001,265.674125000002,283.196125000001,48,32,5000,TRUE,TRUE,TRUE,TRUE,"TV_Comprehensive","PopValues_DHS1900","SeasonalityCurves","Cadres_Comprehensive","Comprehensive","Oromia",NA
"94","DHS1900","Comprehensive",2034,48,"HEW_hrs",231.671025000001,246.174500000002,256.294020000001,265.674125000002,283.196125000001,48,32,5000,TRUE,TRUE,TRUE,TRUE,"TV_Comprehensive","PopValues_DHS1900","SeasonalityCurves","Cadres_Comprehensive","Comprehensive","Oromia",NA
"95","DHS1900","Comprehensive",2034,48,"HO_hrs",231.671025000001,246.174500000002,256.294020000001,265.674125000002,283.196125000001,48,32,5000,TRUE,TRUE,TRUE,TRUE,"TV_Comprehensive","PopValues_DHS1900","SeasonalityCurves","Cadres_Comprehensive","Comprehensive","Oromia",NA
"96","DHS1900","Comprehensive",2034,48,"MW_hrs",231.671025000001,246.174500000002,256.294020000001,265.674125000002,283.196125000001,48,32,5000,TRUE,TRUE,TRUE,TRUE,"TV_Comprehensive","PopValues_DHS1900","SeasonalityCurves","Cadres_Comprehensive","Comprehensive","Oromia",NA
"97","DHS1900","Comprehensive",2034,48,"RN_hrs",231.671025000001,246.174500000002,256.294020000001,265.674125000002,283.196125000001,48,32,5000,TRUE,TRUE,TRUE,TRUE,"TV_Comprehensive","PopValues_DHS1900","SeasonalityCurves","Cadres_Comprehensive","Comprehensive","Oromia",NA
"98","DHS1900","Comprehensive",2034,48,"UN_hrs",231.671025000001,246.174500000002,256.294020000001,265.674125000002,283.196125000001,48,32,5000,TRUE,TRUE,TRUE,TRUE,"TV_Comprehensive","PopValues_DHS1900","SeasonalityCurves","Cadres_Comprehensive","Comprehensive","Oromia",NA
"99","DHS1900","Comprehensive",2035,48,"EH_hrs",232.361200000002,250.249500000001,260.080330000001,269.024250000002,290.742950000001,48,32,5000,TRUE,TRUE,TRUE,TRUE,"TV_Comprehensive","PopValues_DHS1900","SeasonalityCurves","Cadres_Comprehensive","Comprehensive","Oromia",NA
"100","DHS1900","Comprehensive",2035,48,"FH_hrs",232.361200000002,250.249500000001,260.080330000001,269.024250000002,290.742950000001,48,32,5000,TRUE,TRUE,TRUE,TRUE,"TV_Comprehensive","PopValues_DHS1900","SeasonalityCurves","Cadres_Comprehensive","Comprehensive","Oromia",NA
"101","DHS1900","Comprehensive",2035,48,"HEW_hrs",0,0,0,0,0,48,32,5000,TRUE,TRUE,TRUE,TRUE,"TV_Comprehensive","PopValues_DHS1900","SeasonalityCurves","Cadres_Comprehensive","Comprehensive","Oromia",NA
"102","DHS1900","Comprehensive",2035,48,"HO_hrs",232.361200000002,250.249500000001,260.080330000001,269.024250000002,290.742950000001,48,32,5000,TRUE,TRUE,TRUE,TRUE,"TV_Comprehensive","PopValues_DHS1900","SeasonalityCurves","Cadres_Comprehensive","Comprehensive","Oromia",NA
"103","DHS1900","Comprehensive",2035,48,"MW_hrs",232.361200000002,250.249500000001,260.080330000001,269.024250000002,290.742950000001,48,32,5000,TRUE,TRUE,TRUE,TRUE,"TV_Comprehensive","PopValues_DHS1900","SeasonalityCurves","Cadres_Comprehensive","Comprehensive","Oromia",NA
"104","DHS1900","Comprehensive",2035,48,"RN_hrs",232.361200000002,250.249500000001,260.080330000001,269.024250000002,290.742950000001,48,32,5000,TRUE,TRUE,TRUE,TRUE,"TV_Comprehensive","PopValues_DHS1900","SeasonalityCurves","Cadres_Comprehensive","Comprehensive","Oromia",NA
"105","DHS1900","Comprehensive",2035,48,"UN_hrs",232.361200000002,250.249500000001,260.080330000001,269.024250000002,290.742950000001,48,32,5000,TRUE,TRUE,TRUE,TRUE,"TV_Comprehensive","PopValues_DHS1900","SeasonalityCurves","Cadres_Comprehensive","Comprehensive","Oromia",NA
"106","DHS1911","Comprehensive",2021,48,"EH_hrs",0,0,0,0,0,48,32,5000,TRUE,TRUE,TRUE,TRUE,"TV_Comprehensive","PopValues","SeasonalityCurves","Cadres_Comprehensive","Comprehensive","Oromia",NA
"107","DHS1911","Comprehensive",2021,48,"FH_hrs",0,0,0,0,0,48,32,5000,TRUE,TRUE,TRUE,TRUE,"TV_Comprehensive","PopValues","SeasonalityCurves","Cadres_Comprehensive","Comprehensive","Oromia",NA
"108","DHS1911","Comprehensive",2021,48,"HEW_hrs",201.450250000001,205.465500000001,207.818790000001,210.048500000001,214.404475000001,48,32,5000,TRUE,TRUE,TRUE,TRUE,"TV_Comprehensive","PopValues","SeasonalityCurves","Cadres_Comprehensive","Comprehensive","Oromia",NA
"109","DHS1911","Comprehensive",2021,48,"HO_hrs",0,0,0,0,0,48,32,5000,TRUE,TRUE,TRUE,TRUE,"TV_Comprehensive","PopValues","SeasonalityCurves","Cadres_Comprehensive","Comprehensive","Oromia",NA
"110","DHS1911","Comprehensive",2021,48,"MW_hrs",0,0,0,0,0,48,32,5000,TRUE,TRUE,TRUE,TRUE,"TV_Comprehensive","PopValues","SeasonalityCurves","Cadres_Comprehensive","Comprehensive","Oromia",NA
"111","DHS1911","Comprehensive",2021,48,"RN_hrs",0,0,0,0,0,48,32,5000,TRUE,TRUE,TRUE,TRUE,"TV_Comprehensive","PopValues","SeasonalityCurves","Cadres_Comprehensive","Comprehensive","Oromia",NA
"112","DHS1911","Comprehensive",2021,48,"UN_hrs",201.450250000001,205.465500000001,207.818790000001,210.048500000001,214.404475000001,48,32,5000,TRUE,TRUE,TRUE,TRUE,"TV_Comprehensive","PopValues","SeasonalityCurves","Cadres_Comprehensive","Comprehensive","Oromia",NA
"113","DHS1911","Comprehensive",2022,48,"EH_hrs",0,0,0,0,0,48,32,5000,TRUE,TRUE,TRUE,TRUE,"TV_Comprehensive","PopValues","SeasonalityCurves","Cadres_Comprehensive","Comprehensive","Oromia",NA
"114","DHS1911","Comprehensive",2022,48,"FH_hrs",0,0,0,0,0,48,32,5000,TRUE,TRUE,TRUE,TRUE,"TV_Comprehensive","PopValues","SeasonalityCurves","Cadres_Comprehensive","Comprehensive","Oromia",NA
"115","DHS1911","Comprehensive",2022,48,"HEW_hrs",200.408950000001,205.228250000001,208.394780000001,211.701625000001,215.995125000001,48,32,5000,TRUE,TRUE,TRUE,TRUE,"TV_Comprehensive","PopValues","SeasonalityCurves","Cadres_Comprehensive","Comprehensive","Oromia",NA
"116","DHS1911","Comprehensive",2022,48,"HO_hrs",0,0,0,0,0,48,32,5000,TRUE,TRUE,TRUE,TRUE,"TV_Comprehensive","PopValues","SeasonalityCurves","Cadres_Comprehensive","Comprehensive","Oromia",NA
"117","DHS1911","Comprehensive",2022,48,"MW_hrs",0,0,0,0,0,48,32,5000,TRUE,TRUE,TRUE,TRUE,"TV_Comprehensive","PopValues","SeasonalityCurves","Cadres_Comprehensive","Comprehensive","Oromia",NA
"118","DHS1911","Comprehensive",2022,48,"RN_hrs",0,0,0,0,0,48,32,5000,TRUE,TRUE,TRUE,TRUE,"TV_Comprehensive","PopValues","SeasonalityCurves","Cadres_Comprehensive","Comprehensive","Oromia",NA
"119","DHS1911","Comprehensive",2022,48,"UN_hrs",200.408950000001,205.228250000001,208.394780000001,211.701625000001,215.995125000001,48,32,5000,TRUE,TRUE,TRUE,TRUE,"TV_Comprehensive","PopValues","SeasonalityCurves","Cadres_Comprehensive","Comprehensive","Oromia",NA
"120","DHS1911","Comprehensive",2023,48,"EH_hrs",0,0,0,0,0,48,32,5000,TRUE,TRUE,TRUE,TRUE,"TV_Comprehensive","PopValues","SeasonalityCurves","Cadres_Comprehensive","Comprehensive","Oromia",NA
"121","DHS1911","Comprehensive",2023,48,"FH_hrs",0,0,0,0,0,48,32,5000,TRUE,TRUE,TRUE,TRUE,"TV_Comprehensive","PopValues","SeasonalityCurves","Cadres_Comprehensive","Comprehensive","Oromia",NA
"122","DHS1911","Comprehensive",2023,48,"HEW_hrs",199.956475000001,204.879125000001,209.048975000001,213.444000000001,216.885000000002,48,32,5000,TRUE,TRUE,TRUE,TRUE,"TV_Comprehensive","PopValues","SeasonalityCurves","Cadres_Comprehensive","Comprehensive","Oromia",NA
"123","DHS1911","Comprehensive",2023,48,"HO_hrs",0,0,0,0,0,48,32,5000,TRUE,TRUE,TRUE,TRUE,"TV_Comprehensive","PopValues","SeasonalityCurves","Cadres_Comprehensive","Comprehensive","Oromia",NA
"124","DHS1911","Comprehensive",2023,48,"MW_hrs",0,0,0,0,0,48,32,5000,TRUE,TRUE,TRUE,TRUE,"TV_Comprehensive","PopValues","SeasonalityCurves","Cadres_Comprehensive","Comprehensive","Oromia",NA
"125","DHS1911","Comprehensive",2023,48,"RN_hrs",0,0,0,0,0,48,32,5000,TRUE,TRUE,TRUE,TRUE,"TV_Comprehensive","PopValues","SeasonalityCurves","Cadres_Comprehensive","Comprehensive","Oromia",NA
"126","DHS1911","Comprehensive",2023,48,"UN_hrs",199.956475000001,204.879125000001,209.048975000001,213.444000000001,216.885000000002,48,32,5000,TRUE,TRUE,TRUE,TRUE,"TV_Comprehensive","PopValues","SeasonalityCurves","Cadres_Comprehensive","Comprehensive","Oromia",NA
"127","DHS1911","Comprehensive",2024,48,"EH_hrs",0,0,0,0,0,48,32,5000,TRUE,TRUE,TRUE,TRUE,"TV_Comprehensive","PopValues","SeasonalityCurves","Cadres_Comprehensive","Comprehensive","Oromia",NA
"128","DHS1911","Comprehensive",2024,48,"FH_hrs",0,0,0,0,0,48,32,5000,TRUE,TRUE,TRUE,TRUE,"TV_Comprehensive","PopValues","SeasonalityCurves","Cadres_Comprehensive","Comprehensive","Oromia",NA
"129","DHS1911","Comprehensive",2024,48,"HEW_hrs",198.962375000001,205.263125000001,209.772435000001,213.714375000001,219.433775000001,48,32,5000,TRUE,TRUE,TRUE,TRUE,"TV_Comprehensive","PopValues","SeasonalityCurves","Cadres_Comprehensive","Comprehensive","Oromia",NA
"130","DHS1911","Comprehensive",2024,48,"HO_hrs",0,0,0,0,0,48,32,5000,TRUE,TRUE,TRUE,TRUE,"TV_Comprehensive","PopValues","SeasonalityCurves","Cadres_Comprehensive","Comprehensive","Oromia",NA
"131","DHS1911","Comprehensive",2024,48,"MW_hrs",0,0,0,0,0,48,32,5000,TRUE,TRUE,TRUE,TRUE,"TV_Comprehensive","PopValues","SeasonalityCurves","Cadres_Comprehensive","Comprehensive","Oromia",NA
"132","DHS1911","Comprehensive",2024,48,"RN_hrs",0,0,0,0,0,48,32,5000,TRUE,TRUE,TRUE,TRUE,"TV_Comprehensive","PopValues","SeasonalityCurves","Cadres_Comprehensive","Comprehensive","Oromia",NA
"133","DHS1911","Comprehensive",2024,48,"UN_hrs",198.962375000001,205.263125000001,209.772435000001,213.714375000001,219.433775000001,48,32,5000,TRUE,TRUE,TRUE,TRUE,"TV_Comprehensive","PopValues","SeasonalityCurves","Cadres_Comprehensive","Comprehensive","Oromia",NA
"134","DHS1911","Comprehensive",2025,48,"EH_hrs",0,0,0,0,0,48,32,5000,TRUE,TRUE,TRUE,TRUE,"TV_Comprehensive","PopValues","SeasonalityCurves","Cadres_Comprehensive","Comprehensive","Oromia",NA
"135","DHS1911","Comprehensive",2025,48,"FH_hrs",0,0,0,0,0,48,32,5000,TRUE,TRUE,TRUE,TRUE,"TV_Comprehensive","PopValues","SeasonalityCurves","Cadres_Comprehensive","Comprehensive","Oromia",NA
"136","DHS1911","Comprehensive",2025,48,"HEW_hrs",210.610575000001,218.614500000001,223.595120000001,228.920875000001,235.398425000001,48,32,5000,TRUE,TRUE,TRUE,TRUE,"TV_Comprehensive","PopValues","SeasonalityCurves","Cadres_Comprehensive","Comprehensive","Oromia",NA
"137","DHS1911","Comprehensive",2025,48,"HO_hrs",210.610575000001,218.614500000001,223.595120000001,228.920875000001,235.398425000001,48,32,5000,TRUE,TRUE,TRUE,TRUE,"TV_Comprehensive","PopValues","SeasonalityCurves","Cadres_Comprehensive","Comprehensive","Oromia",NA
"138","DHS1911","Comprehensive",2025,48,"MW_hrs",210.610575000001,218.614500000001,223.595120000001,228.920875000001,235.398425000001,48,32,5000,TRUE,TRUE,TRUE,TRUE,"TV_Comprehensive","PopValues","SeasonalityCurves","Cadres_Comprehensive","Comprehensive","Oromia",NA
"139","DHS1911","Comprehensive",2025,48,"RN_hrs",0,0,0,0,0,48,32,5000,TRUE,TRUE,TRUE,TRUE,"TV_Comprehensive","PopValues","SeasonalityCurves","Cadres_Comprehensive","Comprehensive","Oromia",NA
"140","DHS1911","Comprehensive",2025,48,"UN_hrs",210.610575000001,218.614500000001,223.595120000001,228.920875000001,235.398425000001,48,32,5000,TRUE,TRUE,TRUE,TRUE,"TV_Comprehensive","PopValues","SeasonalityCurves","Cadres_Comprehensive","Comprehensive","Oromia",NA
"141","DHS1911","Comprehensive",2026,48,"EH_hrs",0,0,0,0,0,48,32,5000,TRUE,TRUE,TRUE,TRUE,"TV_Comprehensive","PopValues","SeasonalityCurves","Cadres_Comprehensive","Comprehensive","Oromia",NA
"142","DHS1911","Comprehensive",2026,48,"FH_hrs",0,0,0,0,0,48,32,5000,TRUE,TRUE,TRUE,TRUE,"TV_Comprehensive","PopValues","SeasonalityCurves","Cadres_Comprehensive","Comprehensive","Oromia",NA
"143","DHS1911","Comprehensive",2026,48,"HEW_hrs",211.191625000001,220.907125000002,225.877665000001,231.364625000001,239.887500000001,48,32,5000,TRUE,TRUE,TRUE,TRUE,"TV_Comprehensive","PopValues","SeasonalityCurves","Cadres_Comprehensive","Comprehensive","Oromia",NA
"144","DHS1911","Comprehensive",2026,48,"HO_hrs",211.191625000001,220.907125000002,225.877665000001,231.364625000001,239.887500000001,48,32,5000,TRUE,TRUE,TRUE,TRUE,"TV_Comprehensive","PopValues","SeasonalityCurves","Cadres_Comprehensive","Comprehensive","Oromia",NA
"145","DHS1911","Comprehensive",2026,48,"MW_hrs",211.191625000001,220.907125000002,225.877665000001,231.364625000001,239.887500000001,48,32,5000,TRUE,TRUE,TRUE,TRUE,"TV_Comprehensive","PopValues","SeasonalityCurves","Cadres_Comprehensive","Comprehensive","Oromia",NA
"146","DHS1911","Comprehensive",2026,48,"RN_hrs",0,0,0,0,0,48,32,5000,TRUE,TRUE,TRUE,TRUE,"TV_Comprehensive","PopValues","SeasonalityCurves","Cadres_Comprehensive","Comprehensive","Oromia",NA
"147","DHS1911","Comprehensive",2026,48,"UN_hrs",211.191625000001,220.907125000002,225.877665000001,231.364625000001,239.887500000001,48,32,5000,TRUE,TRUE,TRUE,TRUE,"TV_Comprehensive","PopValues","SeasonalityCurves","Cadres_Comprehensive","Comprehensive","Oromia",NA
"148","DHS1911","Comprehensive",2027,48,"EH_hrs",0,0,0,0,0,48,32,5000,TRUE,TRUE,TRUE,TRUE,"TV_Comprehensive","PopValues","SeasonalityCurves","Cadres_Comprehensive","Comprehensive","Oromia",NA
"149","DHS1911","Comprehensive",2027,48,"FH_hrs",0,0,0,0,0,48,32,5000,TRUE,TRUE,TRUE,TRUE,"TV_Comprehensive","PopValues","SeasonalityCurves","Cadres_Comprehensive","Comprehensive","Oromia",NA
"150","DHS1911","Comprehensive",2027,48,"HEW_hrs",212.886300000001,222.507375000001,228.156135000001,233.006500000001,242.687725000002,48,32,5000,TRUE,TRUE,TRUE,TRUE,"TV_Comprehensive","PopValues","SeasonalityCurves","Cadres_Comprehensive","Comprehensive","Oromia",NA
"151","DHS1911","Comprehensive",2027,48,"HO_hrs",212.886300000001,222.507375000001,228.156135000001,233.006500000001,242.687725000002,48,32,5000,TRUE,TRUE,TRUE,TRUE,"TV_Comprehensive","PopValues","SeasonalityCurves","Cadres_Comprehensive","Comprehensive","Oromia",NA
"152","DHS1911","Comprehensive",2027,48,"MW_hrs",212.886300000001,222.507375000001,228.156135000001,233.006500000001,242.687725000002,48,32,5000,TRUE,TRUE,TRUE,TRUE,"TV_Comprehensive","PopValues","SeasonalityCurves","Cadres_Comprehensive","Comprehensive","Oromia",NA
"153","DHS1911","Comprehensive",2027,48,"RN_hrs",0,0,0,0,0,48,32,5000,TRUE,TRUE,TRUE,TRUE,"TV_Comprehensive","PopValues","SeasonalityCurves","Cadres_Comprehensive","Comprehensive","Oromia",NA
"154","DHS1911","Comprehensive",2027,48,"UN_hrs",212.886300000001,222.507375000001,228.156135000001,233.006500000001,242.687725000002,48,32,5000,TRUE,TRUE,TRUE,TRUE,"TV_Comprehensive","PopValues","SeasonalityCurves","Cadres_Comprehensive","Comprehensive","Oromia",NA
"155","DHS1911","Comprehensive",2028,48,"EH_hrs",0,0,0,0,0,48,32,5000,TRUE,TRUE,TRUE,TRUE,"TV_Comprehensive","PopValues","SeasonalityCurves","Cadres_Comprehensive","Comprehensive","Oromia",NA
"156","DHS1911","Comprehensive",2028,48,"FH_hrs",0,0,0,0,0,48,32,5000,TRUE,TRUE,TRUE,TRUE,"TV_Comprehensive","PopValues","SeasonalityCurves","Cadres_Comprehensive","Comprehensive","Oromia",NA
"157","DHS1911","Comprehensive",2028,48,"HEW_hrs",214.690375000001,224.042125000001,230.514740000001,236.593000000001,247.379625000001,48,32,5000,TRUE,TRUE,TRUE,TRUE,"TV_Comprehensive","PopValues","SeasonalityCurves","Cadres_Comprehensive","Comprehensive","Oromia",NA
"158","DHS1911","Comprehensive",2028,48,"HO_hrs",214.690375000001,224.042125000001,230.514740000001,236.593000000001,247.379625000001,48,32,5000,TRUE,TRUE,TRUE,TRUE,"TV_Comprehensive","PopValues","SeasonalityCurves","Cadres_Comprehensive","Comprehensive","Oromia",NA
"159","DHS1911","Comprehensive",2028,48,"MW_hrs",214.690375000001,224.042125000001,230.514740000001,236.593000000001,247.379625000001,48,32,5000,TRUE,TRUE,TRUE,TRUE,"TV_Comprehensive","PopValues","SeasonalityCurves","Cadres_Comprehensive","Comprehensive","Oromia",NA
"160","DHS1911","Comprehensive",2028,48,"RN_hrs",0,0,0,0,0,48,32,5000,TRUE,TRUE,TRUE,TRUE,"TV_Comprehensive","PopValues","SeasonalityCurves","Cadres_Comprehensive","Comprehensive","Oromia",NA
"161","DHS1911","Comprehensive",2028,48,"UN_hrs",214.690375000001,224.042125000001,230.514740000001,236.593000000001,247.379625000001,48,32,5000,TRUE,TRUE,TRUE,TRUE,"TV_Comprehensive","PopValues","SeasonalityCurves","Cadres_Comprehensive","Comprehensive","Oromia",NA
"162","DHS1911","Comprehensive",2029,48,"EH_hrs",0,0,0,0,0,48,32,5000,TRUE,TRUE,TRUE,TRUE,"TV_Comprehensive","PopValues","SeasonalityCurves","Cadres_Comprehensive","Comprehensive","Oromia",NA
"163","DHS1911","Comprehensive",2029,48,"FH_hrs",0,0,0,0,0,48,32,5000,TRUE,TRUE,TRUE,TRUE,"TV_Comprehensive","PopValues","SeasonalityCurves","Cadres_Comprehensive","Comprehensive","Oromia",NA
"164","DHS1911","Comprehensive",2029,48,"HEW_hrs",215.446275000001,225.616875000001,232.990645000001,240.706125000001,252.924925000001,48,32,5000,TRUE,TRUE,TRUE,TRUE,"TV_Comprehensive","PopValues","SeasonalityCurves","Cadres_Comprehensive","Comprehensive","Oromia",NA
"165","DHS1911","Comprehensive",2029,48,"HO_hrs",215.446275000001,225.616875000001,232.990645000001,240.706125000001,252.924925000001,48,32,5000,TRUE,TRUE,TRUE,TRUE,"TV_Comprehensive","PopValues","SeasonalityCurves","Cadres_Comprehensive","Comprehensive","Oromia",NA
"166","DHS1911","Comprehensive",2029,48,"MW_hrs",215.446275000001,225.616875000001,232.990645000001,240.706125000001,252.924925000001,48,32,5000,TRUE,TRUE,TRUE,TRUE,"TV_Comprehensive","PopValues","SeasonalityCurves","Cadres_Comprehensive","Comprehensive","Oromia",NA
"167","DHS1911","Comprehensive",2029,48,"RN_hrs",0,0,0,0,0,48,32,5000,TRUE,TRUE,TRUE,TRUE,"TV_Comprehensive","PopValues","SeasonalityCurves","Cadres_Comprehensive","Comprehensive","Oromia",NA
"168","DHS1911","Comprehensive",2029,48,"UN_hrs",215.446275000001,225.616875000001,232.990645000001,240.706125000001,252.924925000001,48,32,5000,TRUE,TRUE,TRUE,TRUE,"TV_Comprehensive","PopValues","SeasonalityCurves","Cadres_Comprehensive","Comprehensive","Oromia",NA
"169","DHS1911","Comprehensive",2030,48,"EH_hrs",217.019700000001,227.733625000001,235.730735000001,243.466000000001,254.881175000001,48,32,5000,TRUE,TRUE,TRUE,TRUE,"TV_Comprehensive","PopValues","SeasonalityCurves","Cadres_Comprehensive","Comprehensive","Oromia",NA
"170","DHS1911","Comprehensive",2030,48,"FH_hrs",217.019700000001,227.733625000001,235.730735000001,243.466000000001,254.881175000001,48,32,5000,TRUE,TRUE,TRUE,TRUE,"TV_Comprehensive","PopValues","SeasonalityCurves","Cadres_Comprehensive","Comprehensive","Oromia",NA
"171","DHS1911","Comprehensive",2030,48,"HEW_hrs",217.019700000001,227.733625000001,235.730735000001,243.466000000001,254.881175000001,48,32,5000,TRUE,TRUE,TRUE,TRUE,"TV_Comprehensive","PopValues","SeasonalityCurves","Cadres_Comprehensive","Comprehensive","Oromia",NA
"172","DHS1911","Comprehensive",2030,48,"HO_hrs",217.019700000001,227.733625000001,235.730735000001,243.466000000001,254.881175000001,48,32,5000,TRUE,TRUE,TRUE,TRUE,"TV_Comprehensive","PopValues","SeasonalityCurves","Cadres_Comprehensive","Comprehensive","Oromia",NA
"173","DHS1911","Comprehensive",2030,48,"MW_hrs",217.019700000001,227.733625000001,235.730735000001,243.466000000001,254.881175000001,48,32,5000,TRUE,TRUE,TRUE,TRUE,"TV_Comprehensive","PopValues","SeasonalityCurves","Cadres_Comprehensive","Comprehensive","Oromia",NA
"174","DHS1911","Comprehensive",2030,48,"RN_hrs",217.019700000001,227.733625000001,235.730735000001,243.466000000001,254.881175000001,48,32,5000,TRUE,TRUE,TRUE,TRUE,"TV_Comprehensive","PopValues","SeasonalityCurves","Cadres_Comprehensive","Comprehensive","Oromia",NA
"175","DHS1911","Comprehensive",2030,48,"UN_hrs",217.019700000001,227.733625000001,235.730735000001,243.466000000001,254.881175000001,48,32,5000,TRUE,TRUE,TRUE,TRUE,"TV_Comprehensive","PopValues","SeasonalityCurves","Cadres_Comprehensive","Comprehensive","Oromia",NA
"176","DHS1911","Comprehensive",2031,48,"EH_hrs",220.166375000001,230.046000000001,238.467745000001,247.047875000001,258.653525000002,48,32,5000,TRUE,TRUE,TRUE,TRUE,"TV_Comprehensive","PopValues","SeasonalityCurves","Cadres_Comprehensive","Comprehensive","Oromia",NA
"177","DHS1911","Comprehensive",2031,48,"FH_hrs",220.166375000001,230.046000000001,238.467745000001,247.047875000001,258.653525000002,48,32,5000,TRUE,TRUE,TRUE,TRUE,"TV_Comprehensive","PopValues","SeasonalityCurves","Cadres_Comprehensive","Comprehensive","Oromia",NA
"178","DHS1911","Comprehensive",2031,48,"HEW_hrs",220.166375000001,230.046000000001,238.467745000001,247.047875000001,258.653525000002,48,32,5000,TRUE,TRUE,TRUE,TRUE,"TV_Comprehensive","PopValues","SeasonalityCurves","Cadres_Comprehensive","Comprehensive","Oromia",NA
"179","DHS1911","Comprehensive",2031,48,"HO_hrs",220.166375000001,230.046000000001,238.467745000001,247.047875000001,258.653525000002,48,32,5000,TRUE,TRUE,TRUE,TRUE,"TV_Comprehensive","PopValues","SeasonalityCurves","Cadres_Comprehensive","Comprehensive","Oromia",NA
"180","DHS1911","Comprehensive",2031,48,"MW_hrs",220.166375000001,230.046000000001,238.467745000001,247.047875000001,258.653525000002,48,32,5000,TRUE,TRUE,TRUE,TRUE,"TV_Comprehensive","PopValues","SeasonalityCurves","Cadres_Comprehensive","Comprehensive","Oromia",NA
"181","DHS1911","Comprehensive",2031,48,"RN_hrs",220.166375000001,230.046000000001,238.467745000001,247.047875000001,258.653525000002,48,32,5000,TRUE,TRUE,TRUE,TRUE,"TV_Comprehensive","PopValues","SeasonalityCurves","Cadres_Comprehensive","Comprehensive","Oromia",NA
"182","DHS1911","Comprehensive",2031,48,"UN_hrs",220.166375000001,230.046000000001,238.467745000001,247.047875000001,258.653525000002,48,32,5000,TRUE,TRUE,TRUE,TRUE,"TV_Comprehensive","PopValues","SeasonalityCurves","Cadres_Comprehensive","Comprehensive","Oromia",NA
"183","DHS1911","Comprehensive",2032,48,"EH_hrs",220.662075000002,233.338000000001,241.583510000001,250.150250000001,263.557025000002,48,32,5000,TRUE,TRUE,TRUE,TRUE,"TV_Comprehensive","PopValues","SeasonalityCurves","Cadres_Comprehensive","Comprehensive","Oromia",NA
"184","DHS1911","Comprehensive",2032,48,"FH_hrs",220.662075000002,233.338000000001,241.583510000001,250.150250000001,263.557025000002,48,32,5000,TRUE,TRUE,TRUE,TRUE,"TV_Comprehensive","PopValues","SeasonalityCurves","Cadres_Comprehensive","Comprehensive","Oromia",NA
"185","DHS1911","Comprehensive",2032,48,"HEW_hrs",220.662075000002,233.338000000001,241.583510000001,250.150250000001,263.557025000002,48,32,5000,TRUE,TRUE,TRUE,TRUE,"TV_Comprehensive","PopValues","SeasonalityCurves","Cadres_Comprehensive","Comprehensive","Oromia",NA
"186","DHS1911","Comprehensive",2032,48,"HO_hrs",220.662075000002,233.338000000001,241.583510000001,250.150250000001,263.557025000002,48,32,5000,TRUE,TRUE,TRUE,TRUE,"TV_Comprehensive","PopValues","SeasonalityCurves","Cadres_Comprehensive","Comprehensive","Oromia",NA
"187","DHS1911","Comprehensive",2032,48,"MW_hrs",220.662075000002,233.338000000001,241.583510000001,250.150250000001,263.557025000002,48,32,5000,TRUE,TRUE,TRUE,TRUE,"TV_Comprehensive","PopValues","SeasonalityCurves","Cadres_Comprehensive","Comprehensive","Oromia",NA
"188","DHS1911","Comprehensive",2032,48,"RN_hrs",220.662075000002,233.338000000001,241.583510000001,250.150250000001,263.557025000002,48,32,5000,TRUE,TRUE,TRUE,TRUE,"TV_Comprehensive","PopValues","SeasonalityCurves","Cadres_Comprehensive","Comprehensive","Oromia",NA
"189","DHS1911","Comprehensive",2032,48,"UN_hrs",220.662075000002,233.338000000001,241.583510000001,250.150250000001,263.557025000002,48,32,5000,TRUE,TRUE,TRUE,TRUE,"TV_Comprehensive","PopValues","SeasonalityCurves","Cadres_Comprehensive","Comprehensive","Oromia",NA
"190","DHS1911","Comprehensive",2033,48,"EH_hrs",221.368275000002,235.660500000001,244.445140000001,253.544750000001,268.442050000001,48,32,5000,TRUE,TRUE,TRUE,TRUE,"TV_Comprehensive","PopValues","SeasonalityCurves","Cadres_Comprehensive","Comprehensive","Oromia",NA
"191","DHS1911","Comprehensive",2033,48,"FH_hrs",221.368275000002,235.660500000001,244.445140000001,253.544750000001,268.442050000001,48,32,5000,TRUE,TRUE,TRUE,TRUE,"TV_Comprehensive","PopValues","SeasonalityCurves","Cadres_Comprehensive","Comprehensive","Oromia",NA
"192","DHS1911","Comprehensive",2033,48,"HEW_hrs",221.368275000002,235.660500000001,244.445140000001,253.544750000001,268.442050000001,48,32,5000,TRUE,TRUE,TRUE,TRUE,"TV_Comprehensive","PopValues","SeasonalityCurves","Cadres_Comprehensive","Comprehensive","Oromia",NA
"193","DHS1911","Comprehensive",2033,48,"HO_hrs",221.368275000002,235.660500000001,244.445140000001,253.544750000001,268.442050000001,48,32,5000,TRUE,TRUE,TRUE,TRUE,"TV_Comprehensive","PopValues","SeasonalityCurves","Cadres_Comprehensive","Comprehensive","Oromia",NA
"194","DHS1911","Comprehensive",2033,48,"MW_hrs",221.368275000002,235.660500000001,244.445140000001,253.544750000001,268.442050000001,48,32,5000,TRUE,TRUE,TRUE,TRUE,"TV_Comprehensive","PopValues","SeasonalityCurves","Cadres_Comprehensive","Comprehensive","Oromia",NA
"195","DHS1911","Comprehensive",2033,48,"RN_hrs",221.368275000002,235.660500000001,244.445140000001,253.544750000001,268.442050000001,48,32,5000,TRUE,TRUE,TRUE,TRUE,"TV_Comprehensive","PopValues","SeasonalityCurves","Cadres_Comprehensive","Comprehensive","Oromia",NA
"196","DHS1911","Comprehensive",2033,48,"UN_hrs",221.368275000002,235.660500000001,244.445140000001,253.544750000001,268.442050000001,48,32,5000,TRUE,TRUE,TRUE,TRUE,"TV_Comprehensive","PopValues","SeasonalityCurves","Cadres_Comprehensive","Comprehensive","Oromia",NA
"197","DHS1911","Comprehensive",2034,48,"EH_hrs",224.500525000001,237.329250000001,247.486385000001,257.188500000001,272.468550000001,48,32,5000,TRUE,TRUE,TRUE,TRUE,"TV_Comprehensive","PopValues","SeasonalityCurves","Cadres_Comprehensive","Comprehensive","Oromia",NA
"198","DHS1911","Comprehensive",2034,48,"FH_hrs",224.500525000001,237.329250000001,247.486385000001,257.188500000001,272.468550000001,48,32,5000,TRUE,TRUE,TRUE,TRUE,"TV_Comprehensive","PopValues","SeasonalityCurves","Cadres_Comprehensive","Comprehensive","Oromia",NA
"199","DHS1911","Comprehensive",2034,48,"HEW_hrs",224.500525000001,237.329250000001,247.486385000001,257.188500000001,272.468550000001,48,32,5000,TRUE,TRUE,TRUE,TRUE,"TV_Comprehensive","PopValues","SeasonalityCurves","Cadres_Comprehensive","Comprehensive","Oromia",NA
"200","DHS1911","Comprehensive",2034,48,"HO_hrs",224.500525000001,237.329250000001,247.486385000001,257.188500000001,272.468550000001,48,32,5000,TRUE,TRUE,TRUE,TRUE,"TV_Comprehensive","PopValues","SeasonalityCurves","Cadres_Comprehensive","Comprehensive","Oromia",NA
"201","DHS1911","Comprehensive",2034,48,"MW_hrs",224.500525000001,237.329250000001,247.486385000001,257.188500000001,272.468550000001,48,32,5000,TRUE,TRUE,TRUE,TRUE,"TV_Comprehensive","PopValues","SeasonalityCurves","Cadres_Comprehensive","Comprehensive","Oromia",NA
"202","DHS1911","Comprehensive",2034,48,"RN_hrs",224.500525000001,237.329250000001,247.486385000001,257.188500000001,272.468550000001,48,32,5000,TRUE,TRUE,TRUE,TRUE,"TV_Comprehensive","PopValues","SeasonalityCurves","Cadres_Comprehensive","Comprehensive","Oromia",NA
"203","DHS1911","Comprehensive",2034,48,"UN_hrs",224.500525000001,237.329250000001,247.486385000001,257.188500000001,272.468550000001,48,32,5000,TRUE,TRUE,TRUE,TRUE,"TV_Comprehensive","PopValues","SeasonalityCurves","Cadres_Comprehensive","Comprehensive","Oromia",NA
"204","DHS1911","Comprehensive",2035,48,"EH_hrs",223.857675000001,241.403000000002,250.642350000001,260.139375000001,276.862175,48,32,5000,TRUE,TRUE,TRUE,TRUE,"TV_Comprehensive","PopValues","SeasonalityCurves","Cadres_Comprehensive","Comprehensive","Oromia",NA
"205","DHS1911","Comprehensive",2035,48,"FH_hrs",223.857675000001,241.403000000002,250.642350000001,260.139375000001,276.862175,48,32,5000,TRUE,TRUE,TRUE,TRUE,"TV_Comprehensive","PopValues","SeasonalityCurves","Cadres_Comprehensive","Comprehensive","Oromia",NA
"206","DHS1911","Comprehensive",2035,48,"HEW_hrs",0,0,0,0,0,48,32,5000,TRUE,TRUE,TRUE,TRUE,"TV_Comprehensive","PopValues","SeasonalityCurves","Cadres_Comprehensive","Comprehensive","Oromia",NA
"207","DHS1911","Comprehensive",2035,48,"HO_hrs",223.857675000001,241.403000000002,250.642350000001,260.139375000001,276.862175,48,32,5000,TRUE,TRUE,TRUE,TRUE,"TV_Comprehensive","PopValues","SeasonalityCurves","Cadres_Comprehensive","Comprehensive","Oromia",NA
"208","DHS1911","Comprehensive",2035,48,"MW_hrs",223.857675000001,241.403000000002,250.642350000001,260.139375000001,276.862175,48,32,5000,TRUE,TRUE,TRUE,TRUE,"TV_Comprehensive","PopValues","SeasonalityCurves","Cadres_Comprehensive","Comprehensive","Oromia",NA
"209","DHS1911","Comprehensive",2035,48,"RN_hrs",223.857675000001,241.403000000002,250.642350000001,260.139375000001,276.862175,48,32,5000,TRUE,TRUE,TRUE,TRUE,"TV_Comprehensive","PopValues","SeasonalityCurves","Cadres_Comprehensive","Comprehensive","Oromia",NA
"210","DHS1911","Comprehensive",2035,48,"UN_hrs",223.857675000001,241.403000000002,250.642350000001,260.139375000001,276.862175,48,32,5000,TRUE,TRUE,TRUE,TRUE,"TV_Comprehensive","PopValues","SeasonalityCurves","Cadres_Comprehensive","Comprehensive","Oromia",NA
"211","flatminus","Comprehensive",2021,48,"EH_hrs",0,0,0,0,0,48,32,5000,TRUE,TRUE,TRUE,TRUE,"TV_Comprehensive","PopValues_flatminus","SeasonalityCurves","Cadres_Comprehensive","Comprehensive","Oromia",NA
"212","flatminus","Comprehensive",2021,48,"FH_hrs",0,0,0,0,0,48,32,5000,TRUE,TRUE,TRUE,TRUE,"TV_Comprehensive","PopValues_flatminus","SeasonalityCurves","Cadres_Comprehensive","Comprehensive","Oromia",NA
"213","flatminus","Comprehensive",2021,48,"HEW_hrs",202.182925000001,206.009500000001,208.465275000001,210.812250000001,215.223175000001,48,32,5000,TRUE,TRUE,TRUE,TRUE,"TV_Comprehensive","PopValues_flatminus","SeasonalityCurves","Cadres_Comprehensive","Comprehensive","Oromia",NA
"214","flatminus","Comprehensive",2021,48,"HO_hrs",0,0,0,0,0,48,32,5000,TRUE,TRUE,TRUE,TRUE,"TV_Comprehensive","PopValues_flatminus","SeasonalityCurves","Cadres_Comprehensive","Comprehensive","Oromia",NA
"215","flatminus","Comprehensive",2021,48,"MW_hrs",0,0,0,0,0,48,32,5000,TRUE,TRUE,TRUE,TRUE,"TV_Comprehensive","PopValues_flatminus","SeasonalityCurves","Cadres_Comprehensive","Comprehensive","Oromia",NA
"216","flatminus","Comprehensive",2021,48,"RN_hrs",0,0,0,0,0,48,32,5000,TRUE,TRUE,TRUE,TRUE,"TV_Comprehensive","PopValues_flatminus","SeasonalityCurves","Cadres_Comprehensive","Comprehensive","Oromia",NA
"217","flatminus","Comprehensive",2021,48,"UN_hrs",202.182925000001,206.009500000001,208.465275000001,210.812250000001,215.223175000001,48,32,5000,TRUE,TRUE,TRUE,TRUE,"TV_Comprehensive","PopValues_flatminus","SeasonalityCurves","Cadres_Comprehensive","Comprehensive","Oromia",NA
"218","flatminus","Comprehensive",2022,48,"EH_hrs",0,0,0,0,0,48,32,5000,TRUE,TRUE,TRUE,TRUE,"TV_Comprehensive","PopValues_flatminus","SeasonalityCurves","Cadres_Comprehensive","Comprehensive","Oromia",NA
"219","flatminus","Comprehensive",2022,48,"FH_hrs",0,0,0,0,0,48,32,5000,TRUE,TRUE,TRUE,TRUE,"TV_Comprehensive","PopValues_flatminus","SeasonalityCurves","Cadres_Comprehensive","Comprehensive","Oromia",NA
"220","flatminus","Comprehensive",2022,48,"HEW_hrs",201.571500000001,206.574125000001,209.851280000001,213.656125000001,217.951225000001,48,32,5000,TRUE,TRUE,TRUE,TRUE,"TV_Comprehensive","PopValues_flatminus","SeasonalityCurves","Cadres_Comprehensive","Comprehensive","Oromia",NA
"221","flatminus","Comprehensive",2022,48,"HO_hrs",0,0,0,0,0,48,32,5000,TRUE,TRUE,TRUE,TRUE,"TV_Comprehensive","PopValues_flatminus","SeasonalityCurves","Cadres_Comprehensive","Comprehensive","Oromia",NA
"222","flatminus","Comprehensive",2022,48,"MW_hrs",0,0,0,0,0,48,32,5000,TRUE,TRUE,TRUE,TRUE,"TV_Comprehensive","PopValues_flatminus","SeasonalityCurves","Cadres_Comprehensive","Comprehensive","Oromia",NA
"223","flatminus","Comprehensive",2022,48,"RN_hrs",0,0,0,0,0,48,32,5000,TRUE,TRUE,TRUE,TRUE,"TV_Comprehensive","PopValues_flatminus","SeasonalityCurves","Cadres_Comprehensive","Comprehensive","Oromia",NA
"224","flatminus","Comprehensive",2022,48,"UN_hrs",201.571500000001,206.574125000001,209.851280000001,213.656125000001,217.951225000001,48,32,5000,TRUE,TRUE,TRUE,TRUE,"TV_Comprehensive","PopValues_flatminus","SeasonalityCurves","Cadres_Comprehensive","Comprehensive","Oromia",NA
"225","flatminus","Comprehensive",2023,48,"EH_hrs",0,0,0,0,0,48,32,5000,TRUE,TRUE,TRUE,TRUE,"TV_Comprehensive","PopValues_flatminus","SeasonalityCurves","Cadres_Comprehensive","Comprehensive","Oromia",NA
"226","flatminus","Comprehensive",2023,48,"FH_hrs",0,0,0,0,0,48,32,5000,TRUE,TRUE,TRUE,TRUE,"TV_Comprehensive","PopValues_flatminus","SeasonalityCurves","Cadres_Comprehensive","Comprehensive","Oromia",NA
"227","flatminus","Comprehensive",2023,48,"HEW_hrs",202.324875000001,207.145125000001,211.430655000001,215.591375000001,219.659050000001,48,32,5000,TRUE,TRUE,TRUE,TRUE,"TV_Comprehensive","PopValues_flatminus","SeasonalityCurves","Cadres_Comprehensive","Comprehensive","Oromia",NA
"228","flatminus","Comprehensive",2023,48,"HO_hrs",0,0,0,0,0,48,32,5000,TRUE,TRUE,TRUE,TRUE,"TV_Comprehensive","PopValues_flatminus","SeasonalityCurves","Cadres_Comprehensive","Comprehensive","Oromia",NA
"229","flatminus","Comprehensive",2023,48,"MW_hrs",0,0,0,0,0,48,32,5000,TRUE,TRUE,TRUE,TRUE,"TV_Comprehensive","PopValues_flatminus","SeasonalityCurves","Cadres_Comprehensive","Comprehensive","Oromia",NA
"230","flatminus","Comprehensive",2023,48,"RN_hrs",0,0,0,0,0,48,32,5000,TRUE,TRUE,TRUE,TRUE,"TV_Comprehensive","PopValues_flatminus","SeasonalityCurves","Cadres_Comprehensive","Comprehensive","Oromia",NA
"231","flatminus","Comprehensive",2023,48,"UN_hrs",202.324875000001,207.145125000001,211.430655000001,215.591375000001,219.659050000001,48,32,5000,TRUE,TRUE,TRUE,TRUE,"TV_Comprehensive","PopValues_flatminus","SeasonalityCurves","Cadres_Comprehensive","Comprehensive","Oromia",NA
"232","flatminus","Comprehensive",2024,48,"EH_hrs",0,0,0,0,0,48,32,5000,TRUE,TRUE,TRUE,TRUE,"TV_Comprehensive","PopValues_flatminus","SeasonalityCurves","Cadres_Comprehensive","Comprehensive","Oromia",NA
"233","flatminus","Comprehensive",2024,48,"FH_hrs",0,0,0,0,0,48,32,5000,TRUE,TRUE,TRUE,TRUE,"TV_Comprehensive","PopValues_flatminus","SeasonalityCurves","Cadres_Comprehensive","Comprehensive","Oromia",NA
"234","flatminus","Comprehensive",2024,48,"HEW_hrs",202.095950000001,208.373500000001,213.356225000001,217.420375000001,223.710600000001,48,32,5000,TRUE,TRUE,TRUE,TRUE,"TV_Comprehensive","PopValues_flatminus","SeasonalityCurves","Cadres_Comprehensive","Comprehensive","Oromia",NA
"235","flatminus","Comprehensive",2024,48,"HO_hrs",0,0,0,0,0,48,32,5000,TRUE,TRUE,TRUE,TRUE,"TV_Comprehensive","PopValues_flatminus","SeasonalityCurves","Cadres_Comprehensive","Comprehensive","Oromia",NA
"236","flatminus","Comprehensive",2024,48,"MW_hrs",0,0,0,0,0,48,32,5000,TRUE,TRUE,TRUE,TRUE,"TV_Comprehensive","PopValues_flatminus","SeasonalityCurves","Cadres_Comprehensive","Comprehensive","Oromia",NA
"237","flatminus","Comprehensive",2024,48,"RN_hrs",0,0,0,0,0,48,32,5000,TRUE,TRUE,TRUE,TRUE,"TV_Comprehensive","PopValues_flatminus","SeasonalityCurves","Cadres_Comprehensive","Comprehensive","Oromia",NA
"238","flatminus","Comprehensive",2024,48,"UN_hrs",202.095950000001,208.373500000001,213.356225000001,217.420375000001,223.710600000001,48,32,5000,TRUE,TRUE,TRUE,TRUE,"TV_Comprehensive","PopValues_flatminus","SeasonalityCurves","Cadres_Comprehensive","Comprehensive","Oromia",NA
"239","flatminus","Comprehensive",2025,48,"EH_hrs",0,0,0,0,0,48,32,5000,TRUE,TRUE,TRUE,TRUE,"TV_Comprehensive","PopValues_flatminus","SeasonalityCurves","Cadres_Comprehensive","Comprehensive","Oromia",NA
"240","flatminus","Comprehensive",2025,48,"FH_hrs",0,0,0,0,0,48,32,5000,TRUE,TRUE,TRUE,TRUE,"TV_Comprehensive","PopValues_flatminus","SeasonalityCurves","Cadres_Comprehensive","Comprehensive","Oromia",NA
"241","flatminus","Comprehensive",2025,48,"HEW_hrs",214.951850000001,223.592125000001,228.549620000001,233.845500000001,241.397025000001,48,32,5000,TRUE,TRUE,TRUE,TRUE,"TV_Comprehensive","PopValues_flatminus","SeasonalityCurves","Cadres_Comprehensive","Comprehensive","Oromia",NA
"242","flatminus","Comprehensive",2025,48,"HO_hrs",214.951850000001,223.592125000001,228.549620000001,233.845500000001,241.397025000001,48,32,5000,TRUE,TRUE,TRUE,TRUE,"TV_Comprehensive","PopValues_flatminus","SeasonalityCurves","Cadres_Comprehensive","Comprehensive","Oromia",NA
"243","flatminus","Comprehensive",2025,48,"MW_hrs",214.951850000001,223.592125000001,228.549620000001,233.845500000001,241.397025000001,48,32,5000,TRUE,TRUE,TRUE,TRUE,"TV_Comprehensive","PopValues_flatminus","SeasonalityCurves","Cadres_Comprehensive","Comprehensive","Oromia",NA
"244","flatminus","Comprehensive",2025,48,"RN_hrs",0,0,0,0,0,48,32,5000,TRUE,TRUE,TRUE,TRUE,"TV_Comprehensive","PopValues_flatminus","SeasonalityCurves","Cadres_Comprehensive","Comprehensive","Oromia",NA
"245","flatminus","Comprehensive",2025,48,"UN_hrs",214.951850000001,223.592125000001,228.549620000001,233.845500000001,241.397025000001,48,32,5000,TRUE,TRUE,TRUE,TRUE,"TV_Comprehensive","PopValues_flatminus","SeasonalityCurves","Cadres_Comprehensive","Comprehensive","Oromia",NA
"246","flatminus","Comprehensive",2026,48,"EH_hrs",0,0,0,0,0,48,32,5000,TRUE,TRUE,TRUE,TRUE,"TV_Comprehensive","PopValues_flatminus","SeasonalityCurves","Cadres_Comprehensive","Comprehensive","Oromia",NA
"247","flatminus","Comprehensive",2026,48,"FH_hrs",0,0,0,0,0,48,32,5000,TRUE,TRUE,TRUE,TRUE,"TV_Comprehensive","PopValues_flatminus","SeasonalityCurves","Cadres_Comprehensive","Comprehensive","Oromia",NA
"248","flatminus","Comprehensive",2026,48,"HEW_hrs",216.781375000001,226.922000000001,232.221640000001,238.137875000001,246.884750000001,48,32,5000,TRUE,TRUE,TRUE,TRUE,"TV_Comprehensive","PopValues_flatminus","SeasonalityCurves","Cadres_Comprehensive","Comprehensive","Oromia",NA
"249","flatminus","Comprehensive",2026,48,"HO_hrs",216.781375000001,226.922000000001,232.221640000001,238.137875000001,246.884750000001,48,32,5000,TRUE,TRUE,TRUE,TRUE,"TV_Comprehensive","PopValues_flatminus","SeasonalityCurves","Cadres_Comprehensive","Comprehensive","Oromia",NA
"250","flatminus","Comprehensive",2026,48,"MW_hrs",216.781375000001,226.922000000001,232.221640000001,238.137875000001,246.884750000001,48,32,5000,TRUE,TRUE,TRUE,TRUE,"TV_Comprehensive","PopValues_flatminus","SeasonalityCurves","Cadres_Comprehensive","Comprehensive","Oromia",NA
"251","flatminus","Comprehensive",2026,48,"RN_hrs",0,0,0,0,0,48,32,5000,TRUE,TRUE,TRUE,TRUE,"TV_Comprehensive","PopValues_flatminus","SeasonalityCurves","Cadres_Comprehensive","Comprehensive","Oromia",NA
"252","flatminus","Comprehensive",2026,48,"UN_hrs",216.781375000001,226.922000000001,232.221640000001,238.137875000001,246.884750000001,48,32,5000,TRUE,TRUE,TRUE,TRUE,"TV_Comprehensive","PopValues_flatminus","SeasonalityCurves","Cadres_Comprehensive","Comprehensive","Oromia",NA
"253","flatminus","Comprehensive",2027,48,"EH_hrs",0,0,0,0,0,48,32,5000,TRUE,TRUE,TRUE,TRUE,"TV_Comprehensive","PopValues_flatminus","SeasonalityCurves","Cadres_Comprehensive","Comprehensive","Oromia",NA
"254","flatminus","Comprehensive",2027,48,"FH_hrs",0,0,0,0,0,48,32,5000,TRUE,TRUE,TRUE,TRUE,"TV_Comprehensive","PopValues_flatminus","SeasonalityCurves","Cadres_Comprehensive","Comprehensive","Oromia",NA
"255","flatminus","Comprehensive",2027,48,"HEW_hrs",220.577400000002,229.890375000001,236.048145000001,241.377000000001,251.918100000001,48,32,5000,TRUE,TRUE,TRUE,TRUE,"TV_Comprehensive","PopValues_flatminus","SeasonalityCurves","Cadres_Comprehensive","Comprehensive","Oromia",NA
"256","flatminus","Comprehensive",2027,48,"HO_hrs",220.577400000002,229.890375000001,236.048145000001,241.377000000001,251.918100000001,48,32,5000,TRUE,TRUE,TRUE,TRUE,"TV_Comprehensive","PopValues_flatminus","SeasonalityCurves","Cadres_Comprehensive","Comprehensive","Oromia",NA
"257","flatminus","Comprehensive",2027,48,"MW_hrs",220.577400000002,229.890375000001,236.048145000001,241.377000000001,251.918100000001,48,32,5000,TRUE,TRUE,TRUE,TRUE,"TV_Comprehensive","PopValues_flatminus","SeasonalityCurves","Cadres_Comprehensive","Comprehensive","Oromia",NA
"258","flatminus","Comprehensive",2027,48,"RN_hrs",0,0,0,0,0,48,32,5000,TRUE,TRUE,TRUE,TRUE,"TV_Comprehensive","PopValues_flatminus","SeasonalityCurves","Cadres_Comprehensive","Comprehensive","Oromia",NA
"259","flatminus","Comprehensive",2027,48,"UN_hrs",220.577400000002,229.890375000001,236.048145000001,241.377000000001,251.918100000001,48,32,5000,TRUE,TRUE,TRUE,TRUE,"TV_Comprehensive","PopValues_flatminus","SeasonalityCurves","Cadres_Comprehensive","Comprehensive","Oromia",NA
"260","flatminus","Comprehensive",2028,48,"EH_hrs",0,0,0,0,0,48,32,5000,TRUE,TRUE,TRUE,TRUE,"TV_Comprehensive","PopValues_flatminus","SeasonalityCurves","Cadres_Comprehensive","Comprehensive","Oromia",NA
"261","flatminus","Comprehensive",2028,48,"FH_hrs",0,0,0,0,0,48,32,5000,TRUE,TRUE,TRUE,TRUE,"TV_Comprehensive","PopValues_flatminus","SeasonalityCurves","Cadres_Comprehensive","Comprehensive","Oromia",NA
"262","flatminus","Comprehensive",2028,48,"HEW_hrs",224.186750000002,232.609000000001,239.861505000001,246.250000000001,257.035125000001,48,32,5000,TRUE,TRUE,TRUE,TRUE,"TV_Comprehensive","PopValues_flatminus","SeasonalityCurves","Cadres_Comprehensive","Comprehensive","Oromia",NA
"263","flatminus","Comprehensive",2028,48,"HO_hrs",224.186750000002,232.609000000001,239.861505000001,246.250000000001,257.035125000001,48,32,5000,TRUE,TRUE,TRUE,TRUE,"TV_Comprehensive","PopValues_flatminus","SeasonalityCurves","Cadres_Comprehensive","Comprehensive","Oromia",NA
"264","flatminus","Comprehensive",2028,48,"MW_hrs",224.186750000002,232.609000000001,239.861505000001,246.250000000001,257.035125000001,48,32,5000,TRUE,TRUE,TRUE,TRUE,"TV_Comprehensive","PopValues_flatminus","SeasonalityCurves","Cadres_Comprehensive","Comprehensive","Oromia",NA
"265","flatminus","Comprehensive",2028,48,"RN_hrs",0,0,0,0,0,48,32,5000,TRUE,TRUE,TRUE,TRUE,"TV_Comprehensive","PopValues_flatminus","SeasonalityCurves","Cadres_Comprehensive","Comprehensive","Oromia",NA
"266","flatminus","Comprehensive",2028,48,"UN_hrs",224.186750000002,232.609000000001,239.861505000001,246.250000000001,257.035125000001,48,32,5000,TRUE,TRUE,TRUE,TRUE,"TV_Comprehensive","PopValues_flatminus","SeasonalityCurves","Cadres_Comprehensive","Comprehensive","Oromia",NA
"267","flatminus","Comprehensive",2029,48,"EH_hrs",0,0,0,0,0,48,32,5000,TRUE,TRUE,TRUE,TRUE,"TV_Comprehensive","PopValues_flatminus","SeasonalityCurves","Cadres_Comprehensive","Comprehensive","Oromia",NA
"268","flatminus","Comprehensive",2029,48,"FH_hrs",0,0,0,0,0,48,32,5000,TRUE,TRUE,TRUE,TRUE,"TV_Comprehensive","PopValues_flatminus","SeasonalityCurves","Cadres_Comprehensive","Comprehensive","Oromia",NA
"269","flatminus","Comprehensive",2029,48,"HEW_hrs",225.965775000001,236.368250000002,244.001120000001,251.399250000002,263.949750000001,48,32,5000,TRUE,TRUE,TRUE,TRUE,"TV_Comprehensive","PopValues_flatminus","SeasonalityCurves","Cadres_Comprehensive","Comprehensive","Oromia",NA
"270","flatminus","Comprehensive",2029,48,"HO_hrs",225.965775000001,236.368250000002,244.001120000001,251.399250000002,263.949750000001,48,32,5000,TRUE,TRUE,TRUE,TRUE,"TV_Comprehensive","PopValues_flatminus","SeasonalityCurves","Cadres_Comprehensive","Comprehensive","Oromia",NA
"271","flatminus","Comprehensive",2029,48,"MW_hrs",225.965775000001,236.368250000002,244.001120000001,251.399250000002,263.949750000001,48,32,5000,TRUE,TRUE,TRUE,TRUE,"TV_Comprehensive","PopValues_flatminus","SeasonalityCurves","Cadres_Comprehensive","Comprehensive","Oromia",NA
"272","flatminus","Comprehensive",2029,48,"RN_hrs",0,0,0,0,0,48,32,5000,TRUE,TRUE,TRUE,TRUE,"TV_Comprehensive","PopValues_flatminus","SeasonalityCurves","Cadres_Comprehensive","Comprehensive","Oromia",NA
"273","flatminus","Comprehensive",2029,48,"UN_hrs",225.965775000001,236.368250000002,244.001120000001,251.399250000002,263.949750000001,48,32,5000,TRUE,TRUE,TRUE,TRUE,"TV_Comprehensive","PopValues_flatminus","SeasonalityCurves","Cadres_Comprehensive","Comprehensive","Oromia",NA
"274","flatminus","Comprehensive",2030,48,"EH_hrs",228.396825000002,239.722750000001,248.341215000001,255.987750000002,268.591875000001,48,32,5000,TRUE,TRUE,TRUE,TRUE,"TV_Comprehensive","PopValues_flatminus","SeasonalityCurves","Cadres_Comprehensive","Comprehensive","Oromia",NA
"275","flatminus","Comprehensive",2030,48,"FH_hrs",228.396825000002,239.722750000001,248.341215000001,255.987750000002,268.591875000001,48,32,5000,TRUE,TRUE,TRUE,TRUE,"TV_Comprehensive","PopValues_flatminus","SeasonalityCurves","Cadres_Comprehensive","Comprehensive","Oromia",NA
"276","flatminus","Comprehensive",2030,48,"HEW_hrs",228.396825000002,239.722750000001,248.341215000001,255.987750000002,268.591875000001,48,32,5000,TRUE,TRUE,TRUE,TRUE,"TV_Comprehensive","PopValues_flatminus","SeasonalityCurves","Cadres_Comprehensive","Comprehensive","Oromia",NA
"277","flatminus","Comprehensive",2030,48,"HO_hrs",228.396825000002,239.722750000001,248.341215000001,255.987750000002,268.591875000001,48,32,5000,TRUE,TRUE,TRUE,TRUE,"TV_Comprehensive","PopValues_flatminus","SeasonalityCurves","Cadres_Comprehensive","Comprehensive","Oromia",NA
"278","flatminus","Comprehensive",2030,48,"MW_hrs",228.396825000002,239.722750000001,248.341215000001,255.987750000002,268.591875000001,48,32,5000,TRUE,TRUE,TRUE,TRUE,"TV_Comprehensive","PopValues_flatminus","SeasonalityCurves","Cadres_Comprehensive","Comprehensive","Oromia",NA
"279","flatminus","Comprehensive",2030,48,"RN_hrs",228.396825000002,239.722750000001,248.341215000001,255.987750000002,268.591875000001,48,32,5000,TRUE,TRUE,TRUE,TRUE,"TV_Comprehensive","PopValues_flatminus","SeasonalityCurves","Cadres_Comprehensive","Comprehensive","Oromia",NA
"280","flatminus","Comprehensive",2030,48,"UN_hrs",228.396825000002,239.722750000001,248.341215000001,255.987750000002,268.591875000001,48,32,5000,TRUE,TRUE,TRUE,TRUE,"TV_Comprehensive","PopValues_flatminus","SeasonalityCurves","Cadres_Comprehensive","Comprehensive","Oromia",NA
"281","flatminus","Comprehensive",2031,48,"EH_hrs",230.440550000001,244.192500000001,252.701655000001,261.850375000001,275.095975000002,48,32,5000,TRUE,TRUE,TRUE,TRUE,"TV_Comprehensive","PopValues_flatminus","SeasonalityCurves","Cadres_Comprehensive","Comprehensive","Oromia",NA
"282","flatminus","Comprehensive",2031,48,"FH_hrs",230.440550000001,244.192500000001,252.701655000001,261.850375000001,275.095975000002,48,32,5000,TRUE,TRUE,TRUE,TRUE,"TV_Comprehensive","PopValues_flatminus","SeasonalityCurves","Cadres_Comprehensive","Comprehensive","Oromia",NA
"283","flatminus","Comprehensive",2031,48,"HEW_hrs",230.440550000001,244.192500000001,252.701655000001,261.850375000001,275.095975000002,48,32,5000,TRUE,TRUE,TRUE,TRUE,"TV_Comprehensive","PopValues_flatminus","SeasonalityCurves","Cadres_Comprehensive","Comprehensive","Oromia",NA
"284","flatminus","Comprehensive",2031,48,"HO_hrs",230.440550000001,244.192500000001,252.701655000001,261.850375000001,275.095975000002,48,32,5000,TRUE,TRUE,TRUE,TRUE,"TV_Comprehensive","PopValues_flatminus","SeasonalityCurves","Cadres_Comprehensive","Comprehensive","Oromia",NA
"285","flatminus","Comprehensive",2031,48,"MW_hrs",230.440550000001,244.192500000001,252.701655000001,261.850375000001,275.095975000002,48,32,5000,TRUE,TRUE,TRUE,TRUE,"TV_Comprehensive","PopValues_flatminus","SeasonalityCurves","Cadres_Comprehensive","Comprehensive","Oromia",NA
"286","flatminus","Comprehensive",2031,48,"RN_hrs",230.440550000001,244.192500000001,252.701655000001,261.850375000001,275.095975000002,48,32,5000,TRUE,TRUE,TRUE,TRUE,"TV_Comprehensive","PopValues_flatminus","SeasonalityCurves","Cadres_Comprehensive","Comprehensive","Oromia",NA
"287","flatminus","Comprehensive",2031,48,"UN_hrs",230.440550000001,244.192500000001,252.701655000001,261.850375000001,275.095975000002,48,32,5000,TRUE,TRUE,TRUE,TRUE,"TV_Comprehensive","PopValues_flatminus","SeasonalityCurves","Cadres_Comprehensive","Comprehensive","Oromia",NA
"288","flatminus","Comprehensive",2032,48,"EH_hrs",234.554825000001,247.896375000001,257.645185000001,266.781375000001,283.459700000002,48,32,5000,TRUE,TRUE,TRUE,TRUE,"TV_Comprehensive","PopValues_flatminus","SeasonalityCurves","Cadres_Comprehensive","Comprehensive","Oromia",NA
"289","flatminus","Comprehensive",2032,48,"FH_hrs",234.554825000001,247.896375000001,257.645185000001,266.781375000001,283.459700000002,48,32,5000,TRUE,TRUE,TRUE,TRUE,"TV_Comprehensive","PopValues_flatminus","SeasonalityCurves","Cadres_Comprehensive","Comprehensive","Oromia",NA
"290","flatminus","Comprehensive",2032,48,"HEW_hrs",234.554825000001,247.896375000001,257.645185000001,266.781375000001,283.459700000002,48,32,5000,TRUE,TRUE,TRUE,TRUE,"TV_Comprehensive","PopValues_flatminus","SeasonalityCurves","Cadres_Comprehensive","Comprehensive","Oromia",NA
"291","flatminus","Comprehensive",2032,48,"HO_hrs",234.554825000001,247.896375000001,257.645185000001,266.781375000001,283.459700000002,48,32,5000,TRUE,TRUE,TRUE,TRUE,"TV_Comprehensive","PopValues_flatminus","SeasonalityCurves","Cadres_Comprehensive","Comprehensive","Oromia",NA
"292","flatminus","Comprehensive",2032,48,"MW_hrs",234.554825000001,247.896375000001,257.645185000001,266.781375000001,283.459700000002,48,32,5000,TRUE,TRUE,TRUE,TRUE,"TV_Comprehensive","PopValues_flatminus","SeasonalityCurves","Cadres_Comprehensive","Comprehensive","Oromia",NA
"293","flatminus","Comprehensive",2032,48,"RN_hrs",234.554825000001,247.896375000001,257.645185000001,266.781375000001,283.459700000002,48,32,5000,TRUE,TRUE,TRUE,TRUE,"TV_Comprehensive","PopValues_flatminus","SeasonalityCurves","Cadres_Comprehensive","Comprehensive","Oromia",NA
"294","flatminus","Comprehensive",2032,48,"UN_hrs",234.554825000001,247.896375000001,257.645185000001,266.781375000001,283.459700000002,48,32,5000,TRUE,TRUE,TRUE,TRUE,"TV_Comprehensive","PopValues_flatminus","SeasonalityCurves","Cadres_Comprehensive","Comprehensive","Oromia",NA
"295","flatminus","Comprehensive",2033,48,"EH_hrs",236.505525000001,251.432500000002,262.090860000001,272.619500000002,286.419575000001,48,32,5000,TRUE,TRUE,TRUE,TRUE,"TV_Comprehensive","PopValues_flatminus","SeasonalityCurves","Cadres_Comprehensive","Comprehensive","Oromia",NA
"296","flatminus","Comprehensive",2033,48,"FH_hrs",236.505525000001,251.432500000002,262.090860000001,272.619500000002,286.419575000001,48,32,5000,TRUE,TRUE,TRUE,TRUE,"TV_Comprehensive","PopValues_flatminus","SeasonalityCurves","Cadres_Comprehensive","Comprehensive","Oromia",NA
"297","flatminus","Comprehensive",2033,48,"HEW_hrs",236.505525000001,251.432500000002,262.090860000001,272.619500000002,286.419575000001,48,32,5000,TRUE,TRUE,TRUE,TRUE,"TV_Comprehensive","PopValues_flatminus","SeasonalityCurves","Cadres_Comprehensive","Comprehensive","Oromia",NA
"298","flatminus","Comprehensive",2033,48,"HO_hrs",236.505525000001,251.432500000002,262.090860000001,272.619500000002,286.419575000001,48,32,5000,TRUE,TRUE,TRUE,TRUE,"TV_Comprehensive","PopValues_flatminus","SeasonalityCurves","Cadres_Comprehensive","Comprehensive","Oromia",NA
"299","flatminus","Comprehensive",2033,48,"MW_hrs",236.505525000001,251.432500000002,262.090860000001,272.619500000002,286.419575000001,48,32,5000,TRUE,TRUE,TRUE,TRUE,"TV_Comprehensive","PopValues_flatminus","SeasonalityCurves","Cadres_Comprehensive","Comprehensive","Oromia",NA
"300","flatminus","Comprehensive",2033,48,"RN_hrs",236.505525000001,251.432500000002,262.090860000001,272.619500000002,286.419575000001,48,32,5000,TRUE,TRUE,TRUE,TRUE,"TV_Comprehensive","PopValues_flatminus","SeasonalityCurves","Cadres_Comprehensive","Comprehensive","Oromia",NA
"301","flatminus","Comprehensive",2033,48,"UN_hrs",236.505525000001,251.432500000002,262.090860000001,272.619500000002,286.419575000001,48,32,5000,TRUE,TRUE,TRUE,TRUE,"TV_Comprehensive","PopValues_flatminus","SeasonalityCurves","Cadres_Comprehensive","Comprehensive","Oromia",NA
"302","flatminus","Comprehensive",2034,48,"EH_hrs",240.114350000001,254.836500000001,266.904880000001,276.868375000002,294.390750000001,48,32,5000,TRUE,TRUE,TRUE,TRUE,"TV_Comprehensive","PopValues_flatminus","SeasonalityCurves","Cadres_Comprehensive","Comprehensive","Oromia",NA
"303","flatminus","Comprehensive",2034,48,"FH_hrs",240.114350000001,254.836500000001,266.904880000001,276.868375000002,294.390750000001,48,32,5000,TRUE,TRUE,TRUE,TRUE,"TV_Comprehensive","PopValues_flatminus","SeasonalityCurves","Cadres_Comprehensive","Comprehensive","Oromia",NA
"304","flatminus","Comprehensive",2034,48,"HEW_hrs",240.114350000001,254.836500000001,266.904880000001,276.868375000002,294.390750000001,48,32,5000,TRUE,TRUE,TRUE,TRUE,"TV_Comprehensive","PopValues_flatminus","SeasonalityCurves","Cadres_Comprehensive","Comprehensive","Oromia",NA
"305","flatminus","Comprehensive",2034,48,"HO_hrs",240.114350000001,254.836500000001,266.904880000001,276.868375000002,294.390750000001,48,32,5000,TRUE,TRUE,TRUE,TRUE,"TV_Comprehensive","PopValues_flatminus","SeasonalityCurves","Cadres_Comprehensive","Comprehensive","Oromia",NA
"306","flatminus","Comprehensive",2034,48,"MW_hrs",240.114350000001,254.836500000001,266.904880000001,276.868375000002,294.390750000001,48,32,5000,TRUE,TRUE,TRUE,TRUE,"TV_Comprehensive","PopValues_flatminus","SeasonalityCurves","Cadres_Comprehensive","Comprehensive","Oromia",NA
"307","flatminus","Comprehensive",2034,48,"RN_hrs",240.114350000001,254.836500000001,266.904880000001,276.868375000002,294.390750000001,48,32,5000,TRUE,TRUE,TRUE,TRUE,"TV_Comprehensive","PopValues_flatminus","SeasonalityCurves","Cadres_Comprehensive","Comprehensive","Oromia",NA
"308","flatminus","Comprehensive",2034,48,"UN_hrs",240.114350000001,254.836500000001,266.904880000001,276.868375000002,294.390750000001,48,32,5000,TRUE,TRUE,TRUE,TRUE,"TV_Comprehensive","PopValues_flatminus","SeasonalityCurves","Cadres_Comprehensive","Comprehensive","Oromia",NA
"309","flatminus","Comprehensive",2035,48,"EH_hrs",242.331025000001,259.997250000002,271.860790000001,282.111375000001,305.639750000001,48,32,5000,TRUE,TRUE,TRUE,TRUE,"TV_Comprehensive","PopValues_flatminus","SeasonalityCurves","Cadres_Comprehensive","Comprehensive","Oromia",NA
"310","flatminus","Comprehensive",2035,48,"FH_hrs",242.331025000001,259.997250000002,271.860790000001,282.111375000001,305.639750000001,48,32,5000,TRUE,TRUE,TRUE,TRUE,"TV_Comprehensive","PopValues_flatminus","SeasonalityCurves","Cadres_Comprehensive","Comprehensive","Oromia",NA
"311","flatminus","Comprehensive",2035,48,"HEW_hrs",0,0,0,0,0,48,32,5000,TRUE,TRUE,TRUE,TRUE,"TV_Comprehensive","PopValues_flatminus","SeasonalityCurves","Cadres_Comprehensive","Comprehensive","Oromia",NA
"312","flatminus","Comprehensive",2035,48,"HO_hrs",242.331025000001,259.997250000002,271.860790000001,282.111375000001,305.639750000001,48,32,5000,TRUE,TRUE,TRUE,TRUE,"TV_Comprehensive","PopValues_flatminus","SeasonalityCurves","Cadres_Comprehensive","Comprehensive","Oromia",NA
"313","flatminus","Comprehensive",2035,48,"MW_hrs",242.331025000001,259.997250000002,271.860790000001,282.111375000001,305.639750000001,48,32,5000,TRUE,TRUE,TRUE,TRUE,"TV_Comprehensive","PopValues_flatminus","SeasonalityCurves","Cadres_Comprehensive","Comprehensive","Oromia",NA
"314","flatminus","Comprehensive",2035,48,"RN_hrs",242.331025000001,259.997250000002,271.860790000001,282.111375000001,305.639750000001,48,32,5000,TRUE,TRUE,TRUE,TRUE,"TV_Comprehensive","PopValues_flatminus","SeasonalityCurves","Cadres_Comprehensive","Comprehensive","Oromia",NA
"315","flatminus","Comprehensive",2035,48,"UN_hrs",242.331025000001,259.997250000002,271.860790000001,282.111375000001,305.639750000001,48,32,5000,TRUE,TRUE,TRUE,TRUE,"TV_Comprehensive","PopValues_flatminus","SeasonalityCurves","Cadres_Comprehensive","Comprehensive","Oromia",NA
