"","Scenario_ID","Year","ServiceCat","ClinicalOrNon","CI05","CI25","MeanHrs","CI75","CI95","WeeksPerYr","HrsPerWeek","BaselinePop","o_PopGrowth","o_Fertility_decr","o_MHIVTB_decr","o_ChildDis_decr","sheet_TaskValues","sheet_PopValues","sheet_SeasonalityCurves","sheet_Cadre","DeliveryModel","Geography_dontedit","Notes"
"1","BasicServices",2021,"Family planning","Clinical",93.55,104.8,119.666,129.7,155.2,48,32,5000,TRUE,TRUE,TRUE,TRUE,"TaskValues_basic","PopValues","SeasonalityCurves","Cadres","Basic","Ethiopia",NA
"2","BasicServices",2021,"HIV","Clinical",0.2,0.2,0.2,0.2,0.2,48,32,5000,TRUE,TRUE,TRUE,TRUE,"TaskValues_basic","PopValues","SeasonalityCurves","Cadres","Basic","Ethiopia",NA
"3","BasicServices",2021,"Immunization","Clinical",52.485,56.1958333333333,59.863,63.2333333333333,67.5591666666667,48,32,5000,TRUE,TRUE,TRUE,TRUE,"TaskValues_basic","PopValues","SeasonalityCurves","Cadres","Basic","Ethiopia",NA
"4","BasicServices",2021,"Malaria","Clinical",72.4008333333333,82.2416666666667,87.4643333333333,92.775,104.838333333333,48,32,5000,TRUE,TRUE,TRUE,TRUE,"TaskValues_basic","PopValues","SeasonalityCurves","Cadres","Basic","Ethiopia",NA
"5","BasicServices",2021,"NCDs","Clinical",0.8,1,1.088,1.2,1.4,48,32,5000,TRUE,TRUE,TRUE,TRUE,"TaskValues_basic","PopValues","SeasonalityCurves","Cadres","Basic","Ethiopia",NA
"6","BasicServices",2021,"Nutrition","Clinical",157.195,169.595833333333,180.356,191.9375,208.255833333333,48,32,5000,TRUE,TRUE,TRUE,TRUE,"TaskValues_basic","PopValues","SeasonalityCurves","Cadres","Basic","Ethiopia",NA
"7","BasicServices",2021,"Pregnancy","Clinical",221.55,238.416666666667,256.177833333333,270.658333333333,299.999166666667,48,32,5000,TRUE,TRUE,TRUE,TRUE,"TaskValues_basic","PopValues","SeasonalityCurves","Cadres","Basic","Ethiopia",NA
"8","BasicServices",2021,"Sick child","Clinical",159.36,179.65,194.69,208.65,232.25,48,32,5000,TRUE,TRUE,TRUE,TRUE,"TaskValues_basic","PopValues","SeasonalityCurves","Cadres","Basic","Ethiopia",NA
"9","BasicServices",2022,"Family planning","Clinical",87.37,106.45,123.322,137.6,161.59,48,32,5000,TRUE,TRUE,TRUE,TRUE,"TaskValues_basic","PopValues","SeasonalityCurves","Cadres","Basic","Ethiopia",NA
"10","BasicServices",2022,"HIV","Clinical",0.2,0.2,0.2,0.2,0.2,48,32,5000,TRUE,TRUE,TRUE,TRUE,"TaskValues_basic","PopValues","SeasonalityCurves","Cadres","Basic","Ethiopia",NA
"11","BasicServices",2022,"Immunization","Clinical",56.3108333333333,59.7958333333333,63.9468333333333,67.2458333333333,72.4483333333333,48,32,5000,TRUE,TRUE,TRUE,TRUE,"TaskValues_basic","PopValues","SeasonalityCurves","Cadres","Basic","Ethiopia",NA
"12","BasicServices",2022,"Malaria","Clinical",68.9825,78.3333333333333,87.232,94.375,108.9875,48,32,5000,TRUE,TRUE,TRUE,TRUE,"TaskValues_basic","PopValues","SeasonalityCurves","Cadres","Basic","Ethiopia",NA
"13","BasicServices",2022,"NCDs","Clinical",0.8,1,1.106,1.2,1.6,48,32,5000,TRUE,TRUE,TRUE,TRUE,"TaskValues_basic","PopValues","SeasonalityCurves","Cadres","Basic","Ethiopia",NA
"14","BasicServices",2022,"Nutrition","Clinical",160.2075,172.216666666667,184.509333333333,196.341666666667,213.271666666667,48,32,5000,TRUE,TRUE,TRUE,TRUE,"TaskValues_basic","PopValues","SeasonalityCurves","Cadres","Basic","Ethiopia",NA
"15","BasicServices",2022,"Pregnancy","Clinical",219.37,239.204166666667,261.079333333333,279.116666666667,310.576666666667,48,32,5000,TRUE,TRUE,TRUE,TRUE,"TaskValues_basic","PopValues","SeasonalityCurves","Cadres","Basic","Ethiopia",NA
"16","BasicServices",2022,"Sick child","Clinical",153.18,176.55,195.756,214.5,238.78,48,32,5000,TRUE,TRUE,TRUE,TRUE,"TaskValues_basic","PopValues","SeasonalityCurves","Cadres","Basic","Ethiopia",NA
"17","BasicServices",2023,"Family planning","Clinical",85.53,107.55,126.622,144.35,171.59,48,32,5000,TRUE,TRUE,TRUE,TRUE,"TaskValues_basic","PopValues","SeasonalityCurves","Cadres","Basic","Ethiopia",NA
"18","BasicServices",2023,"HIV","Clinical",0.2,0.2,0.2,0.2,0.2,48,32,5000,TRUE,TRUE,TRUE,TRUE,"TaskValues_basic","PopValues","SeasonalityCurves","Cadres","Basic","Ethiopia",NA
"19","BasicServices",2023,"Immunization","Clinical",55.905,60.7291666666667,64.6801666666667,68.9791666666667,76.0175,48,32,5000,TRUE,TRUE,TRUE,TRUE,"TaskValues_basic","PopValues","SeasonalityCurves","Cadres","Basic","Ethiopia",NA
"20","BasicServices",2023,"Malaria","Clinical",67.2325,76.3291666666667,87.04,95.9291666666667,113.183333333333,48,32,5000,TRUE,TRUE,TRUE,TRUE,"TaskValues_basic","PopValues","SeasonalityCurves","Cadres","Basic","Ethiopia",NA
"21","BasicServices",2023,"NCDs","Clinical",0.8,1,1.166,1.2,1.6,48,32,5000,TRUE,TRUE,TRUE,TRUE,"TaskValues_basic","PopValues","SeasonalityCurves","Cadres","Basic","Ethiopia",NA
"22","BasicServices",2023,"Nutrition","Clinical",163.831666666667,176.079166666667,188.488166666667,201.8625,219.178333333333,48,32,5000,TRUE,TRUE,TRUE,TRUE,"TaskValues_basic","PopValues","SeasonalityCurves","Cadres","Basic","Ethiopia",NA
"23","BasicServices",2023,"Pregnancy","Clinical",217.906666666667,241.55,264.0345,282.2125,324.414166666667,48,32,5000,TRUE,TRUE,TRUE,TRUE,"TaskValues_basic","PopValues","SeasonalityCurves","Cadres","Basic","Ethiopia",NA
"24","BasicServices",2023,"Sick child","Clinical",144.76,172.55,194.342,211.65,249.85,48,32,5000,TRUE,TRUE,TRUE,TRUE,"TaskValues_basic","PopValues","SeasonalityCurves","Cadres","Basic","Ethiopia",NA
"25","BasicServices",2024,"Family planning","Clinical",83.34,109.9,131.244,149.95,183.54,48,32,5000,TRUE,TRUE,TRUE,TRUE,"TaskValues_basic","PopValues","SeasonalityCurves","Cadres","Basic","Ethiopia",NA
"26","BasicServices",2024,"HIV","Clinical",0.2,0.2,0.2,0.2,0.2,48,32,5000,TRUE,TRUE,TRUE,TRUE,"TaskValues_basic","PopValues","SeasonalityCurves","Cadres","Basic","Ethiopia",NA
"27","BasicServices",2024,"Immunization","Clinical",54.9725,61.8791666666667,65.5528333333333,69.6125,78.6,48,32,5000,TRUE,TRUE,TRUE,TRUE,"TaskValues_basic","PopValues","SeasonalityCurves","Cadres","Basic","Ethiopia",NA
"28","BasicServices",2024,"Malaria","Clinical",65.7258333333334,74.6416666666667,87.2236666666667,97.2875,118.685833333333,48,32,5000,TRUE,TRUE,TRUE,TRUE,"TaskValues_basic","PopValues","SeasonalityCurves","Cadres","Basic","Ethiopia",NA
"29","BasicServices",2024,"NCDs","Clinical",0.8,1,1.21,1.4,1.8,48,32,5000,TRUE,TRUE,TRUE,TRUE,"TaskValues_basic","PopValues","SeasonalityCurves","Cadres","Basic","Ethiopia",NA
"30","BasicServices",2024,"Nutrition","Clinical",161.148333333333,177.129166666667,191.5235,207.066666666667,223.895833333333,48,32,5000,TRUE,TRUE,TRUE,TRUE,"TaskValues_basic","PopValues","SeasonalityCurves","Cadres","Basic","Ethiopia",NA
"31","BasicServices",2024,"Pregnancy","Clinical",219.285,245.316666666667,267.826833333333,288.195833333333,330.9475,48,32,5000,TRUE,TRUE,TRUE,TRUE,"TaskValues_basic","PopValues","SeasonalityCurves","Cadres","Basic","Ethiopia",NA
"32","BasicServices",2024,"Sick child","Clinical",145.57,168.35,193.9,216.05,250.69,48,32,5000,TRUE,TRUE,TRUE,TRUE,"TaskValues_basic","PopValues","SeasonalityCurves","Cadres","Basic","Ethiopia",NA
"33","BasicServices",2025,"Family planning","Clinical",88.26,112.15,134.416,149.7,192.9,48,32,5000,TRUE,TRUE,TRUE,TRUE,"TaskValues_basic","PopValues","SeasonalityCurves","Cadres","Basic","Ethiopia",NA
"34","BasicServices",2025,"HIV","Clinical",0.2,0.2,0.2,0.2,0.2,48,32,5000,TRUE,TRUE,TRUE,TRUE,"TaskValues_basic","PopValues","SeasonalityCurves","Cadres","Basic","Ethiopia",NA
"35","BasicServices",2025,"Immunization","Clinical",53.2108333333333,61.8333333333333,66.3908333333333,70.9666666666667,81.7033333333333,48,32,5000,TRUE,TRUE,TRUE,TRUE,"TaskValues_basic","PopValues","SeasonalityCurves","Cadres","Basic","Ethiopia",NA
"36","BasicServices",2025,"Malaria","Clinical",61.8083333333333,75.3666666666667,87.8695,100.333333333333,114.044166666667,48,32,5000,TRUE,TRUE,TRUE,TRUE,"TaskValues_basic","PopValues","SeasonalityCurves","Cadres","Basic","Ethiopia",NA
"37","BasicServices",2025,"NCDs","Clinical",0.8,1,1.244,1.4,1.8,48,32,5000,TRUE,TRUE,TRUE,TRUE,"TaskValues_basic","PopValues","SeasonalityCurves","Cadres","Basic","Ethiopia",NA
"38","BasicServices",2025,"Nutrition","Clinical",161.693333333333,178.170833333333,193.264333333333,209.358333333333,228.531666666667,48,32,5000,TRUE,TRUE,TRUE,TRUE,"TaskValues_basic","PopValues","SeasonalityCurves","Cadres","Basic","Ethiopia",NA
"39","BasicServices",2025,"Pregnancy","Clinical",217.089166666667,241.791666666667,269.604833333333,290.6,337.6725,48,32,5000,TRUE,TRUE,TRUE,TRUE,"TaskValues_basic","PopValues","SeasonalityCurves","Cadres","Basic","Ethiopia",NA
"40","BasicServices",2025,"Sick child","Clinical",147.37,164.3,192.932,217.95,250.07,48,32,5000,TRUE,TRUE,TRUE,TRUE,"TaskValues_basic","PopValues","SeasonalityCurves","Cadres","Basic","Ethiopia",NA
"41","BasicServices",2026,"Family planning","Clinical",87.74,115.55,139.836,158.4,204.03,48,32,5000,TRUE,TRUE,TRUE,TRUE,"TaskValues_basic","PopValues","SeasonalityCurves","Cadres","Basic","Ethiopia",NA
"42","BasicServices",2026,"HIV","Clinical",0.2,0.2,0.2,0.2,0.2,48,32,5000,TRUE,TRUE,TRUE,TRUE,"TaskValues_basic","PopValues","SeasonalityCurves","Cadres","Basic","Ethiopia",NA
"43","BasicServices",2026,"Immunization","Clinical",52.9625,62.6958333333333,67.2085,71.9458333333333,83.9925,48,32,5000,TRUE,TRUE,TRUE,TRUE,"TaskValues_basic","PopValues","SeasonalityCurves","Cadres","Basic","Ethiopia",NA
"44","BasicServices",2026,"Malaria","Clinical",62.28,72.6541666666667,86.3636666666667,98.875,113.834166666667,48,32,5000,TRUE,TRUE,TRUE,TRUE,"TaskValues_basic","PopValues","SeasonalityCurves","Cadres","Basic","Ethiopia",NA
"45","BasicServices",2026,"NCDs","Clinical",0.8,1,1.286,1.4,1.8,48,32,5000,TRUE,TRUE,TRUE,TRUE,"TaskValues_basic","PopValues","SeasonalityCurves","Cadres","Basic","Ethiopia",NA
"46","BasicServices",2026,"Nutrition","Clinical",157.914166666667,179.704166666667,195.057666666667,212.6625,234.831666666667,48,32,5000,TRUE,TRUE,TRUE,TRUE,"TaskValues_basic","PopValues","SeasonalityCurves","Cadres","Basic","Ethiopia",NA
"47","BasicServices",2026,"Pregnancy","Clinical",216.685,243.066666666667,271.997666666667,295.7125,344.996666666667,48,32,5000,TRUE,TRUE,TRUE,TRUE,"TaskValues_basic","PopValues","SeasonalityCurves","Cadres","Basic","Ethiopia",NA
"48","BasicServices",2026,"Sick child","Clinical",140.95,159.95,191.312,216.4,257.82,48,32,5000,TRUE,TRUE,TRUE,TRUE,"TaskValues_basic","PopValues","SeasonalityCurves","Cadres","Basic","Ethiopia",NA
"49","BasicServices",2027,"Family planning","Clinical",87.44,113.4,141.12,161.5,211.47,48,32,5000,TRUE,TRUE,TRUE,TRUE,"TaskValues_basic","PopValues","SeasonalityCurves","Cadres","Basic","Ethiopia",NA
"50","BasicServices",2027,"HIV","Clinical",0.2,0.2,0.2,0.2,0.2,48,32,5000,TRUE,TRUE,TRUE,TRUE,"TaskValues_basic","PopValues","SeasonalityCurves","Cadres","Basic","Ethiopia",NA
"51","BasicServices",2027,"Immunization","Clinical",53.3891666666667,62.7583333333333,67.8393333333333,72.95,84.8008333333333,48,32,5000,TRUE,TRUE,TRUE,TRUE,"TaskValues_basic","PopValues","SeasonalityCurves","Cadres","Basic","Ethiopia",NA
"52","BasicServices",2027,"Malaria","Clinical",58.695,70.8833333333334,86.9355,100.775,122.583333333333,48,32,5000,TRUE,TRUE,TRUE,TRUE,"TaskValues_basic","PopValues","SeasonalityCurves","Cadres","Basic","Ethiopia",NA
"53","BasicServices",2027,"NCDs","Clinical",0.8,1,1.308,1.4,2,48,32,5000,TRUE,TRUE,TRUE,TRUE,"TaskValues_basic","PopValues","SeasonalityCurves","Cadres","Basic","Ethiopia",NA
"54","BasicServices",2027,"Nutrition","Clinical",153.269166666667,180.879166666667,196.291333333333,216.2375,232.19,48,32,5000,TRUE,TRUE,TRUE,TRUE,"TaskValues_basic","PopValues","SeasonalityCurves","Cadres","Basic","Ethiopia",NA
"55","BasicServices",2027,"Pregnancy","Clinical",216.335,241.966666666667,273.561333333333,299.154166666667,340.016666666667,48,32,5000,TRUE,TRUE,TRUE,TRUE,"TaskValues_basic","PopValues","SeasonalityCurves","Cadres","Basic","Ethiopia",NA
"56","BasicServices",2027,"Sick child","Clinical",133.44,156.2,188.57,220.55,266.07,48,32,5000,TRUE,TRUE,TRUE,TRUE,"TaskValues_basic","PopValues","SeasonalityCurves","Cadres","Basic","Ethiopia",NA
"57","BasicServices",2028,"Family planning","Clinical",86.7,121.55,146.186,172.15,220.18,48,32,5000,TRUE,TRUE,TRUE,TRUE,"TaskValues_basic","PopValues","SeasonalityCurves","Cadres","Basic","Ethiopia",NA
"58","BasicServices",2028,"HIV","Clinical",0.2,0.2,0.2,0.2,0.2,48,32,5000,TRUE,TRUE,TRUE,TRUE,"TaskValues_basic","PopValues","SeasonalityCurves","Cadres","Basic","Ethiopia",NA
"59","BasicServices",2028,"Immunization","Clinical",52.96,62.1833333333333,68.4016666666667,74.2083333333333,86.1383333333333,48,32,5000,TRUE,TRUE,TRUE,TRUE,"TaskValues_basic","PopValues","SeasonalityCurves","Cadres","Basic","Ethiopia",NA
"60","BasicServices",2028,"Malaria","Clinical",58.6075,70.4916666666667,87.2013333333333,101.158333333333,125.348333333333,48,32,5000,TRUE,TRUE,TRUE,TRUE,"TaskValues_basic","PopValues","SeasonalityCurves","Cadres","Basic","Ethiopia",NA
"61","BasicServices",2028,"NCDs","Clinical",0.8,1,1.362,1.6,2,48,32,5000,TRUE,TRUE,TRUE,TRUE,"TaskValues_basic","PopValues","SeasonalityCurves","Cadres","Basic","Ethiopia",NA
"62","BasicServices",2028,"Nutrition","Clinical",154.835,181.308333333333,197.410333333333,217.483333333333,234.419166666667,48,32,5000,TRUE,TRUE,TRUE,TRUE,"TaskValues_basic","PopValues","SeasonalityCurves","Cadres","Basic","Ethiopia",NA
"63","BasicServices",2028,"Pregnancy","Clinical",217.291666666667,239.654166666667,276.597666666667,300.5875,353.775,48,32,5000,TRUE,TRUE,TRUE,TRUE,"TaskValues_basic","PopValues","SeasonalityCurves","Cadres","Basic","Ethiopia",NA
"64","BasicServices",2028,"Sick child","Clinical",124.07,149.55,184.768,213.05,257.09,48,32,5000,TRUE,TRUE,TRUE,TRUE,"TaskValues_basic","PopValues","SeasonalityCurves","Cadres","Basic","Ethiopia",NA
"65","BasicServices",2029,"Family planning","Clinical",88.04,120.95,149.19,168.3,230.3,48,32,5000,TRUE,TRUE,TRUE,TRUE,"TaskValues_basic","PopValues","SeasonalityCurves","Cadres","Basic","Ethiopia",NA
"66","BasicServices",2029,"HIV","Clinical",0.2,0.2,0.2,0.2,0.2,48,32,5000,TRUE,TRUE,TRUE,TRUE,"TaskValues_basic","PopValues","SeasonalityCurves","Cadres","Basic","Ethiopia",NA
"67","BasicServices",2029,"Immunization","Clinical",51.9866666666667,62.2208333333333,68.8861666666667,76.2208333333333,87.0925,48,32,5000,TRUE,TRUE,TRUE,TRUE,"TaskValues_basic","PopValues","SeasonalityCurves","Cadres","Basic","Ethiopia",NA
"68","BasicServices",2029,"Malaria","Clinical",57.5925,69.3333333333333,87.431,102.795833333333,128.124166666667,48,32,5000,TRUE,TRUE,TRUE,TRUE,"TaskValues_basic","PopValues","SeasonalityCurves","Cadres","Basic","Ethiopia",NA
"69","BasicServices",2029,"NCDs","Clinical",0.8,1.15,1.372,1.6,2.2,48,32,5000,TRUE,TRUE,TRUE,TRUE,"TaskValues_basic","PopValues","SeasonalityCurves","Cadres","Basic","Ethiopia",NA
"70","BasicServices",2029,"Nutrition","Clinical",154.565,182.2875,198.476166666667,218.845833333333,236.7475,48,32,5000,TRUE,TRUE,TRUE,TRUE,"TaskValues_basic","PopValues","SeasonalityCurves","Cadres","Basic","Ethiopia",NA
"71","BasicServices",2029,"Pregnancy","Clinical",218.698333333333,240.608333333333,281.4935,312.954166666667,368.543333333333,48,32,5000,TRUE,TRUE,TRUE,TRUE,"TaskValues_basic","PopValues","SeasonalityCurves","Cadres","Basic","Ethiopia",NA
"72","BasicServices",2029,"Sick child","Clinical",126.16,147.5,183.812,210.35,266.63,48,32,5000,TRUE,TRUE,TRUE,TRUE,"TaskValues_basic","PopValues","SeasonalityCurves","Cadres","Basic","Ethiopia",NA
"73","BasicServices",2030,"Family planning","Clinical",93.88,124.9,153.944,175.6,236.21,48,32,5000,TRUE,TRUE,TRUE,TRUE,"TaskValues_basic","PopValues","SeasonalityCurves","Cadres","Basic","Ethiopia",NA
"74","BasicServices",2030,"HIV","Clinical",0.2,0.2,0.2,0.2,0.2,48,32,5000,TRUE,TRUE,TRUE,TRUE,"TaskValues_basic","PopValues","SeasonalityCurves","Cadres","Basic","Ethiopia",NA
"75","BasicServices",2030,"Immunization","Clinical",53.1566666666667,61.8416666666667,69.6471666666667,77.5166666666667,89.0858333333334,48,32,5000,TRUE,TRUE,TRUE,TRUE,"TaskValues_basic","PopValues","SeasonalityCurves","Cadres","Basic","Ethiopia",NA
"76","BasicServices",2030,"Malaria","Clinical",57.2108333333333,69.2583333333333,88.0665,99.9,134.9175,48,32,5000,TRUE,TRUE,TRUE,TRUE,"TaskValues_basic","PopValues","SeasonalityCurves","Cadres","Basic","Ethiopia",NA
"77","BasicServices",2030,"NCDs","Clinical",0.8,1.2,1.418,1.6,2.01,48,32,5000,TRUE,TRUE,TRUE,TRUE,"TaskValues_basic","PopValues","SeasonalityCurves","Cadres","Basic","Ethiopia",NA
"78","BasicServices",2030,"Nutrition","Clinical",153.031666666667,181.258333333333,199.378666666667,220.070833333333,240.5475,48,32,5000,TRUE,TRUE,TRUE,TRUE,"TaskValues_basic","PopValues","SeasonalityCurves","Cadres","Basic","Ethiopia",NA
"79","BasicServices",2030,"Pregnancy","Clinical",213.356666666667,245.7,283.905166666667,316.65,377.8075,48,32,5000,TRUE,TRUE,TRUE,TRUE,"TaskValues_basic","PopValues","SeasonalityCurves","Cadres","Basic","Ethiopia",NA
"80","BasicServices",2030,"Sick child","Clinical",117.66,142.4,182.446,211.05,266.23,48,32,5000,TRUE,TRUE,TRUE,TRUE,"TaskValues_basic","PopValues","SeasonalityCurves","Cadres","Basic","Ethiopia",NA
"81","BasicServices",2031,"Family planning","Clinical",96.36,125.85,156.61,181,247.84,48,32,5000,TRUE,TRUE,TRUE,TRUE,"TaskValues_basic","PopValues","SeasonalityCurves","Cadres","Basic","Ethiopia",NA
"82","BasicServices",2031,"HIV","Clinical",0.2,0.2,0.2,0.2,0.2,48,32,5000,TRUE,TRUE,TRUE,TRUE,"TaskValues_basic","PopValues","SeasonalityCurves","Cadres","Basic","Ethiopia",NA
"83","BasicServices",2031,"Immunization","Clinical",53.82,61.95,70.5865,80.2166666666667,90.15,48,32,5000,TRUE,TRUE,TRUE,TRUE,"TaskValues_basic","PopValues","SeasonalityCurves","Cadres","Basic","Ethiopia",NA
"84","BasicServices",2031,"Malaria","Clinical",55.8725,69.0041666666667,89.3745,104.554166666667,147.458333333333,48,32,5000,TRUE,TRUE,TRUE,TRUE,"TaskValues_basic","PopValues","SeasonalityCurves","Cadres","Basic","Ethiopia",NA
"85","BasicServices",2031,"NCDs","Clinical",0.8,1.2,1.468,1.8,2.22,48,32,5000,TRUE,TRUE,TRUE,TRUE,"TaskValues_basic","PopValues","SeasonalityCurves","Cadres","Basic","Ethiopia",NA
"86","BasicServices",2031,"Nutrition","Clinical",154.754166666667,181.329166666667,200.810166666667,223.654166666667,246.5175,48,32,5000,TRUE,TRUE,TRUE,TRUE,"TaskValues_basic","PopValues","SeasonalityCurves","Cadres","Basic","Ethiopia",NA
"87","BasicServices",2031,"Pregnancy","Clinical",213.059166666667,245.6625,285.9995,323.308333333333,383.793333333333,48,32,5000,TRUE,TRUE,TRUE,TRUE,"TaskValues_basic","PopValues","SeasonalityCurves","Cadres","Basic","Ethiopia",NA
"88","BasicServices",2031,"Sick child","Clinical",108.1,143.3,181.88,207.2,287.44,48,32,5000,TRUE,TRUE,TRUE,TRUE,"TaskValues_basic","PopValues","SeasonalityCurves","Cadres","Basic","Ethiopia",NA
"89","BasicServices",2032,"Family planning","Clinical",97.68,129.4,158.916,181.3,249.15,48,32,5000,TRUE,TRUE,TRUE,TRUE,"TaskValues_basic","PopValues","SeasonalityCurves","Cadres","Basic","Ethiopia",NA
"90","BasicServices",2032,"HIV","Clinical",0.2,0.2,0.2,0.2,0.2,48,32,5000,TRUE,TRUE,TRUE,TRUE,"TaskValues_basic","PopValues","SeasonalityCurves","Cadres","Basic","Ethiopia",NA
"91","BasicServices",2032,"Immunization","Clinical",53.4916666666667,61.5375,71.2693333333333,80.125,91.7616666666667,48,32,5000,TRUE,TRUE,TRUE,TRUE,"TaskValues_basic","PopValues","SeasonalityCurves","Cadres","Basic","Ethiopia",NA
"92","BasicServices",2032,"Malaria","Clinical",57.4775,69.3166666666667,90.8976666666667,103.995833333333,153.715833333333,48,32,5000,TRUE,TRUE,TRUE,TRUE,"TaskValues_basic","PopValues","SeasonalityCurves","Cadres","Basic","Ethiopia",NA
"93","BasicServices",2032,"NCDs","Clinical",0.8,1.2,1.514,1.8,2.4,48,32,5000,TRUE,TRUE,TRUE,TRUE,"TaskValues_basic","PopValues","SeasonalityCurves","Cadres","Basic","Ethiopia",NA
"94","BasicServices",2032,"Nutrition","Clinical",152.873333333333,180.383333333333,202.048166666667,224,251.805833333333,48,32,5000,TRUE,TRUE,TRUE,TRUE,"TaskValues_basic","PopValues","SeasonalityCurves","Cadres","Basic","Ethiopia",NA
"95","BasicServices",2032,"Pregnancy","Clinical",206.055833333333,245.3875,289.233666666667,322.8125,387.3275,48,32,5000,TRUE,TRUE,TRUE,TRUE,"TaskValues_basic","PopValues","SeasonalityCurves","Cadres","Basic","Ethiopia",NA
"96","BasicServices",2032,"Sick child","Clinical",109.74,138.35,179.582,209,285.24,48,32,5000,TRUE,TRUE,TRUE,TRUE,"TaskValues_basic","PopValues","SeasonalityCurves","Cadres","Basic","Ethiopia",NA
"97","BasicServices",2033,"Family planning","Clinical",96.48,123.6,159.622,184.9,245.14,48,32,5000,TRUE,TRUE,TRUE,TRUE,"TaskValues_basic","PopValues","SeasonalityCurves","Cadres","Basic","Ethiopia",NA
"98","BasicServices",2033,"HIV","Clinical",0.2,0.2,0.2,0.2,0.2,48,32,5000,TRUE,TRUE,TRUE,TRUE,"TaskValues_basic","PopValues","SeasonalityCurves","Cadres","Basic","Ethiopia",NA
"99","BasicServices",2033,"Immunization","Clinical",53.8283333333333,60.6625,71.9555,80.5291666666667,92.3883333333333,48,32,5000,TRUE,TRUE,TRUE,TRUE,"TaskValues_basic","PopValues","SeasonalityCurves","Cadres","Basic","Ethiopia",NA
"100","BasicServices",2033,"Malaria","Clinical",56.1025,69.225,93.1135,111.829166666667,164.279166666667,48,32,5000,TRUE,TRUE,TRUE,TRUE,"TaskValues_basic","PopValues","SeasonalityCurves","Cadres","Basic","Ethiopia",NA
"101","BasicServices",2033,"NCDs","Clinical",0.8,1.2,1.582,1.8,2.4,48,32,5000,TRUE,TRUE,TRUE,TRUE,"TaskValues_basic","PopValues","SeasonalityCurves","Cadres","Basic","Ethiopia",NA
"102","BasicServices",2033,"Nutrition","Clinical",148.2325,179.945833333333,203.795333333333,231.191666666667,252.643333333333,48,32,5000,TRUE,TRUE,TRUE,TRUE,"TaskValues_basic","PopValues","SeasonalityCurves","Cadres","Basic","Ethiopia",NA
"103","BasicServices",2033,"Pregnancy","Clinical",199.923333333333,244.591666666667,289.288,320.425,395.035,48,32,5000,TRUE,TRUE,TRUE,TRUE,"TaskValues_basic","PopValues","SeasonalityCurves","Cadres","Basic","Ethiopia",NA
"104","BasicServices",2033,"Sick child","Clinical",106.18,138.15,179.492,210,298.94,48,32,5000,TRUE,TRUE,TRUE,TRUE,"TaskValues_basic","PopValues","SeasonalityCurves","Cadres","Basic","Ethiopia",NA
"105","BasicServices",2034,"Family planning","Clinical",92.55,126.55,165.744,189.95,279.81,48,32,5000,TRUE,TRUE,TRUE,TRUE,"TaskValues_basic","PopValues","SeasonalityCurves","Cadres","Basic","Ethiopia",NA
"106","BasicServices",2034,"HIV","Clinical",0.2,0.2,0.2,0.2,0.2,48,32,5000,TRUE,TRUE,TRUE,TRUE,"TaskValues_basic","PopValues","SeasonalityCurves","Cadres","Basic","Ethiopia",NA
"107","BasicServices",2034,"Immunization","Clinical",54.7516666666667,61.1708333333333,72.5188333333333,80.5916666666667,97.3533333333333,48,32,5000,TRUE,TRUE,TRUE,TRUE,"TaskValues_basic","PopValues","SeasonalityCurves","Cadres","Basic","Ethiopia",NA
"108","BasicServices",2034,"Malaria","Clinical",53.065,70.8375,93.4236666666667,108.666666666667,171.940833333333,48,32,5000,TRUE,TRUE,TRUE,TRUE,"TaskValues_basic","PopValues","SeasonalityCurves","Cadres","Basic","Ethiopia",NA
"109","BasicServices",2034,"NCDs","Clinical",0.8,1.2,1.642,2,2.6,48,32,5000,TRUE,TRUE,TRUE,TRUE,"TaskValues_basic","PopValues","SeasonalityCurves","Cadres","Basic","Ethiopia",NA
"110","BasicServices",2034,"Nutrition","Clinical",144.589166666667,179.6125,204.9435,231.408333333333,258.721666666667,48,32,5000,TRUE,TRUE,TRUE,TRUE,"TaskValues_basic","PopValues","SeasonalityCurves","Cadres","Basic","Ethiopia",NA
"111","BasicServices",2034,"Pregnancy","Clinical",207.428333333333,244.329166666667,291.4395,322.041666666667,408.98,48,32,5000,TRUE,TRUE,TRUE,TRUE,"TaskValues_basic","PopValues","SeasonalityCurves","Cadres","Basic","Ethiopia",NA
"112","BasicServices",2034,"Sick child","Clinical",105.23,131.25,177.448,207.3,302.71,48,32,5000,TRUE,TRUE,TRUE,TRUE,"TaskValues_basic","PopValues","SeasonalityCurves","Cadres","Basic","Ethiopia",NA
"113","BasicServices",2035,"Family planning","Clinical",95.64,128.5,170.752,207.3,282.93,48,32,5000,TRUE,TRUE,TRUE,TRUE,"TaskValues_basic","PopValues","SeasonalityCurves","Cadres","Basic","Ethiopia",NA
"114","BasicServices",2035,"HIV","Clinical",0.2,0.2,0.2,0.2,0.2,48,32,5000,TRUE,TRUE,TRUE,TRUE,"TaskValues_basic","PopValues","SeasonalityCurves","Cadres","Basic","Ethiopia",NA
"115","BasicServices",2035,"Immunization","Clinical",54.94,58.7958333333333,72.8021666666667,82.4166666666667,99.4425,48,32,5000,TRUE,TRUE,TRUE,TRUE,"TaskValues_basic","PopValues","SeasonalityCurves","Cadres","Basic","Ethiopia",NA
"116","BasicServices",2035,"Malaria","Clinical",52.835,66.3416666666667,94.1021666666667,111.429166666667,165.441666666667,48,32,5000,TRUE,TRUE,TRUE,TRUE,"TaskValues_basic","PopValues","SeasonalityCurves","Cadres","Basic","Ethiopia",NA
"117","BasicServices",2035,"NCDs","Clinical",0.99,1.2,1.698,2,2.61,48,32,5000,TRUE,TRUE,TRUE,TRUE,"TaskValues_basic","PopValues","SeasonalityCurves","Cadres","Basic","Ethiopia",NA
"118","BasicServices",2035,"Nutrition","Clinical",142.259166666667,179.475,205.498666666667,236.141666666667,264.095833333333,48,32,5000,TRUE,TRUE,TRUE,TRUE,"TaskValues_basic","PopValues","SeasonalityCurves","Cadres","Basic","Ethiopia",NA
"119","BasicServices",2035,"Pregnancy","Clinical",204.853333333333,241.5375,293.6045,329.779166666667,418.578333333333,48,32,5000,TRUE,TRUE,TRUE,TRUE,"TaskValues_basic","PopValues","SeasonalityCurves","Cadres","Basic","Ethiopia",NA
"120","BasicServices",2035,"Sick child","Clinical",97.29,129.25,174.84,205.1,311.74,48,32,5000,TRUE,TRUE,TRUE,TRUE,"TaskValues_basic","PopValues","SeasonalityCurves","Cadres","Basic","Ethiopia",NA
"121","Expanded",2021,"Disease surveillance for reportable diseases","Non-clinical",0.4,0.4,0.432,0.4,0.6,48,32,5000,TRUE,TRUE,TRUE,TRUE,"TaskValues_ref","PopValues","SeasonalityCurves","Cadres","Expanded","Ethiopia",NA
"122","Expanded",2021,"Family planning","Clinical",95.4,108.45,120.81,132.1,147.49,48,32,5000,TRUE,TRUE,TRUE,TRUE,"TaskValues_ref","PopValues","SeasonalityCurves","Cadres","Expanded","Ethiopia",NA
"123","Expanded",2021,"HIV","Clinical",0.2,0.2,0.202,0.2,0.2,48,32,5000,TRUE,TRUE,TRUE,TRUE,"TaskValues_ref","PopValues","SeasonalityCurves","Cadres","Expanded","Ethiopia",NA
"124","Expanded",2021,"Immunization","Clinical",51.47,55.6291666666667,60.4028333333333,63.8416666666667,71.275,48,32,5000,TRUE,TRUE,TRUE,TRUE,"TaskValues_ref","PopValues","SeasonalityCurves","Cadres","Expanded","Ethiopia",NA
"125","Expanded",2021,"Malaria","Clinical",71.785,80.4583333333333,86.8988333333333,92.0791666666667,106.82,48,32,5000,TRUE,TRUE,TRUE,TRUE,"TaskValues_ref","PopValues","SeasonalityCurves","Cadres","Expanded","Ethiopia",NA
"126","Expanded",2021,"NCDs","Clinical",40.6,43.2,45.18,47.2,50.02,48,32,5000,TRUE,TRUE,TRUE,TRUE,"TaskValues_ref","PopValues","SeasonalityCurves","Cadres","Expanded","Ethiopia",NA
"127","Expanded",2021,"Nutrition","Clinical",152.496666666667,166.245833333333,178.401166666667,187.541666666667,207.185,48,32,5000,TRUE,TRUE,TRUE,TRUE,"TaskValues_ref","PopValues","SeasonalityCurves","Cadres","Expanded","Ethiopia",NA
"128","Expanded",2021,"Overhead 1","Non-productive",240,240,240,240,240,48,32,5000,TRUE,TRUE,TRUE,TRUE,"TaskValues_ref","PopValues","SeasonalityCurves","Cadres","Expanded","Ethiopia",NA
"129","Expanded",2021,"Overhead 2","Non-productive",240,240,240,240,240,48,32,5000,TRUE,TRUE,TRUE,TRUE,"TaskValues_ref","PopValues","SeasonalityCurves","Cadres","Expanded","Ethiopia",NA
"130","Expanded",2021,"Pregnancy","Clinical",224.703333333333,245.5625,262.223166666667,278.404166666667,303.1575,48,32,5000,TRUE,TRUE,TRUE,TRUE,"TaskValues_ref","PopValues","SeasonalityCurves","Cadres","Expanded","Ethiopia",NA
"131","Expanded",2021,"Record keeping","Non-productive",333.65,362.65,385.68,405.7,439.31,48,32,5000,TRUE,TRUE,TRUE,TRUE,"TaskValues_ref","PopValues","SeasonalityCurves","Cadres","Expanded","Ethiopia",NA
"132","Expanded",2021,"Sick child","Clinical",154.99,176.1,191.72,207.8,226.65,48,32,5000,TRUE,TRUE,TRUE,TRUE,"TaskValues_ref","PopValues","SeasonalityCurves","Cadres","Expanded","Ethiopia",NA
"133","Expanded",2022,"Disease surveillance for reportable diseases","Non-clinical",0.4,0.4,0.454,0.6,0.6,48,32,5000,TRUE,TRUE,TRUE,TRUE,"TaskValues_ref","PopValues","SeasonalityCurves","Cadres","Expanded","Ethiopia",NA
"134","Expanded",2022,"Family planning","Clinical",90.51,108.85,124.798,139.6,167.03,48,32,5000,TRUE,TRUE,TRUE,TRUE,"TaskValues_ref","PopValues","SeasonalityCurves","Cadres","Expanded","Ethiopia",NA
"135","Expanded",2022,"HIV","Clinical",0.2,0.2,0.2,0.2,0.2,48,32,5000,TRUE,TRUE,TRUE,TRUE,"TaskValues_ref","PopValues","SeasonalityCurves","Cadres","Expanded","Ethiopia",NA
"136","Expanded",2022,"Immunization","Clinical",55.35,60.2458333333333,64.6948333333333,68.5583333333333,76.2308333333333,48,32,5000,TRUE,TRUE,TRUE,TRUE,"TaskValues_ref","PopValues","SeasonalityCurves","Cadres","Expanded","Ethiopia",NA
"137","Expanded",2022,"Malaria","Clinical",68.7591666666667,77.9958333333333,85.6331666666667,91.8041666666666,108.401666666667,48,32,5000,TRUE,TRUE,TRUE,TRUE,"TaskValues_ref","PopValues","SeasonalityCurves","Cadres","Expanded","Ethiopia",NA
"138","Expanded",2022,"NCDs","Clinical",42.58,45,47.17,49.25,52.24,48,32,5000,TRUE,TRUE,TRUE,TRUE,"TaskValues_ref","PopValues","SeasonalityCurves","Cadres","Expanded","Ethiopia",NA
"139","Expanded",2022,"Nutrition","Clinical",156.583333333333,170.954166666667,183.256333333333,193.766666666667,214.596666666667,48,32,5000,TRUE,TRUE,TRUE,TRUE,"TaskValues_ref","PopValues","SeasonalityCurves","Cadres","Expanded","Ethiopia",NA
"140","Expanded",2022,"Overhead 1","Non-productive",240,240,240,240,240,48,32,5000,TRUE,TRUE,TRUE,TRUE,"TaskValues_ref","PopValues","SeasonalityCurves","Cadres","Expanded","Ethiopia",NA
"141","Expanded",2022,"Overhead 2","Non-productive",240,240,240,240,240,48,32,5000,TRUE,TRUE,TRUE,TRUE,"TaskValues_ref","PopValues","SeasonalityCurves","Cadres","Expanded","Ethiopia",NA
"142","Expanded",2022,"Pregnancy","Clinical",220.245833333333,247.066666666667,265.3485,285.158333333333,309.493333333333,48,32,5000,TRUE,TRUE,TRUE,TRUE,"TaskValues_ref","PopValues","SeasonalityCurves","Cadres","Expanded","Ethiopia",NA
"143","Expanded",2022,"Record keeping","Non-productive",342.83,374.45,397.53,418.35,451.8,48,32,5000,TRUE,TRUE,TRUE,TRUE,"TaskValues_ref","PopValues","SeasonalityCurves","Cadres","Expanded","Ethiopia",NA
"144","Expanded",2022,"Sick child","Clinical",152.07,176.35,194.598,212.95,242.02,48,32,5000,TRUE,TRUE,TRUE,TRUE,"TaskValues_ref","PopValues","SeasonalityCurves","Cadres","Expanded","Ethiopia",NA
"145","Expanded",2023,"Disease surveillance for reportable diseases","Non-clinical",0.4,0.4,0.47,0.6,0.6,48,32,5000,TRUE,TRUE,TRUE,TRUE,"TaskValues_ref","PopValues","SeasonalityCurves","Cadres","Expanded","Ethiopia",NA
"146","Expanded",2023,"Family planning","Clinical",86.84,109.25,129.226,149.1,174.73,48,32,5000,TRUE,TRUE,TRUE,TRUE,"TaskValues_ref","PopValues","SeasonalityCurves","Cadres","Expanded","Ethiopia",NA
"147","Expanded",2023,"HIV","Clinical",0.2,0.2,0.2,0.2,0.2,48,32,5000,TRUE,TRUE,TRUE,TRUE,"TaskValues_ref","PopValues","SeasonalityCurves","Cadres","Expanded","Ethiopia",NA
"148","Expanded",2023,"Immunization","Clinical",54.7333333333333,61.7208333333333,65.6921666666667,70.8625,78.5108333333333,48,32,5000,TRUE,TRUE,TRUE,TRUE,"TaskValues_ref","PopValues","SeasonalityCurves","Cadres","Expanded","Ethiopia",NA
"149","Expanded",2023,"Malaria","Clinical",65.9791666666667,76.525,84.3606666666667,91.2625,107.140833333333,48,32,5000,TRUE,TRUE,TRUE,TRUE,"TaskValues_ref","PopValues","SeasonalityCurves","Cadres","Expanded","Ethiopia",NA
"150","Expanded",2023,"NCDs","Clinical",43.18,46.4,49.034,51.25,55.21,48,32,5000,TRUE,TRUE,TRUE,TRUE,"TaskValues_ref","PopValues","SeasonalityCurves","Cadres","Expanded","Ethiopia",NA
"151","Expanded",2023,"Nutrition","Clinical",158.236666666667,174.775,187.722333333333,199.033333333333,220.503333333333,48,32,5000,TRUE,TRUE,TRUE,TRUE,"TaskValues_ref","PopValues","SeasonalityCurves","Cadres","Expanded","Ethiopia",NA
"152","Expanded",2023,"Overhead 1","Non-productive",240,240,240,240,240,48,32,5000,TRUE,TRUE,TRUE,TRUE,"TaskValues_ref","PopValues","SeasonalityCurves","Cadres","Expanded","Ethiopia",NA
"153","Expanded",2023,"Overhead 2","Non-productive",240,240,240,240,240,48,32,5000,TRUE,TRUE,TRUE,TRUE,"TaskValues_ref","PopValues","SeasonalityCurves","Cadres","Expanded","Ethiopia",NA
"154","Expanded",2023,"Pregnancy","Clinical",218.020833333333,248.441666666667,268.059666666667,290.233333333333,318.095833333333,48,32,5000,TRUE,TRUE,TRUE,TRUE,"TaskValues_ref","PopValues","SeasonalityCurves","Cadres","Expanded","Ethiopia",NA
"155","Expanded",2023,"Record keeping","Non-productive",352.17,385.35,409.426,431.25,465.09,48,32,5000,TRUE,TRUE,TRUE,TRUE,"TaskValues_ref","PopValues","SeasonalityCurves","Cadres","Expanded","Ethiopia",NA
"156","Expanded",2023,"Sick child","Clinical",146.28,171.6,195.622,220.7,256.24,48,32,5000,TRUE,TRUE,TRUE,TRUE,"TaskValues_ref","PopValues","SeasonalityCurves","Cadres","Expanded","Ethiopia",NA
"157","Expanded",2024,"Disease surveillance for reportable diseases","Non-clinical",0.4,0.4,0.48,0.6,0.6,48,32,5000,TRUE,TRUE,TRUE,TRUE,"TaskValues_ref","PopValues","SeasonalityCurves","Cadres","Expanded","Ethiopia",NA
"158","Expanded",2024,"Family planning","Clinical",86.39,108.75,133.164,150.65,195.41,48,32,5000,TRUE,TRUE,TRUE,TRUE,"TaskValues_ref","PopValues","SeasonalityCurves","Cadres","Expanded","Ethiopia",NA
"159","Expanded",2024,"HIV","Clinical",0.2,0.2,0.2,0.2,0.2,48,32,5000,TRUE,TRUE,TRUE,TRUE,"TaskValues_ref","PopValues","SeasonalityCurves","Cadres","Expanded","Ethiopia",NA
"160","Expanded",2024,"Immunization","Clinical",53.98,61.4625,66.4635,71.95,79.6591666666667,48,32,5000,TRUE,TRUE,TRUE,TRUE,"TaskValues_ref","PopValues","SeasonalityCurves","Cadres","Expanded","Ethiopia",NA
"161","Expanded",2024,"Malaria","Clinical",60.5691666666667,73.7875,83.7781666666667,92.225,107.721666666667,48,32,5000,TRUE,TRUE,TRUE,TRUE,"TaskValues_ref","PopValues","SeasonalityCurves","Cadres","Expanded","Ethiopia",NA
"162","Expanded",2024,"NCDs","Clinical",43.99,47.8,50.876,53.8,59.41,48,32,5000,TRUE,TRUE,TRUE,TRUE,"TaskValues_ref","PopValues","SeasonalityCurves","Cadres","Expanded","Ethiopia",NA
"163","Expanded",2024,"Nutrition","Clinical",157.390833333333,177.291666666667,190.9775,204.8625,224.245833333333,48,32,5000,TRUE,TRUE,TRUE,TRUE,"TaskValues_ref","PopValues","SeasonalityCurves","Cadres","Expanded","Ethiopia",NA
"164","Expanded",2024,"Overhead 1","Non-productive",240,240,240,240,240,48,32,5000,TRUE,TRUE,TRUE,TRUE,"TaskValues_ref","PopValues","SeasonalityCurves","Cadres","Expanded","Ethiopia",NA
"165","Expanded",2024,"Overhead 2","Non-productive",240,240,240,240,240,48,32,5000,TRUE,TRUE,TRUE,TRUE,"TaskValues_ref","PopValues","SeasonalityCurves","Cadres","Expanded","Ethiopia",NA
"166","Expanded",2024,"Pregnancy","Clinical",212.559166666667,248.183333333333,270.935,294.333333333333,323.285833333333,48,32,5000,TRUE,TRUE,TRUE,TRUE,"TaskValues_ref","PopValues","SeasonalityCurves","Cadres","Expanded","Ethiopia",NA
"167","Expanded",2024,"Record keeping","Non-productive",360.94,395.45,421.428,444.3,478.77,48,32,5000,TRUE,TRUE,TRUE,TRUE,"TaskValues_ref","PopValues","SeasonalityCurves","Cadres","Expanded","Ethiopia",NA
"168","Expanded",2024,"Sick child","Clinical",135.49,164.55,191.218,216.25,250.39,48,32,5000,TRUE,TRUE,TRUE,TRUE,"TaskValues_ref","PopValues","SeasonalityCurves","Cadres","Expanded","Ethiopia",NA
"169","Expanded",2025,"Disease surveillance for reportable diseases","Non-clinical",0.4,0.4,0.484,0.6,0.6,48,32,5000,TRUE,TRUE,TRUE,TRUE,"TaskValues_ref","PopValues","SeasonalityCurves","Cadres","Expanded","Ethiopia",NA
"170","Expanded",2025,"Family planning","Clinical",87.56,110.75,138.184,159.6,189.39,48,32,5000,TRUE,TRUE,TRUE,TRUE,"TaskValues_ref","PopValues","SeasonalityCurves","Cadres","Expanded","Ethiopia",NA
"171","Expanded",2025,"HIV","Clinical",0.2,0.2,0.2,0.2,0.2,48,32,5000,TRUE,TRUE,TRUE,TRUE,"TaskValues_ref","PopValues","SeasonalityCurves","Cadres","Expanded","Ethiopia",NA
"172","Expanded",2025,"Immunization","Clinical",52.7808333333333,61.55,67.1411666666667,72.8958333333333,82.0366666666667,48,32,5000,TRUE,TRUE,TRUE,TRUE,"TaskValues_ref","PopValues","SeasonalityCurves","Cadres","Expanded","Ethiopia",NA
"173","Expanded",2025,"Malaria","Clinical",59.2733333333333,73.9083333333333,84.9645,95.7291666666667,113.358333333333,48,32,5000,TRUE,TRUE,TRUE,TRUE,"TaskValues_ref","PopValues","SeasonalityCurves","Cadres","Expanded","Ethiopia",NA
"174","Expanded",2025,"NCDs","Clinical",45.37,49.9,53.15,56.4,61.04,48,32,5000,TRUE,TRUE,TRUE,TRUE,"TaskValues_ref","PopValues","SeasonalityCurves","Cadres","Expanded","Ethiopia",NA
"175","Expanded",2025,"Nutrition","Clinical",154.8675,179.079166666667,193.311166666667,206.520833333333,232.035833333333,48,32,5000,TRUE,TRUE,TRUE,TRUE,"TaskValues_ref","PopValues","SeasonalityCurves","Cadres","Expanded","Ethiopia",NA
"176","Expanded",2025,"Overhead 1","Non-productive",240,240,240,240,240,48,32,5000,TRUE,TRUE,TRUE,TRUE,"TaskValues_ref","PopValues","SeasonalityCurves","Cadres","Expanded","Ethiopia",NA
"177","Expanded",2025,"Overhead 2","Non-productive",240,240,240,240,240,48,32,5000,TRUE,TRUE,TRUE,TRUE,"TaskValues_ref","PopValues","SeasonalityCurves","Cadres","Expanded","Ethiopia",NA
"178","Expanded",2025,"Pregnancy","Clinical",217.429166666667,246.220833333333,273.533166666667,299.120833333333,325.6325,48,32,5000,TRUE,TRUE,TRUE,TRUE,"TaskValues_ref","PopValues","SeasonalityCurves","Cadres","Expanded","Ethiopia",NA
"179","Expanded",2025,"Record keeping","Non-productive",369.74,406.25,433.512,457.05,494.19,48,32,5000,TRUE,TRUE,TRUE,TRUE,"TaskValues_ref","PopValues","SeasonalityCurves","Cadres","Expanded","Ethiopia",NA
"180","Expanded",2025,"Sick child","Clinical",123.71,163.8,189.062,214.45,254.82,48,32,5000,TRUE,TRUE,TRUE,TRUE,"TaskValues_ref","PopValues","SeasonalityCurves","Cadres","Expanded","Ethiopia",NA
"181","Expanded",2026,"Disease surveillance for reportable diseases","Non-clinical",0.4,0.4,0.492,0.6,0.6,48,32,5000,TRUE,TRUE,TRUE,TRUE,"TaskValues_ref","PopValues","SeasonalityCurves","Cadres","Expanded","Ethiopia",NA
"182","Expanded",2026,"Family planning","Clinical",90.33,115.05,143.152,171.15,203.01,48,32,5000,TRUE,TRUE,TRUE,TRUE,"TaskValues_ref","PopValues","SeasonalityCurves","Cadres","Expanded","Ethiopia",NA
"183","Expanded",2026,"HIV","Clinical",0.2,0.2,0.2,0.2,0.2,48,32,5000,TRUE,TRUE,TRUE,TRUE,"TaskValues_ref","PopValues","SeasonalityCurves","Cadres","Expanded","Ethiopia",NA
"184","Expanded",2026,"Immunization","Clinical",53.155,61.625,67.8518333333333,73.4041666666667,82.4583333333333,48,32,5000,TRUE,TRUE,TRUE,TRUE,"TaskValues_ref","PopValues","SeasonalityCurves","Cadres","Expanded","Ethiopia",NA
"185","Expanded",2026,"Malaria","Clinical",55.2841666666667,74.9125,84.9503333333333,97.1125,113.145,48,32,5000,TRUE,TRUE,TRUE,TRUE,"TaskValues_ref","PopValues","SeasonalityCurves","Cadres","Expanded","Ethiopia",NA
"186","Expanded",2026,"NCDs","Clinical",46.78,51.15,55.012,59.3,64.45,48,32,5000,TRUE,TRUE,TRUE,TRUE,"TaskValues_ref","PopValues","SeasonalityCurves","Cadres","Expanded","Ethiopia",NA
"187","Expanded",2026,"Nutrition","Clinical",152.965833333333,179.6375,194.66,208.15,241.079166666667,48,32,5000,TRUE,TRUE,TRUE,TRUE,"TaskValues_ref","PopValues","SeasonalityCurves","Cadres","Expanded","Ethiopia",NA
"188","Expanded",2026,"Overhead 1","Non-productive",240,240,240,240,240,48,32,5000,TRUE,TRUE,TRUE,TRUE,"TaskValues_ref","PopValues","SeasonalityCurves","Cadres","Expanded","Ethiopia",NA
"189","Expanded",2026,"Overhead 2","Non-productive",240,240,240,240,240,48,32,5000,TRUE,TRUE,TRUE,TRUE,"TaskValues_ref","PopValues","SeasonalityCurves","Cadres","Expanded","Ethiopia",NA
"190","Expanded",2026,"Pregnancy","Clinical",215.675,245.029166666667,275.4255,302.941666666667,338.9425,48,32,5000,TRUE,TRUE,TRUE,TRUE,"TaskValues_ref","PopValues","SeasonalityCurves","Cadres","Expanded","Ethiopia",NA
"191","Expanded",2026,"Record keeping","Non-productive",378.2,417.95,445.674,469.6,509.65,48,32,5000,TRUE,TRUE,TRUE,TRUE,"TaskValues_ref","PopValues","SeasonalityCurves","Cadres","Expanded","Ethiopia",NA
"192","Expanded",2026,"Sick child","Clinical",124.18,159.35,184.246,211.9,243.31,48,32,5000,TRUE,TRUE,TRUE,TRUE,"TaskValues_ref","PopValues","SeasonalityCurves","Cadres","Expanded","Ethiopia",NA
"193","Expanded",2027,"Disease surveillance for reportable diseases","Non-clinical",0.39,0.4,0.512,0.6,0.8,48,32,5000,TRUE,TRUE,TRUE,TRUE,"TaskValues_ref","PopValues","SeasonalityCurves","Cadres","Expanded","Ethiopia",NA
"194","Expanded",2027,"Family planning","Clinical",91.99,114.15,144.744,167.75,211.51,48,32,5000,TRUE,TRUE,TRUE,TRUE,"TaskValues_ref","PopValues","SeasonalityCurves","Cadres","Expanded","Ethiopia",NA
"195","Expanded",2027,"HIV","Clinical",0.2,0.2,0.2,0.2,0.2,48,32,5000,TRUE,TRUE,TRUE,TRUE,"TaskValues_ref","PopValues","SeasonalityCurves","Cadres","Expanded","Ethiopia",NA
"196","Expanded",2027,"Immunization","Clinical",53.065,61.9416666666667,68.4496666666667,74.675,83.1675,48,32,5000,TRUE,TRUE,TRUE,TRUE,"TaskValues_ref","PopValues","SeasonalityCurves","Cadres","Expanded","Ethiopia",NA
"197","Expanded",2027,"Malaria","Clinical",57.6666666666667,71.7041666666667,85.3876666666667,100.129166666667,117.9625,48,32,5000,TRUE,TRUE,TRUE,TRUE,"TaskValues_ref","PopValues","SeasonalityCurves","Cadres","Expanded","Ethiopia",NA
"198","Expanded",2027,"NCDs","Clinical",47.58,52.6,57.348,62.4,66.43,48,32,5000,TRUE,TRUE,TRUE,TRUE,"TaskValues_ref","PopValues","SeasonalityCurves","Cadres","Expanded","Ethiopia",NA
"199","Expanded",2027,"Nutrition","Clinical",155.365,179.566666666667,195.976166666667,212.070833333333,246.736666666667,48,32,5000,TRUE,TRUE,TRUE,TRUE,"TaskValues_ref","PopValues","SeasonalityCurves","Cadres","Expanded","Ethiopia",NA
"200","Expanded",2027,"Overhead 1","Non-productive",240,240,240,240,240,48,32,5000,TRUE,TRUE,TRUE,TRUE,"TaskValues_ref","PopValues","SeasonalityCurves","Cadres","Expanded","Ethiopia",NA
"201","Expanded",2027,"Overhead 2","Non-productive",240,240,240,240,240,48,32,5000,TRUE,TRUE,TRUE,TRUE,"TaskValues_ref","PopValues","SeasonalityCurves","Cadres","Expanded","Ethiopia",NA
"202","Expanded",2027,"Pregnancy","Clinical",209.52,243.091666666667,276.118833333333,310.141666666667,344.829166666667,48,32,5000,TRUE,TRUE,TRUE,TRUE,"TaskValues_ref","PopValues","SeasonalityCurves","Cadres","Expanded","Ethiopia",NA
"203","Expanded",2027,"Record keeping","Non-productive",386.65,430.95,457.792,483.1,524.33,48,32,5000,TRUE,TRUE,TRUE,TRUE,"TaskValues_ref","PopValues","SeasonalityCurves","Cadres","Expanded","Ethiopia",NA
"204","Expanded",2027,"Sick child","Clinical",118.38,150.85,181.926,210.6,258,48,32,5000,TRUE,TRUE,TRUE,TRUE,"TaskValues_ref","PopValues","SeasonalityCurves","Cadres","Expanded","Ethiopia",NA
"205","Expanded",2028,"Disease surveillance for reportable diseases","Non-clinical",0.4,0.4,0.534,0.6,0.8,48,32,5000,TRUE,TRUE,TRUE,TRUE,"TaskValues_ref","PopValues","SeasonalityCurves","Cadres","Expanded","Ethiopia",NA
"206","Expanded",2028,"Family planning","Clinical",86.76,112.7,147.482,177.25,220.06,48,32,5000,TRUE,TRUE,TRUE,TRUE,"TaskValues_ref","PopValues","SeasonalityCurves","Cadres","Expanded","Ethiopia",NA
"207","Expanded",2028,"HIV","Clinical",0.2,0.2,0.2,0.2,0.2,48,32,5000,TRUE,TRUE,TRUE,TRUE,"TaskValues_ref","PopValues","SeasonalityCurves","Cadres","Expanded","Ethiopia",NA
"208","Expanded",2028,"Immunization","Clinical",52.935,62.5166666666667,68.8691666666667,75.2,84.2208333333333,48,32,5000,TRUE,TRUE,TRUE,TRUE,"TaskValues_ref","PopValues","SeasonalityCurves","Cadres","Expanded","Ethiopia",NA
"209","Expanded",2028,"Malaria","Clinical",56.7791666666667,69.6791666666667,86.6091666666667,102.508333333333,121.803333333333,48,32,5000,TRUE,TRUE,TRUE,TRUE,"TaskValues_ref","PopValues","SeasonalityCurves","Cadres","Expanded","Ethiopia",NA
"210","Expanded",2028,"NCDs","Clinical",49.94,54.7,59.85,64.6,71.43,48,32,5000,TRUE,TRUE,TRUE,TRUE,"TaskValues_ref","PopValues","SeasonalityCurves","Cadres","Expanded","Ethiopia",NA
"211","Expanded",2028,"Nutrition","Clinical",153.678333333333,177.154166666667,197.048833333333,212.195833333333,251.926666666667,48,32,5000,TRUE,TRUE,TRUE,TRUE,"TaskValues_ref","PopValues","SeasonalityCurves","Cadres","Expanded","Ethiopia",NA
"212","Expanded",2028,"Overhead 1","Non-productive",240,240,240,240,240,48,32,5000,TRUE,TRUE,TRUE,TRUE,"TaskValues_ref","PopValues","SeasonalityCurves","Cadres","Expanded","Ethiopia",NA
"213","Expanded",2028,"Overhead 2","Non-productive",240,240,240,240,240,48,32,5000,TRUE,TRUE,TRUE,TRUE,"TaskValues_ref","PopValues","SeasonalityCurves","Cadres","Expanded","Ethiopia",NA
"214","Expanded",2028,"Pregnancy","Clinical",213.679166666667,243.408333333333,278.736,306.816666666667,360.994166666667,48,32,5000,TRUE,TRUE,TRUE,TRUE,"TaskValues_ref","PopValues","SeasonalityCurves","Cadres","Expanded","Ethiopia",NA
"215","Expanded",2028,"Record keeping","Non-productive",395.11,441.5,469.928,497.75,539.6,48,32,5000,TRUE,TRUE,TRUE,TRUE,"TaskValues_ref","PopValues","SeasonalityCurves","Cadres","Expanded","Ethiopia",NA
"216","Expanded",2028,"Sick child","Clinical",110.72,149.05,180.01,216.1,258.81,48,32,5000,TRUE,TRUE,TRUE,TRUE,"TaskValues_ref","PopValues","SeasonalityCurves","Cadres","Expanded","Ethiopia",NA
"217","Expanded",2029,"Disease surveillance for reportable diseases","Non-clinical",0.4,0.4,0.546,0.6,0.8,48,32,5000,TRUE,TRUE,TRUE,TRUE,"TaskValues_ref","PopValues","SeasonalityCurves","Cadres","Expanded","Ethiopia",NA
"218","Expanded",2029,"Family planning","Clinical",92.56,114.2,151.204,184.35,221.92,48,32,5000,TRUE,TRUE,TRUE,TRUE,"TaskValues_ref","PopValues","SeasonalityCurves","Cadres","Expanded","Ethiopia",NA
"219","Expanded",2029,"HIV","Clinical",0.2,0.2,0.2,0.2,0.2,48,32,5000,TRUE,TRUE,TRUE,TRUE,"TaskValues_ref","PopValues","SeasonalityCurves","Cadres","Expanded","Ethiopia",NA
"220","Expanded",2029,"Immunization","Clinical",50.87,61.7958333333333,69.2126666666667,76.875,85.7816666666666,48,32,5000,TRUE,TRUE,TRUE,TRUE,"TaskValues_ref","PopValues","SeasonalityCurves","Cadres","Expanded","Ethiopia",NA
"221","Expanded",2029,"Malaria","Clinical",55.9616666666667,68.4833333333333,87.093,98.7416666666667,124.548333333333,48,32,5000,TRUE,TRUE,TRUE,TRUE,"TaskValues_ref","PopValues","SeasonalityCurves","Cadres","Expanded","Ethiopia",NA
"222","Expanded",2029,"NCDs","Clinical",51.96,57.1,62.278,67.05,76.21,48,32,5000,TRUE,TRUE,TRUE,TRUE,"TaskValues_ref","PopValues","SeasonalityCurves","Cadres","Expanded","Ethiopia",NA
"223","Expanded",2029,"Nutrition","Clinical",148.965833333333,176.283333333333,197.610666666667,214.608333333333,258.694166666667,48,32,5000,TRUE,TRUE,TRUE,TRUE,"TaskValues_ref","PopValues","SeasonalityCurves","Cadres","Expanded","Ethiopia",NA
"224","Expanded",2029,"Overhead 1","Non-productive",240,240,240,240,240,48,32,5000,TRUE,TRUE,TRUE,TRUE,"TaskValues_ref","PopValues","SeasonalityCurves","Cadres","Expanded","Ethiopia",NA
"225","Expanded",2029,"Overhead 2","Non-productive",240,240,240,240,240,48,32,5000,TRUE,TRUE,TRUE,TRUE,"TaskValues_ref","PopValues","SeasonalityCurves","Cadres","Expanded","Ethiopia",NA
"226","Expanded",2029,"Pregnancy","Clinical",214.575,243.766666666667,280.589333333333,311.095833333333,362.88,48,32,5000,TRUE,TRUE,TRUE,TRUE,"TaskValues_ref","PopValues","SeasonalityCurves","Cadres","Expanded","Ethiopia",NA
"227","Expanded",2029,"Record keeping","Non-productive",403.17,454.5,482.104,511.45,553.3,48,32,5000,TRUE,TRUE,TRUE,TRUE,"TaskValues_ref","PopValues","SeasonalityCurves","Cadres","Expanded","Ethiopia",NA
"228","Expanded",2029,"Sick child","Clinical",106.81,148.4,179.296,215.35,255.86,48,32,5000,TRUE,TRUE,TRUE,TRUE,"TaskValues_ref","PopValues","SeasonalityCurves","Cadres","Expanded","Ethiopia",NA
"229","Expanded",2030,"Disease surveillance for reportable diseases","Non-clinical",0.4,0.4,0.552,0.6,0.809999999999999,48,32,5000,TRUE,TRUE,TRUE,TRUE,"TaskValues_ref","PopValues","SeasonalityCurves","Cadres","Expanded","Ethiopia",NA
"230","Expanded",2030,"Family planning","Clinical",86.57,112.15,156.544,194.45,246.11,48,32,5000,TRUE,TRUE,TRUE,TRUE,"TaskValues_ref","PopValues","SeasonalityCurves","Cadres","Expanded","Ethiopia",NA
"231","Expanded",2030,"HIV","Clinical",0.2,0.2,0.211111111111111,0.2,0.23,48,32,5000,TRUE,TRUE,TRUE,TRUE,"TaskValues_ref","PopValues","SeasonalityCurves","Cadres","Expanded","Ethiopia",NA
"232","Expanded",2030,"Immunization","Clinical",49.5083333333333,61.7125,69.7541666666667,77.2375,87.6558333333333,48,32,5000,TRUE,TRUE,TRUE,TRUE,"TaskValues_ref","PopValues","SeasonalityCurves","Cadres","Expanded","Ethiopia",NA
"233","Expanded",2030,"Malaria","Clinical",53.155,70.7458333333333,88.5123333333333,102.225,132.475833333333,48,32,5000,TRUE,TRUE,TRUE,TRUE,"TaskValues_ref","PopValues","SeasonalityCurves","Cadres","Expanded","Ethiopia",NA
"234","Expanded",2030,"NCDs","Clinical",52.19,57.9,64.59,70,79.65,48,32,5000,TRUE,TRUE,TRUE,TRUE,"TaskValues_ref","PopValues","SeasonalityCurves","Cadres","Expanded","Ethiopia",NA
"235","Expanded",2030,"Nutrition","Clinical",147.681666666667,176.645833333333,198.595833333333,214.75,266.046666666667,48,32,5000,TRUE,TRUE,TRUE,TRUE,"TaskValues_ref","PopValues","SeasonalityCurves","Cadres","Expanded","Ethiopia",NA
"236","Expanded",2030,"Overhead 1","Non-productive",240,240,240,240,240,48,32,5000,TRUE,TRUE,TRUE,TRUE,"TaskValues_ref","PopValues","SeasonalityCurves","Cadres","Expanded","Ethiopia",NA
"237","Expanded",2030,"Overhead 2","Non-productive",240,240,240,240,240,48,32,5000,TRUE,TRUE,TRUE,TRUE,"TaskValues_ref","PopValues","SeasonalityCurves","Cadres","Expanded","Ethiopia",NA
"238","Expanded",2030,"Pregnancy","Clinical",219.215833333333,248.329166666667,283.306166666667,320.020833333333,363.445833333333,48,32,5000,TRUE,TRUE,TRUE,TRUE,"TaskValues_ref","PopValues","SeasonalityCurves","Cadres","Expanded","Ethiopia",NA
"239","Expanded",2030,"Record keeping","Non-productive",413.02,467.1,494.37,525.7,567.59,48,32,5000,TRUE,TRUE,TRUE,TRUE,"TaskValues_ref","PopValues","SeasonalityCurves","Cadres","Expanded","Ethiopia",NA
"240","Expanded",2030,"Sick child","Clinical",108.12,141.8,175.836,200.55,265.67,48,32,5000,TRUE,TRUE,TRUE,TRUE,"TaskValues_ref","PopValues","SeasonalityCurves","Cadres","Expanded","Ethiopia",NA
"241","Expanded",2031,"Disease surveillance for reportable diseases","Non-clinical",0.4,0.4,0.568,0.6,0.8,48,32,5000,TRUE,TRUE,TRUE,TRUE,"TaskValues_ref","PopValues","SeasonalityCurves","Cadres","Expanded","Ethiopia",NA
"242","Expanded",2031,"Family planning","Clinical",93.77,118.2,159.726,192.6,240.99,48,32,5000,TRUE,TRUE,TRUE,TRUE,"TaskValues_ref","PopValues","SeasonalityCurves","Cadres","Expanded","Ethiopia",NA
"243","Expanded",2031,"HIV","Clinical",0.2,0.2,0.211764705882353,0.2,0.24,48,32,5000,TRUE,TRUE,TRUE,TRUE,"TaskValues_ref","PopValues","SeasonalityCurves","Cadres","Expanded","Ethiopia",NA
"244","Expanded",2031,"Immunization","Clinical",50.9091666666667,61.6375,70.3073333333333,78.1416666666667,86.9291666666666,48,32,5000,TRUE,TRUE,TRUE,TRUE,"TaskValues_ref","PopValues","SeasonalityCurves","Cadres","Expanded","Ethiopia",NA
"245","Expanded",2031,"Malaria","Clinical",50.9158333333333,67.9166666666667,88.9606666666667,106.758333333333,131.909166666667,48,32,5000,TRUE,TRUE,TRUE,TRUE,"TaskValues_ref","PopValues","SeasonalityCurves","Cadres","Expanded","Ethiopia",NA
"246","Expanded",2031,"NCDs","Clinical",55.17,59.4,67.012,71.95,83.81,48,32,5000,TRUE,TRUE,TRUE,TRUE,"TaskValues_ref","PopValues","SeasonalityCurves","Cadres","Expanded","Ethiopia",NA
"247","Expanded",2031,"Nutrition","Clinical",147.875833333333,176.291666666667,199.080166666667,217.0875,273.275,48,32,5000,TRUE,TRUE,TRUE,TRUE,"TaskValues_ref","PopValues","SeasonalityCurves","Cadres","Expanded","Ethiopia",NA
"248","Expanded",2031,"Overhead 1","Non-productive",240,240,240,240,240,48,32,5000,TRUE,TRUE,TRUE,TRUE,"TaskValues_ref","PopValues","SeasonalityCurves","Cadres","Expanded","Ethiopia",NA
"249","Expanded",2031,"Overhead 2","Non-productive",240,240,240,240,240,48,32,5000,TRUE,TRUE,TRUE,TRUE,"TaskValues_ref","PopValues","SeasonalityCurves","Cadres","Expanded","Ethiopia",NA
"250","Expanded",2031,"Pregnancy","Clinical",216.32,250.529166666667,285.799833333333,317.275,378.14,48,32,5000,TRUE,TRUE,TRUE,TRUE,"TaskValues_ref","PopValues","SeasonalityCurves","Cadres","Expanded","Ethiopia",NA
"251","Expanded",2031,"Record keeping","Non-productive",422.93,477.55,506.728,538.6,581.88,48,32,5000,TRUE,TRUE,TRUE,TRUE,"TaskValues_ref","PopValues","SeasonalityCurves","Cadres","Expanded","Ethiopia",NA
"252","Expanded",2031,"Sick child","Clinical",110.13,138.1,173.384,203.05,265.49,48,32,5000,TRUE,TRUE,TRUE,TRUE,"TaskValues_ref","PopValues","SeasonalityCurves","Cadres","Expanded","Ethiopia",NA
"253","Expanded",2032,"Disease surveillance for reportable diseases","Non-clinical",0.4,0.4,0.57,0.6,1,48,32,5000,TRUE,TRUE,TRUE,TRUE,"TaskValues_ref","PopValues","SeasonalityCurves","Cadres","Expanded","Ethiopia",NA
"254","Expanded",2032,"Family planning","Clinical",88.6,116.5,163.474,204.3,257.13,48,32,5000,TRUE,TRUE,TRUE,TRUE,"TaskValues_ref","PopValues","SeasonalityCurves","Cadres","Expanded","Ethiopia",NA
"255","Expanded",2032,"HIV","Clinical",0.2,0.2,0.213333333333333,0.2,0.26,48,32,5000,TRUE,TRUE,TRUE,TRUE,"TaskValues_ref","PopValues","SeasonalityCurves","Cadres","Expanded","Ethiopia",NA
"256","Expanded",2032,"Immunization","Clinical",52.5258333333333,62.8791666666667,70.953,78.65,89.4458333333333,48,32,5000,TRUE,TRUE,TRUE,TRUE,"TaskValues_ref","PopValues","SeasonalityCurves","Cadres","Expanded","Ethiopia",NA
"257","Expanded",2032,"Malaria","Clinical",49.9075,68.9041666666667,90.189,104.533333333333,148.923333333333,48,32,5000,TRUE,TRUE,TRUE,TRUE,"TaskValues_ref","PopValues","SeasonalityCurves","Cadres","Expanded","Ethiopia",NA
"258","Expanded",2032,"NCDs","Clinical",55.55,61.8,68.97,75.4,86.84,48,32,5000,TRUE,TRUE,TRUE,TRUE,"TaskValues_ref","PopValues","SeasonalityCurves","Cadres","Expanded","Ethiopia",NA
"259","Expanded",2032,"Nutrition","Clinical",146.9925,175.945833333333,200.1305,218.904166666667,267.77,48,32,5000,TRUE,TRUE,TRUE,TRUE,"TaskValues_ref","PopValues","SeasonalityCurves","Cadres","Expanded","Ethiopia",NA
"260","Expanded",2032,"Overhead 1","Non-productive",240,240,240,240,240,48,32,5000,TRUE,TRUE,TRUE,TRUE,"TaskValues_ref","PopValues","SeasonalityCurves","Cadres","Expanded","Ethiopia",NA
"261","Expanded",2032,"Overhead 2","Non-productive",240,240,240,240,240,48,32,5000,TRUE,TRUE,TRUE,TRUE,"TaskValues_ref","PopValues","SeasonalityCurves","Cadres","Expanded","Ethiopia",NA
"262","Expanded",2032,"Pregnancy","Clinical",205.3,253.254166666667,287.397166666667,322.295833333333,374.830833333333,48,32,5000,TRUE,TRUE,TRUE,TRUE,"TaskValues_ref","PopValues","SeasonalityCurves","Cadres","Expanded","Ethiopia",NA
"263","Expanded",2032,"Record keeping","Non-productive",432.5,489.7,519.138,551,597.03,48,32,5000,TRUE,TRUE,TRUE,TRUE,"TaskValues_ref","PopValues","SeasonalityCurves","Cadres","Expanded","Ethiopia",NA
"264","Expanded",2032,"Sick child","Clinical",108.62,133.05,170.08,198.5,261.6,48,32,5000,TRUE,TRUE,TRUE,TRUE,"TaskValues_ref","PopValues","SeasonalityCurves","Cadres","Expanded","Ethiopia",NA
"265","Expanded",2033,"Disease surveillance for reportable diseases","Non-clinical",0.4,0.4,0.598,0.8,1,48,32,5000,TRUE,TRUE,TRUE,TRUE,"TaskValues_ref","PopValues","SeasonalityCurves","Cadres","Expanded","Ethiopia",NA
"266","Expanded",2033,"Family planning","Clinical",88.58,122.8,167.342,207,262.83,48,32,5000,TRUE,TRUE,TRUE,TRUE,"TaskValues_ref","PopValues","SeasonalityCurves","Cadres","Expanded","Ethiopia",NA
"267","Expanded",2033,"HIV","Clinical",0.2,0.2,0.2,0.2,0.2,48,32,5000,TRUE,TRUE,TRUE,TRUE,"TaskValues_ref","PopValues","SeasonalityCurves","Cadres","Expanded","Ethiopia",NA
"268","Expanded",2033,"Immunization","Clinical",51.5808333333333,63.1208333333333,71.5283333333333,78.7541666666667,91.73,48,32,5000,TRUE,TRUE,TRUE,TRUE,"TaskValues_ref","PopValues","SeasonalityCurves","Cadres","Expanded","Ethiopia",NA
"269","Expanded",2033,"Malaria","Clinical",52.1958333333333,71.6958333333334,91.3345,106.925,147.661666666667,48,32,5000,TRUE,TRUE,TRUE,TRUE,"TaskValues_ref","PopValues","SeasonalityCurves","Cadres","Expanded","Ethiopia",NA
"270","Expanded",2033,"NCDs","Clinical",55.76,64.3,71.42,77.6,92.5999999999999,48,32,5000,TRUE,TRUE,TRUE,TRUE,"TaskValues_ref","PopValues","SeasonalityCurves","Cadres","Expanded","Ethiopia",NA
"271","Expanded",2033,"Nutrition","Clinical",145.345,174.970833333333,201.478333333333,225.170833333333,269.399166666667,48,32,5000,TRUE,TRUE,TRUE,TRUE,"TaskValues_ref","PopValues","SeasonalityCurves","Cadres","Expanded","Ethiopia",NA
"272","Expanded",2033,"Overhead 1","Non-productive",240,240,240,240,240,48,32,5000,TRUE,TRUE,TRUE,TRUE,"TaskValues_ref","PopValues","SeasonalityCurves","Cadres","Expanded","Ethiopia",NA
"273","Expanded",2033,"Overhead 2","Non-productive",240,240,240,240,240,48,32,5000,TRUE,TRUE,TRUE,TRUE,"TaskValues_ref","PopValues","SeasonalityCurves","Cadres","Expanded","Ethiopia",NA
"274","Expanded",2033,"Pregnancy","Clinical",209.5475,251.3375,288.569833333333,327.279166666667,367.5325,48,32,5000,TRUE,TRUE,TRUE,TRUE,"TaskValues_ref","PopValues","SeasonalityCurves","Cadres","Expanded","Ethiopia",NA
"275","Expanded",2033,"Record keeping","Non-productive",441.8,502.6,531.364,565.9,613.09,48,32,5000,TRUE,TRUE,TRUE,TRUE,"TaskValues_ref","PopValues","SeasonalityCurves","Cadres","Expanded","Ethiopia",NA
"276","Expanded",2033,"Sick child","Clinical",103.92,132.65,168.838,199.7,257.12,48,32,5000,TRUE,TRUE,TRUE,TRUE,"TaskValues_ref","PopValues","SeasonalityCurves","Cadres","Expanded","Ethiopia",NA
"277","Expanded",2034,"Disease surveillance for reportable diseases","Non-clinical",0.39,0.4,0.606,0.8,1,48,32,5000,TRUE,TRUE,TRUE,TRUE,"TaskValues_ref","PopValues","SeasonalityCurves","Cadres","Expanded","Ethiopia",NA
"278","Expanded",2034,"Family planning","Clinical",89.47,127.75,171.488,215.9,283.23,48,32,5000,TRUE,TRUE,TRUE,TRUE,"TaskValues_ref","PopValues","SeasonalityCurves","Cadres","Expanded","Ethiopia",NA
"279","Expanded",2034,"HIV","Clinical",0.2,0.2,0.2,0.2,0.2,48,32,5000,TRUE,TRUE,TRUE,TRUE,"TaskValues_ref","PopValues","SeasonalityCurves","Cadres","Expanded","Ethiopia",NA
"280","Expanded",2034,"Immunization","Clinical",51.3116666666667,62.6875,71.9853333333333,80.2625,91.6375,48,32,5000,TRUE,TRUE,TRUE,TRUE,"TaskValues_ref","PopValues","SeasonalityCurves","Cadres","Expanded","Ethiopia",NA
"281","Expanded",2034,"Malaria","Clinical",50.71,71.8833333333333,92.8566666666667,114.35,151.635833333333,48,32,5000,TRUE,TRUE,TRUE,TRUE,"TaskValues_ref","PopValues","SeasonalityCurves","Cadres","Expanded","Ethiopia",NA
"282","Expanded",2034,"NCDs","Clinical",58.52,65.6,73.87,80.6,92.59,48,32,5000,TRUE,TRUE,TRUE,TRUE,"TaskValues_ref","PopValues","SeasonalityCurves","Cadres","Expanded","Ethiopia",NA
"283","Expanded",2034,"Nutrition","Clinical",143.005833333333,177.429166666667,202.193333333333,227.870833333333,267.924166666667,48,32,5000,TRUE,TRUE,TRUE,TRUE,"TaskValues_ref","PopValues","SeasonalityCurves","Cadres","Expanded","Ethiopia",NA
"284","Expanded",2034,"Overhead 1","Non-productive",240,240,240,240,240,48,32,5000,TRUE,TRUE,TRUE,TRUE,"TaskValues_ref","PopValues","SeasonalityCurves","Cadres","Expanded","Ethiopia",NA
"285","Expanded",2034,"Overhead 2","Non-productive",240,240,240,240,240,48,32,5000,TRUE,TRUE,TRUE,TRUE,"TaskValues_ref","PopValues","SeasonalityCurves","Cadres","Expanded","Ethiopia",NA
"286","Expanded",2034,"Pregnancy","Clinical",204.881666666667,247.791666666667,290.177166666667,331.104166666667,368.309166666667,48,32,5000,TRUE,TRUE,TRUE,TRUE,"TaskValues_ref","PopValues","SeasonalityCurves","Cadres","Expanded","Ethiopia",NA
"287","Expanded",2034,"Record keeping","Non-productive",448.79,513.35,543.53,581.25,627.46,48,32,5000,TRUE,TRUE,TRUE,TRUE,"TaskValues_ref","PopValues","SeasonalityCurves","Cadres","Expanded","Ethiopia",NA
"288","Expanded",2034,"Sick child","Clinical",93.98,129.65,166.82,202.05,260.22,48,32,5000,TRUE,TRUE,TRUE,TRUE,"TaskValues_ref","PopValues","SeasonalityCurves","Cadres","Expanded","Ethiopia",NA
"289","Expanded",2035,"Disease surveillance for reportable diseases","Non-clinical",0.4,0.4,0.622,0.8,1,48,32,5000,TRUE,TRUE,TRUE,TRUE,"TaskValues_ref","PopValues","SeasonalityCurves","Cadres","Expanded","Ethiopia",NA
"290","Expanded",2035,"Family planning","Clinical",88.59,134.95,175.552,218.75,284.23,48,32,5000,TRUE,TRUE,TRUE,TRUE,"TaskValues_ref","PopValues","SeasonalityCurves","Cadres","Expanded","Ethiopia",NA
"291","Expanded",2035,"HIV","Clinical",0.2,0.2,0.2,0.2,0.2,48,32,5000,TRUE,TRUE,TRUE,TRUE,"TaskValues_ref","PopValues","SeasonalityCurves","Cadres","Expanded","Ethiopia",NA
"292","Expanded",2035,"Immunization","Clinical",50.5091666666667,63.0041666666667,72.356,81.4916666666667,95.0183333333333,48,32,5000,TRUE,TRUE,TRUE,TRUE,"TaskValues_ref","PopValues","SeasonalityCurves","Cadres","Expanded","Ethiopia",NA
"293","Expanded",2035,"Malaria","Clinical",49.7933333333333,73.9375,93.1236666666667,112.383333333333,146.22,48,32,5000,TRUE,TRUE,TRUE,TRUE,"TaskValues_ref","PopValues","SeasonalityCurves","Cadres","Expanded","Ethiopia",NA
"294","Expanded",2035,"NCDs","Clinical",59.73,67.55,76.132,82.25,100.83,48,32,5000,TRUE,TRUE,TRUE,TRUE,"TaskValues_ref","PopValues","SeasonalityCurves","Cadres","Expanded","Ethiopia",NA
"295","Expanded",2035,"Nutrition","Clinical",138.258333333333,178.004166666667,203.028,230.2375,265.3625,48,32,5000,TRUE,TRUE,TRUE,TRUE,"TaskValues_ref","PopValues","SeasonalityCurves","Cadres","Expanded","Ethiopia",NA
"296","Expanded",2035,"Overhead 1","Non-productive",240,240,240,240,240,48,32,5000,TRUE,TRUE,TRUE,TRUE,"TaskValues_ref","PopValues","SeasonalityCurves","Cadres","Expanded","Ethiopia",NA
"297","Expanded",2035,"Overhead 2","Non-productive",240,240,240,240,240,48,32,5000,TRUE,TRUE,TRUE,TRUE,"TaskValues_ref","PopValues","SeasonalityCurves","Cadres","Expanded","Ethiopia",NA
"298","Expanded",2035,"Pregnancy","Clinical",203.634166666667,246.3875,291.607833333333,332.733333333333,373.666666666667,48,32,5000,TRUE,TRUE,TRUE,TRUE,"TaskValues_ref","PopValues","SeasonalityCurves","Cadres","Expanded","Ethiopia",NA
"299","Expanded",2035,"Record keeping","Non-productive",458.8,522.25,555.73,596,645.06,48,32,5000,TRUE,TRUE,TRUE,TRUE,"TaskValues_ref","PopValues","SeasonalityCurves","Cadres","Expanded","Ethiopia",NA
"300","Expanded",2035,"Sick child","Clinical",88.85,126.55,165.118,202.55,254.8,48,32,5000,TRUE,TRUE,TRUE,TRUE,"TaskValues_ref","PopValues","SeasonalityCurves","Cadres","Expanded","Ethiopia",NA
