"","Scenario_ID","Year","ClinicalCat","ClinicalOrNon","WeeksPerYr.x","CI05","CI25","MeanHrs","CI75","CI95","WeeksPerYr.y","HrsPerWeek","BaselinePop","o_PopGrowth","o_Fertility_decr","o_MHIVTB_decr","o_ChildDis_decr","sheet_TaskValues","sheet_PopValues","sheet_SeasonalityCurves","sheet_Cadre","DeliveryModel","Geography_dontedit","Notes"
"1","ComprehensiveModel",2021,"-","Non-clinical",48,1440,1440,1440,1440,1440,48,32,5000,TRUE,TRUE,TRUE,TRUE,"TV_Comprehensive","PopValues","SeasonalityCurves","Cadres_Comprehensive","Comprehensive","Somali",NA
"2","ComprehensiveModel",2021,"-","Non-productive",48,1598.49,1666.05,1713.704,1767.25,1814.06,48,32,5000,TRUE,TRUE,TRUE,TRUE,"TV_Comprehensive","PopValues","SeasonalityCurves","Cadres_Comprehensive","Comprehensive","Somali",NA
"3","ComprehensiveModel",2021,"Acute","Clinical",48,1391.61833333333,1443.22083333333,1483.53033333333,1525.4125,1576.40083333333,48,32,5000,TRUE,TRUE,TRUE,TRUE,"TV_Comprehensive","PopValues","SeasonalityCurves","Cadres_Comprehensive","Comprehensive","Somali",NA
"4","ComprehensiveModel",2021,"Chronic","Clinical",48,0.6,0.8,0.856,1,1,48,32,5000,TRUE,TRUE,TRUE,TRUE,"TV_Comprehensive","PopValues","SeasonalityCurves","Cadres_Comprehensive","Comprehensive","Somali",NA
"5","ComprehensiveModel",2021,"Preventive","Clinical",48,1391.12,1460.925,1508.7285,1565.28333333333,1638.16333333333,48,32,5000,TRUE,TRUE,TRUE,TRUE,"TV_Comprehensive","PopValues","SeasonalityCurves","Cadres_Comprehensive","Comprehensive","Somali",NA
"6","ComprehensiveModel",2021,"Public Health","Clinical",48,3.57833333333333,4.15,4.48266666666667,4.84166666666667,5.525,48,32,5000,TRUE,TRUE,TRUE,TRUE,"TV_Comprehensive","PopValues","SeasonalityCurves","Cadres_Comprehensive","Comprehensive","Somali",NA
"7","ComprehensiveModel",2021,"Public Health","Non-clinical",48,186.71,202.7,217.132,230.5,248.57,48,32,5000,TRUE,TRUE,TRUE,TRUE,"TV_Comprehensive","PopValues","SeasonalityCurves","Cadres_Comprehensive","Comprehensive","Somali",NA
"8","ComprehensiveModel",2022,"-","Non-clinical",48,1440,1440,1440,1440,1440,48,32,5000,TRUE,TRUE,TRUE,TRUE,"TV_Comprehensive","PopValues","SeasonalityCurves","Cadres_Comprehensive","Comprehensive","Somali",NA
"9","ComprehensiveModel",2022,"-","Non-productive",48,1615.56,1698,1738.714,1794.7,1847.83,48,32,5000,TRUE,TRUE,TRUE,TRUE,"TV_Comprehensive","PopValues","SeasonalityCurves","Cadres_Comprehensive","Comprehensive","Somali",NA
"10","ComprehensiveModel",2022,"Acute","Clinical",48,1434.44916666666,1511.1875,1567.18583333333,1615.1875,1691.14916666666,48,32,5000,TRUE,TRUE,TRUE,TRUE,"TV_Comprehensive","PopValues","SeasonalityCurves","Cadres_Comprehensive","Comprehensive","Somali",NA
"11","ComprehensiveModel",2022,"Chronic","Clinical",48,0.6,0.8,0.842,1,1,48,32,5000,TRUE,TRUE,TRUE,TRUE,"TV_Comprehensive","PopValues","SeasonalityCurves","Cadres_Comprehensive","Comprehensive","Somali",NA
"12","ComprehensiveModel",2022,"Preventive","Clinical",48,1455.61583333333,1532.84166666667,1590.278,1645.54583333333,1719.55333333334,48,32,5000,TRUE,TRUE,TRUE,TRUE,"TV_Comprehensive","PopValues","SeasonalityCurves","Cadres_Comprehensive","Comprehensive","Somali",NA
"13","ComprehensiveModel",2022,"Public Health","Clinical",48,3.39083333333333,4.2,4.62516666666667,5.15,5.77916666666667,48,32,5000,TRUE,TRUE,TRUE,TRUE,"TV_Comprehensive","PopValues","SeasonalityCurves","Cadres_Comprehensive","Comprehensive","Somali",NA
"14","ComprehensiveModel",2022,"Public Health","Non-clinical",48,193.12,211.8,226.586,241.35,262.76,48,32,5000,TRUE,TRUE,TRUE,TRUE,"TV_Comprehensive","PopValues","SeasonalityCurves","Cadres_Comprehensive","Comprehensive","Somali",NA
"15","ComprehensiveModel",2023,"-","Non-clinical",48,1440,1440,1440,1440,1440,48,32,5000,TRUE,TRUE,TRUE,TRUE,"TV_Comprehensive","PopValues","SeasonalityCurves","Cadres_Comprehensive","Comprehensive","Somali",NA
"16","ComprehensiveModel",2023,"-","Non-productive",48,1627.45,1713.05,1759.654,1816.5,1883.97,48,32,5000,TRUE,TRUE,TRUE,TRUE,"TV_Comprehensive","PopValues","SeasonalityCurves","Cadres_Comprehensive","Comprehensive","Somali",NA
"17","ComprehensiveModel",2023,"Acute","Clinical",48,1492.16166666666,1607.71666666666,1653.98466666666,1718.69166666666,1787.60916666666,48,32,5000,TRUE,TRUE,TRUE,TRUE,"TV_Comprehensive","PopValues","SeasonalityCurves","Cadres_Comprehensive","Comprehensive","Somali",NA
"18","ComprehensiveModel",2023,"Chronic","Clinical",48,0.6,0.8,0.86,1,1.2,48,32,5000,TRUE,TRUE,TRUE,TRUE,"TV_Comprehensive","PopValues","SeasonalityCurves","Cadres_Comprehensive","Comprehensive","Somali",NA
"19","ComprehensiveModel",2023,"Preventive","Clinical",48,1531.27916666667,1611.79583333333,1680.94416666667,1748.36666666667,1822.22833333333,48,32,5000,TRUE,TRUE,TRUE,TRUE,"TV_Comprehensive","PopValues","SeasonalityCurves","Cadres_Comprehensive","Comprehensive","Somali",NA
"20","ComprehensiveModel",2023,"Public Health","Clinical",48,3.43,4.19583333333333,4.75866666666667,5.39166666666667,6.0175,48,32,5000,TRUE,TRUE,TRUE,TRUE,"TV_Comprehensive","PopValues","SeasonalityCurves","Cadres_Comprehensive","Comprehensive","Somali",NA
"21","ComprehensiveModel",2023,"Public Health","Non-clinical",48,194.92,212.2,234.692,256.8,279.09,48,32,5000,TRUE,TRUE,TRUE,TRUE,"TV_Comprehensive","PopValues","SeasonalityCurves","Cadres_Comprehensive","Comprehensive","Somali",NA
"22","ComprehensiveModel",2024,"-","Non-clinical",48,1440,1440,1440,1440,1440,48,32,5000,TRUE,TRUE,TRUE,TRUE,"TV_Comprehensive","PopValues","SeasonalityCurves","Cadres_Comprehensive","Comprehensive","Somali",NA
"23","ComprehensiveModel",2024,"-","Non-productive",48,1642.61,1730.15,1780.646,1837.95,1927.41,48,32,5000,TRUE,TRUE,TRUE,TRUE,"TV_Comprehensive","PopValues","SeasonalityCurves","Cadres_Comprehensive","Comprehensive","Somali",NA
"24","ComprehensiveModel",2024,"Acute","Clinical",48,1556.69083333333,1674.37083333333,1739.27166666666,1804.92083333333,1915.27749999999,48,32,5000,TRUE,TRUE,TRUE,TRUE,"TV_Comprehensive","PopValues","SeasonalityCurves","Cadres_Comprehensive","Comprehensive","Somali",NA
"25","ComprehensiveModel",2024,"Chronic","Clinical",48,0.6,0.8,0.862,1,1.2,48,32,5000,TRUE,TRUE,TRUE,TRUE,"TV_Comprehensive","PopValues","SeasonalityCurves","Cadres_Comprehensive","Comprehensive","Somali",NA
"26","ComprehensiveModel",2024,"Preventive","Clinical",48,1603.83083333333,1688.95833333333,1767.3085,1841.7125,1924.59666666667,48,32,5000,TRUE,TRUE,TRUE,TRUE,"TV_Comprehensive","PopValues","SeasonalityCurves","Cadres_Comprehensive","Comprehensive","Somali",NA
"27","ComprehensiveModel",2024,"Public Health","Clinical",48,3.59916666666667,4.18333333333333,5.0055,5.82083333333333,6.65166666666667,48,32,5000,TRUE,TRUE,TRUE,TRUE,"TV_Comprehensive","PopValues","SeasonalityCurves","Cadres_Comprehensive","Comprehensive","Somali",NA
"28","ComprehensiveModel",2024,"Public Health","Non-clinical",48,202.24,219.75,241.628,260.7,290.74,48,32,5000,TRUE,TRUE,TRUE,TRUE,"TV_Comprehensive","PopValues","SeasonalityCurves","Cadres_Comprehensive","Comprehensive","Somali",NA
"29","ComprehensiveModel",2025,"-","Non-clinical",48,1440,1440,1440,1440,1440,48,32,5000,TRUE,TRUE,TRUE,TRUE,"TV_Comprehensive","PopValues","SeasonalityCurves","Cadres_Comprehensive","Comprehensive","Somali",NA
"30","ComprehensiveModel",2025,"-","Non-productive",48,2093.17,2171.7,2232.4,2281.85,2386.47,48,32,5000,TRUE,TRUE,TRUE,TRUE,"TV_Comprehensive","PopValues","SeasonalityCurves","Cadres_Comprehensive","Comprehensive","Somali",NA
"31","ComprehensiveModel",2025,"Acute","Clinical",48,1590.3125,1749.27083333333,1824.947,1917.24583333333,2038.49499999999,48,32,5000,TRUE,TRUE,TRUE,TRUE,"TV_Comprehensive","PopValues","SeasonalityCurves","Cadres_Comprehensive","Comprehensive","Somali",NA
"32","ComprehensiveModel",2025,"Chronic","Clinical",48,0.6,0.8,0.878,1,1.2,48,32,5000,TRUE,TRUE,TRUE,TRUE,"TV_Comprehensive","PopValues","SeasonalityCurves","Cadres_Comprehensive","Comprehensive","Somali",NA
"33","ComprehensiveModel",2025,"Preventive","Clinical",48,1684.05,1758.44166666667,1853.16483333333,1949.22916666667,2042.715,48,32,5000,TRUE,TRUE,TRUE,TRUE,"TV_Comprehensive","PopValues","SeasonalityCurves","Cadres_Comprehensive","Comprehensive","Somali",NA
"34","ComprehensiveModel",2025,"Public Health","Clinical",48,3.36,4.31666666666667,5.1515,6,7.30916666666667,48,32,5000,TRUE,TRUE,TRUE,TRUE,"TV_Comprehensive","PopValues","SeasonalityCurves","Cadres_Comprehensive","Comprehensive","Somali",NA
"35","ComprehensiveModel",2025,"Public Health","Non-clinical",48,206.48,230.35,251.186,272.2,310.44,48,32,5000,TRUE,TRUE,TRUE,TRUE,"TV_Comprehensive","PopValues","SeasonalityCurves","Cadres_Comprehensive","Comprehensive","Somali",NA
"36","ComprehensiveModel",2026,"-","Non-clinical",48,1440,1440,1440,1440,1440,48,32,5000,TRUE,TRUE,TRUE,TRUE,"TV_Comprehensive","PopValues","SeasonalityCurves","Cadres_Comprehensive","Comprehensive","Somali",NA
"37","ComprehensiveModel",2026,"-","Non-productive",48,2103.78,2190,2254.74,2319.8,2422.59,48,32,5000,TRUE,TRUE,TRUE,TRUE,"TV_Comprehensive","PopValues","SeasonalityCurves","Cadres_Comprehensive","Comprehensive","Somali",NA
"38","ComprehensiveModel",2026,"Acute","Clinical",48,1586.07,1751.35416666666,1852.857,1961.35416666666,2079.04083333333,48,32,5000,TRUE,TRUE,TRUE,TRUE,"TV_Comprehensive","PopValues","SeasonalityCurves","Cadres_Comprehensive","Comprehensive","Somali",NA
"39","ComprehensiveModel",2026,"Chronic","Clinical",48,0.6,0.8,0.892,1,1.2,48,32,5000,TRUE,TRUE,TRUE,TRUE,"TV_Comprehensive","PopValues","SeasonalityCurves","Cadres_Comprehensive","Comprehensive","Somali",NA
"40","ComprehensiveModel",2026,"Preventive","Clinical",48,1716.02083333333,1799.87916666667,1904.721,1992.49583333333,2148.06916666667,48,32,5000,TRUE,TRUE,TRUE,TRUE,"TV_Comprehensive","PopValues","SeasonalityCurves","Cadres_Comprehensive","Comprehensive","Somali",NA
"41","ComprehensiveModel",2026,"Public Health","Clinical",48,3.35,4.25833333333333,5.3955,6.32916666666667,7.8975,48,32,5000,TRUE,TRUE,TRUE,TRUE,"TV_Comprehensive","PopValues","SeasonalityCurves","Cadres_Comprehensive","Comprehensive","Somali",NA
"42","ComprehensiveModel",2026,"Public Health","Non-clinical",48,205.11,236.75,261.384,282.45,323.86,48,32,5000,TRUE,TRUE,TRUE,TRUE,"TV_Comprehensive","PopValues","SeasonalityCurves","Cadres_Comprehensive","Comprehensive","Somali",NA
"43","ComprehensiveModel",2027,"-","Non-clinical",48,1440,1440,1440,1440,1440,48,32,5000,TRUE,TRUE,TRUE,TRUE,"TV_Comprehensive","PopValues","SeasonalityCurves","Cadres_Comprehensive","Comprehensive","Somali",NA
"44","ComprehensiveModel",2027,"-","Non-productive",48,2108.92,2216.4,2279.534,2356.25,2462.2,48,32,5000,TRUE,TRUE,TRUE,TRUE,"TV_Comprehensive","PopValues","SeasonalityCurves","Cadres_Comprehensive","Comprehensive","Somali",NA
"45","ComprehensiveModel",2027,"Acute","Clinical",48,1605.785,1771.26666666666,1879.632,1993.39999999999,2112.50166666666,48,32,5000,TRUE,TRUE,TRUE,TRUE,"TV_Comprehensive","PopValues","SeasonalityCurves","Cadres_Comprehensive","Comprehensive","Somali",NA
"46","ComprehensiveModel",2027,"Chronic","Clinical",48,0.6,0.8,0.87,1,1.2,48,32,5000,TRUE,TRUE,TRUE,TRUE,"TV_Comprehensive","PopValues","SeasonalityCurves","Cadres_Comprehensive","Comprehensive","Somali",NA
"47","ComprehensiveModel",2027,"Preventive","Clinical",48,1740.00916666667,1822.35416666667,1943.4175,2051.5375,2192.5125,48,32,5000,TRUE,TRUE,TRUE,TRUE,"TV_Comprehensive","PopValues","SeasonalityCurves","Cadres_Comprehensive","Comprehensive","Somali",NA
"48","ComprehensiveModel",2027,"Public Health","Clinical",48,3.0625,4.41666666666667,5.519,6.56666666666667,8.4125,48,32,5000,TRUE,TRUE,TRUE,TRUE,"TV_Comprehensive","PopValues","SeasonalityCurves","Cadres_Comprehensive","Comprehensive","Somali",NA
"49","ComprehensiveModel",2027,"Public Health","Non-clinical",48,206.2,248.3,269.416,288.55,330.32,48,32,5000,TRUE,TRUE,TRUE,TRUE,"TV_Comprehensive","PopValues","SeasonalityCurves","Cadres_Comprehensive","Comprehensive","Somali",NA
"50","ComprehensiveModel",2028,"-","Non-clinical",48,1440,1440,1440,1440,1440,48,32,5000,TRUE,TRUE,TRUE,TRUE,"TV_Comprehensive","PopValues","SeasonalityCurves","Cadres_Comprehensive","Comprehensive","Somali",NA
"51","ComprehensiveModel",2028,"-","Non-productive",48,2127.27,2220.7,2301.866,2382.4,2491.66,48,32,5000,TRUE,TRUE,TRUE,TRUE,"TV_Comprehensive","PopValues","SeasonalityCurves","Cadres_Comprehensive","Comprehensive","Somali",NA
"52","ComprehensiveModel",2028,"Acute","Clinical",48,1587.38333333333,1789.73749999999,1904.49766666666,2029.36666666666,2176.75833333333,48,32,5000,TRUE,TRUE,TRUE,TRUE,"TV_Comprehensive","PopValues","SeasonalityCurves","Cadres_Comprehensive","Comprehensive","Somali",NA
"53","ComprehensiveModel",2028,"Chronic","Clinical",48,0.6,0.75,0.874,1,1.2,48,32,5000,TRUE,TRUE,TRUE,TRUE,"TV_Comprehensive","PopValues","SeasonalityCurves","Cadres_Comprehensive","Comprehensive","Somali",NA
"54","ComprehensiveModel",2028,"Preventive","Clinical",48,1763.43666666667,1853.1875,1984.24516666667,2096.00833333333,2252.11583333334,48,32,5000,TRUE,TRUE,TRUE,TRUE,"TV_Comprehensive","PopValues","SeasonalityCurves","Cadres_Comprehensive","Comprehensive","Somali",NA
"55","ComprehensiveModel",2028,"Public Health","Clinical",48,3.17583333333333,4.52916666666667,5.68433333333333,6.88333333333333,8.325,48,32,5000,TRUE,TRUE,TRUE,TRUE,"TV_Comprehensive","PopValues","SeasonalityCurves","Cadres_Comprehensive","Comprehensive","Somali",NA
"56","ComprehensiveModel",2028,"Public Health","Non-clinical",48,213.05,254.55,276.656,301.1,343.12,48,32,5000,TRUE,TRUE,TRUE,TRUE,"TV_Comprehensive","PopValues","SeasonalityCurves","Cadres_Comprehensive","Comprehensive","Somali",NA
"57","ComprehensiveModel",2029,"-","Non-clinical",48,1440,1440,1440,1440,1440,48,32,5000,TRUE,TRUE,TRUE,TRUE,"TV_Comprehensive","PopValues","SeasonalityCurves","Cadres_Comprehensive","Comprehensive","Somali",NA
"58","ComprehensiveModel",2029,"-","Non-productive",48,2126.88,2237.6,2324.532,2397.85,2553,48,32,5000,TRUE,TRUE,TRUE,TRUE,"TV_Comprehensive","PopValues","SeasonalityCurves","Cadres_Comprehensive","Comprehensive","Somali",NA
"59","ComprehensiveModel",2029,"Acute","Clinical",48,1632.22499999999,1806.3875,1929.60433333333,2035.25833333333,2270.85833333333,48,32,5000,TRUE,TRUE,TRUE,TRUE,"TV_Comprehensive","PopValues","SeasonalityCurves","Cadres_Comprehensive","Comprehensive","Somali",NA
"60","ComprehensiveModel",2029,"Chronic","Clinical",48,0.6,0.6,0.864,1,1.2,48,32,5000,TRUE,TRUE,TRUE,TRUE,"TV_Comprehensive","PopValues","SeasonalityCurves","Cadres_Comprehensive","Comprehensive","Somali",NA
"61","ComprehensiveModel",2029,"Preventive","Clinical",48,1774.38416666667,1894.1,2023.89883333333,2140.75416666667,2285.85666666667,48,32,5000,TRUE,TRUE,TRUE,TRUE,"TV_Comprehensive","PopValues","SeasonalityCurves","Cadres_Comprehensive","Comprehensive","Somali",NA
"62","ComprehensiveModel",2029,"Public Health","Clinical",48,3.23083333333333,4.4,5.8475,7.13333333333333,8.7525,48,32,5000,TRUE,TRUE,TRUE,TRUE,"TV_Comprehensive","PopValues","SeasonalityCurves","Cadres_Comprehensive","Comprehensive","Somali",NA
"63","ComprehensiveModel",2029,"Public Health","Non-clinical",48,213.77,261.85,286.38,319.85,347.29,48,32,5000,TRUE,TRUE,TRUE,TRUE,"TV_Comprehensive","PopValues","SeasonalityCurves","Cadres_Comprehensive","Comprehensive","Somali",NA
"64","ComprehensiveModel",2030,"-","Non-clinical",48,1440,1440,1440,1440,1440,48,32,5000,TRUE,TRUE,TRUE,TRUE,"TV_Comprehensive","PopValues","SeasonalityCurves","Cadres_Comprehensive","Comprehensive","Somali",NA
"65","ComprehensiveModel",2030,"-","Non-productive",48,2155.27,2253.05,2351.846,2448.1,2574.21,48,32,5000,TRUE,TRUE,TRUE,TRUE,"TV_Comprehensive","PopValues","SeasonalityCurves","Cadres_Comprehensive","Comprehensive","Somali",NA
"66","ComprehensiveModel",2030,"Acute","Clinical",48,1612.075,1824.53749999999,1950.4615,2067.67083333333,2324.09916666667,48,32,5000,TRUE,TRUE,TRUE,TRUE,"TV_Comprehensive","PopValues","SeasonalityCurves","Cadres_Comprehensive","Comprehensive","Somali",NA
"67","ComprehensiveModel",2030,"Chronic","Clinical",48,0.6,0.6,0.864,1,1.21,48,32,5000,TRUE,TRUE,TRUE,TRUE,"TV_Comprehensive","PopValues","SeasonalityCurves","Cadres_Comprehensive","Comprehensive","Somali",NA
"68","ComprehensiveModel",2030,"Preventive","Clinical",48,1801.54833333333,1911.0375,2056.69233333333,2183.99583333333,2362.44583333333,48,32,5000,TRUE,TRUE,TRUE,TRUE,"TV_Comprehensive","PopValues","SeasonalityCurves","Cadres_Comprehensive","Comprehensive","Somali",NA
"69","ComprehensiveModel",2030,"Public Health","Clinical",48,3.48083333333333,4.47083333333333,6.0615,7.3,9.9275,48,32,5000,TRUE,TRUE,TRUE,TRUE,"TV_Comprehensive","PopValues","SeasonalityCurves","Cadres_Comprehensive","Comprehensive","Somali",NA
"70","ComprehensiveModel",2030,"Public Health","Non-clinical",48,205.5,266,296.158,334.05,365.07,48,32,5000,TRUE,TRUE,TRUE,TRUE,"TV_Comprehensive","PopValues","SeasonalityCurves","Cadres_Comprehensive","Comprehensive","Somali",NA
"71","ComprehensiveModel",2031,"-","Non-clinical",48,1440,1440,1440,1440,1440,48,32,5000,TRUE,TRUE,TRUE,TRUE,"TV_Comprehensive","PopValues","SeasonalityCurves","Cadres_Comprehensive","Comprehensive","Somali",NA
"72","ComprehensiveModel",2031,"-","Non-productive",48,2170.28,2268.1,2371.238,2469.45,2597.69,48,32,5000,TRUE,TRUE,TRUE,TRUE,"TV_Comprehensive","PopValues","SeasonalityCurves","Cadres_Comprehensive","Comprehensive","Somali",NA
"73","ComprehensiveModel",2031,"Acute","Clinical",48,1614.35166666666,1831.92916666666,1967.3665,2097.94166666666,2361.98416666667,48,32,5000,TRUE,TRUE,TRUE,TRUE,"TV_Comprehensive","PopValues","SeasonalityCurves","Cadres_Comprehensive","Comprehensive","Somali",NA
"74","ComprehensiveModel",2031,"Chronic","Clinical",48,0.59,0.6,0.846,1,1.21,48,32,5000,TRUE,TRUE,TRUE,TRUE,"TV_Comprehensive","PopValues","SeasonalityCurves","Cadres_Comprehensive","Comprehensive","Somali",NA
"75","ComprehensiveModel",2031,"Preventive","Clinical",48,1826.25833333333,1915.73333333333,2084.99683333333,2196.65416666667,2410.00083333333,48,32,5000,TRUE,TRUE,TRUE,TRUE,"TV_Comprehensive","PopValues","SeasonalityCurves","Cadres_Comprehensive","Comprehensive","Somali",NA
"76","ComprehensiveModel",2031,"Public Health","Clinical",48,3.53833333333333,4.6625,6.41116666666667,7.79166666666667,11.1691666666667,48,32,5000,TRUE,TRUE,TRUE,TRUE,"TV_Comprehensive","PopValues","SeasonalityCurves","Cadres_Comprehensive","Comprehensive","Somali",NA
"77","ComprehensiveModel",2031,"Public Health","Non-clinical",48,207.45,271.15,306.528,346.2,385.9,48,32,5000,TRUE,TRUE,TRUE,TRUE,"TV_Comprehensive","PopValues","SeasonalityCurves","Cadres_Comprehensive","Comprehensive","Somali",NA
"78","ComprehensiveModel",2032,"-","Non-clinical",48,1440,1440,1440,1440,1440,48,32,5000,TRUE,TRUE,TRUE,TRUE,"TV_Comprehensive","PopValues","SeasonalityCurves","Cadres_Comprehensive","Comprehensive","Somali",NA
"79","ComprehensiveModel",2032,"-","Non-productive",48,2168.66,2293.8,2386.92,2475.55,2617.33,48,32,5000,TRUE,TRUE,TRUE,TRUE,"TV_Comprehensive","PopValues","SeasonalityCurves","Cadres_Comprehensive","Comprehensive","Somali",NA
"80","ComprehensiveModel",2032,"Acute","Clinical",48,1646.61166666666,1842.49583333333,1990.50683333333,2117.79166666667,2403.98,48,32,5000,TRUE,TRUE,TRUE,TRUE,"TV_Comprehensive","PopValues","SeasonalityCurves","Cadres_Comprehensive","Comprehensive","Somali",NA
"81","ComprehensiveModel",2032,"Chronic","Clinical",48,0.59,0.6,0.83,1,1.4,48,32,5000,TRUE,TRUE,TRUE,TRUE,"TV_Comprehensive","PopValues","SeasonalityCurves","Cadres_Comprehensive","Comprehensive","Somali",NA
"82","ComprehensiveModel",2032,"Preventive","Clinical",48,1809.81916666667,1945.93333333333,2116.99183333333,2244.32083333333,2524.2275,48,32,5000,TRUE,TRUE,TRUE,TRUE,"TV_Comprehensive","PopValues","SeasonalityCurves","Cadres_Comprehensive","Comprehensive","Somali",NA
"83","ComprehensiveModel",2032,"Public Health","Clinical",48,3.58166666666667,4.8125,6.727,8.25416666666667,11.7325,48,32,5000,TRUE,TRUE,TRUE,TRUE,"TV_Comprehensive","PopValues","SeasonalityCurves","Cadres_Comprehensive","Comprehensive","Somali",NA
"84","ComprehensiveModel",2032,"Public Health","Non-clinical",48,218.84,277.35,317.542,356,411.12,48,32,5000,TRUE,TRUE,TRUE,TRUE,"TV_Comprehensive","PopValues","SeasonalityCurves","Cadres_Comprehensive","Comprehensive","Somali",NA
"85","ComprehensiveModel",2033,"-","Non-clinical",48,1440,1440,1440,1440,1440,48,32,5000,TRUE,TRUE,TRUE,TRUE,"TV_Comprehensive","PopValues","SeasonalityCurves","Cadres_Comprehensive","Comprehensive","Somali",NA
"86","ComprehensiveModel",2033,"-","Non-productive",48,2170.84,2315.5,2408.55,2496.65,2667.92,48,32,5000,TRUE,TRUE,TRUE,TRUE,"TV_Comprehensive","PopValues","SeasonalityCurves","Cadres_Comprehensive","Comprehensive","Somali",NA
"87","ComprehensiveModel",2033,"Acute","Clinical",48,1633.1525,1854.84583333333,1996.4495,2136.65833333333,2446.40666666667,48,32,5000,TRUE,TRUE,TRUE,TRUE,"TV_Comprehensive","PopValues","SeasonalityCurves","Cadres_Comprehensive","Comprehensive","Somali",NA
"88","ComprehensiveModel",2033,"Chronic","Clinical",48,0.59,0.6,0.816,1,1.2,48,32,5000,TRUE,TRUE,TRUE,TRUE,"TV_Comprehensive","PopValues","SeasonalityCurves","Cadres_Comprehensive","Comprehensive","Somali",NA
"89","ComprehensiveModel",2033,"Preventive","Clinical",48,1858.23,1970.40833333333,2135.9325,2255.79583333334,2533.74583333333,48,32,5000,TRUE,TRUE,TRUE,TRUE,"TV_Comprehensive","PopValues","SeasonalityCurves","Cadres_Comprehensive","Comprehensive","Somali",NA
"90","ComprehensiveModel",2033,"Public Health","Clinical",48,3.59166666666667,4.94583333333333,6.912,8.275,12.02,48,32,5000,TRUE,TRUE,TRUE,TRUE,"TV_Comprehensive","PopValues","SeasonalityCurves","Cadres_Comprehensive","Comprehensive","Somali",NA
"91","ComprehensiveModel",2033,"Public Health","Non-clinical",48,212.75,290.05,327.394,368.35,430.71,48,32,5000,TRUE,TRUE,TRUE,TRUE,"TV_Comprehensive","PopValues","SeasonalityCurves","Cadres_Comprehensive","Comprehensive","Somali",NA
"92","ComprehensiveModel",2034,"-","Non-clinical",48,1440,1440,1440,1440,1440,48,32,5000,TRUE,TRUE,TRUE,TRUE,"TV_Comprehensive","PopValues","SeasonalityCurves","Cadres_Comprehensive","Comprehensive","Somali",NA
"93","ComprehensiveModel",2034,"-","Non-productive",48,2174.56,2315.2,2425.65,2527.5,2701.08,48,32,5000,TRUE,TRUE,TRUE,TRUE,"TV_Comprehensive","PopValues","SeasonalityCurves","Cadres_Comprehensive","Comprehensive","Somali",NA
"94","ComprehensiveModel",2034,"Acute","Clinical",48,1647.5,1851.59999999999,2003.98233333333,2117.95,2413.965,48,32,5000,TRUE,TRUE,TRUE,TRUE,"TV_Comprehensive","PopValues","SeasonalityCurves","Cadres_Comprehensive","Comprehensive","Somali",NA
"95","ComprehensiveModel",2034,"Chronic","Clinical",48,0.4,0.6,0.8,1,1.2,48,32,5000,TRUE,TRUE,TRUE,TRUE,"TV_Comprehensive","PopValues","SeasonalityCurves","Cadres_Comprehensive","Comprehensive","Somali",NA
"96","ComprehensiveModel",2034,"Preventive","Clinical",48,1870.08833333333,1957.45416666666,2151.7535,2271.15833333333,2561.745,48,32,5000,TRUE,TRUE,TRUE,TRUE,"TV_Comprehensive","PopValues","SeasonalityCurves","Cadres_Comprehensive","Comprehensive","Somali",NA
"97","ComprehensiveModel",2034,"Public Health","Clinical",48,3.6275,4.96666666666667,7.10383333333333,8.8,12.3316666666667,48,32,5000,TRUE,TRUE,TRUE,TRUE,"TV_Comprehensive","PopValues","SeasonalityCurves","Cadres_Comprehensive","Comprehensive","Somali",NA
"98","ComprehensiveModel",2034,"Public Health","Non-clinical",48,223.73,294.7,336.252,377.55,458.44,48,32,5000,TRUE,TRUE,TRUE,TRUE,"TV_Comprehensive","PopValues","SeasonalityCurves","Cadres_Comprehensive","Comprehensive","Somali",NA
"99","ComprehensiveModel",2035,"-","Non-clinical",48,1440,1440,1440,1440,1440,48,32,5000,TRUE,TRUE,TRUE,TRUE,"TV_Comprehensive","PopValues","SeasonalityCurves","Cadres_Comprehensive","Comprehensive","Somali",NA
"100","ComprehensiveModel",2035,"-","Non-productive",48,2200.33,2328.1,2443.758,2572.3,2720.07,48,32,5000,TRUE,TRUE,TRUE,TRUE,"TV_Comprehensive","PopValues","SeasonalityCurves","Cadres_Comprehensive","Comprehensive","Somali",NA
"101","ComprehensiveModel",2035,"Acute","Clinical",48,1661.84249999999,1847.69583333333,2006.8925,2143.19583333333,2443.435,48,32,5000,TRUE,TRUE,TRUE,TRUE,"TV_Comprehensive","PopValues","SeasonalityCurves","Cadres_Comprehensive","Comprehensive","Somali",NA
"102","ComprehensiveModel",2035,"Chronic","Clinical",48,0.4,0.6,0.784,1,1.2,48,32,5000,TRUE,TRUE,TRUE,TRUE,"TV_Comprehensive","PopValues","SeasonalityCurves","Cadres_Comprehensive","Comprehensive","Somali",NA
"103","ComprehensiveModel",2035,"Preventive","Clinical",48,1857.3275,1966.80416666667,2173.374,2333.40833333334,2658.73583333333,48,32,5000,TRUE,TRUE,TRUE,TRUE,"TV_Comprehensive","PopValues","SeasonalityCurves","Cadres_Comprehensive","Comprehensive","Somali",NA
"104","ComprehensiveModel",2035,"Public Health","Clinical",48,3.4,4.64166666666667,7.14483333333333,8.8125,12.68,48,32,5000,TRUE,TRUE,TRUE,TRUE,"TV_Comprehensive","PopValues","SeasonalityCurves","Cadres_Comprehensive","Comprehensive","Somali",NA
"105","ComprehensiveModel",2035,"Public Health","Non-clinical",48,240.29,295.9,341.344,388.4,450.58,48,32,5000,TRUE,TRUE,TRUE,TRUE,"TV_Comprehensive","PopValues","SeasonalityCurves","Cadres_Comprehensive","Comprehensive","Somali",NA
"106","Comprehensive_A",2021,"-","Non-clinical",48,1440,1440,1440,1440,1440,48,32,5000,FALSE,TRUE,TRUE,TRUE,"TV_Comprehensive","PopValues","SeasonalityCurves","Cadres_Comprehensive","Comprehensive","Somali",NA
"107","Comprehensive_A",2021,"-","Non-productive",48,1572.46,1638.7,1683.568,1735.3,1780.64,48,32,5000,FALSE,TRUE,TRUE,TRUE,"TV_Comprehensive","PopValues","SeasonalityCurves","Cadres_Comprehensive","Comprehensive","Somali",NA
"108","Comprehensive_A",2021,"Acute","Clinical",48,1343.42833333333,1394.45,1429.84833333333,1468.54583333333,1513.63666666666,48,32,5000,FALSE,TRUE,TRUE,TRUE,"TV_Comprehensive","PopValues","SeasonalityCurves","Cadres_Comprehensive","Comprehensive","Somali",NA
"109","Comprehensive_A",2021,"Chronic","Clinical",48,0.6,0.8,0.814,0.8,1,48,32,5000,FALSE,TRUE,TRUE,TRUE,"TV_Comprehensive","PopValues","SeasonalityCurves","Cadres_Comprehensive","Comprehensive","Somali",NA
"110","Comprehensive_A",2021,"Preventive","Clinical",48,1345.97416666667,1415,1455.13,1504.5375,1577.8275,48,32,5000,FALSE,TRUE,TRUE,TRUE,"TV_Comprehensive","PopValues","SeasonalityCurves","Cadres_Comprehensive","Comprehensive","Somali",NA
"111","Comprehensive_A",2021,"Public Health","Clinical",48,3.39416666666667,3.9875,4.31316666666667,4.65,5.38666666666667,48,32,5000,FALSE,TRUE,TRUE,TRUE,"TV_Comprehensive","PopValues","SeasonalityCurves","Cadres_Comprehensive","Comprehensive","Somali",NA
"112","Comprehensive_A",2021,"Public Health","Non-clinical",48,180.3,195.25,209.404,221.85,240.1,48,32,5000,FALSE,TRUE,TRUE,TRUE,"TV_Comprehensive","PopValues","SeasonalityCurves","Cadres_Comprehensive","Comprehensive","Somali",NA
"113","Comprehensive_A",2022,"-","Non-clinical",48,1440,1440,1440,1440,1440,48,32,5000,FALSE,TRUE,TRUE,TRUE,"TV_Comprehensive","PopValues","SeasonalityCurves","Cadres_Comprehensive","Comprehensive","Somali",NA
"114","Comprehensive_A",2022,"-","Non-productive",48,1564.13,1636.7,1676.552,1730.2,1781.04,48,32,5000,FALSE,TRUE,TRUE,TRUE,"TV_Comprehensive","PopValues","SeasonalityCurves","Cadres_Comprehensive","Comprehensive","Somali",NA
"115","Comprehensive_A",2022,"Acute","Clinical",48,1340.3525,1402.6,1455.33416666666,1496.82083333333,1563.68416666666,48,32,5000,FALSE,TRUE,TRUE,TRUE,"TV_Comprehensive","PopValues","SeasonalityCurves","Cadres_Comprehensive","Comprehensive","Somali",NA
"116","Comprehensive_A",2022,"Chronic","Clinical",48,0.6,0.8,0.796,0.8,1,48,32,5000,FALSE,TRUE,TRUE,TRUE,"TV_Comprehensive","PopValues","SeasonalityCurves","Cadres_Comprehensive","Comprehensive","Somali",NA
"117","Comprehensive_A",2022,"Preventive","Clinical",48,1357.45083333333,1428.28333333333,1478.16616666667,1521.75833333333,1592.56833333333,48,32,5000,FALSE,TRUE,TRUE,TRUE,"TV_Comprehensive","PopValues","SeasonalityCurves","Cadres_Comprehensive","Comprehensive","Somali",NA
"118","Comprehensive_A",2022,"Public Health","Clinical",48,3.14166666666667,3.89583333333333,4.297,4.75,5.3025,48,32,5000,FALSE,TRUE,TRUE,TRUE,"TV_Comprehensive","PopValues","SeasonalityCurves","Cadres_Comprehensive","Comprehensive","Somali",NA
"119","Comprehensive_A",2022,"Public Health","Non-clinical",48,178.62,196.85,210.462,224.45,244.53,48,32,5000,FALSE,TRUE,TRUE,TRUE,"TV_Comprehensive","PopValues","SeasonalityCurves","Cadres_Comprehensive","Comprehensive","Somali",NA
"120","Comprehensive_A",2023,"-","Non-clinical",48,1440,1440,1440,1440,1440,48,32,5000,FALSE,TRUE,TRUE,TRUE,"TV_Comprehensive","PopValues","SeasonalityCurves","Cadres_Comprehensive","Comprehensive","Somali",NA
"121","Comprehensive_A",2023,"-","Non-productive",48,1548.64,1621,1666.556,1718.15,1768.24,48,32,5000,FALSE,TRUE,TRUE,TRUE,"TV_Comprehensive","PopValues","SeasonalityCurves","Cadres_Comprehensive","Comprehensive","Somali",NA
"122","Comprehensive_A",2023,"Acute","Clinical",48,1338.56,1437.175,1481.01083333333,1533.90833333333,1591.4875,48,32,5000,FALSE,TRUE,TRUE,TRUE,"TV_Comprehensive","PopValues","SeasonalityCurves","Cadres_Comprehensive","Comprehensive","Somali",NA
"123","Comprehensive_A",2023,"Chronic","Clinical",48,0.6,0.6,0.782,0.8,1,48,32,5000,FALSE,TRUE,TRUE,TRUE,"TV_Comprehensive","PopValues","SeasonalityCurves","Cadres_Comprehensive","Comprehensive","Somali",NA
"124","Comprehensive_A",2023,"Preventive","Clinical",48,1387.97583333333,1455.99583333333,1507.4995,1566.3875,1625.42916666667,48,32,5000,FALSE,TRUE,TRUE,TRUE,"TV_Comprehensive","PopValues","SeasonalityCurves","Cadres_Comprehensive","Comprehensive","Somali",NA
"125","Comprehensive_A",2023,"Public Health","Clinical",48,3.12833333333333,3.76666666666667,4.2705,4.85,5.45,48,32,5000,FALSE,TRUE,TRUE,TRUE,"TV_Comprehensive","PopValues","SeasonalityCurves","Cadres_Comprehensive","Comprehensive","Somali",NA
"126","Comprehensive_A",2023,"Public Health","Non-clinical",48,175.6,190.6,210.25,228.65,250.85,48,32,5000,FALSE,TRUE,TRUE,TRUE,"TV_Comprehensive","PopValues","SeasonalityCurves","Cadres_Comprehensive","Comprehensive","Somali",NA
"127","Comprehensive_A",2024,"-","Non-clinical",48,1440,1440,1440,1440,1440,48,32,5000,FALSE,TRUE,TRUE,TRUE,"TV_Comprehensive","PopValues","SeasonalityCurves","Cadres_Comprehensive","Comprehensive","Somali",NA
"128","Comprehensive_A",2024,"-","Non-productive",48,1539.1,1612.8,1657.566,1709.2,1786.37,48,32,5000,FALSE,TRUE,TRUE,TRUE,"TV_Comprehensive","PopValues","SeasonalityCurves","Cadres_Comprehensive","Comprehensive","Somali",NA
"129","Comprehensive_A",2024,"Acute","Clinical",48,1355.33666666666,1454.675,1504.07,1556.95,1640.37166666666,48,32,5000,FALSE,TRUE,TRUE,TRUE,"TV_Comprehensive","PopValues","SeasonalityCurves","Cadres_Comprehensive","Comprehensive","Somali",NA
"130","Comprehensive_A",2024,"Chronic","Clinical",48,0.6,0.6,0.75,0.8,1,48,32,5000,FALSE,TRUE,TRUE,TRUE,"TV_Comprehensive","PopValues","SeasonalityCurves","Cadres_Comprehensive","Comprehensive","Somali",NA
"131","Comprehensive_A",2024,"Preventive","Clinical",48,1406.76166666667,1473.53333333333,1530.7045,1589.3375,1648.83833333333,48,32,5000,FALSE,TRUE,TRUE,TRUE,"TV_Comprehensive","PopValues","SeasonalityCurves","Cadres_Comprehensive","Comprehensive","Somali",NA
"132","Comprehensive_A",2024,"Public Health","Clinical",48,3.1125,3.62083333333333,4.3315,5.11666666666667,5.73416666666667,48,32,5000,FALSE,TRUE,TRUE,TRUE,"TV_Comprehensive","PopValues","SeasonalityCurves","Cadres_Comprehensive","Comprehensive","Somali",NA
"133","Comprehensive_A",2024,"Public Health","Non-clinical",48,175.13,189.4,209.124,226.35,252.87,48,32,5000,FALSE,TRUE,TRUE,TRUE,"TV_Comprehensive","PopValues","SeasonalityCurves","Cadres_Comprehensive","Comprehensive","Somali",NA
"134","Comprehensive_A",2025,"-","Non-clinical",48,1440,1440,1440,1440,1440,48,32,5000,FALSE,TRUE,TRUE,TRUE,"TV_Comprehensive","PopValues","SeasonalityCurves","Cadres_Comprehensive","Comprehensive","Somali",NA
"135","Comprehensive_A",2025,"-","Non-productive",48,1964.16,2030.45,2078.996,2126.25,2198.85,48,32,5000,FALSE,TRUE,TRUE,TRUE,"TV_Comprehensive","PopValues","SeasonalityCurves","Cadres_Comprehensive","Comprehensive","Somali",NA
"136","Comprehensive_A",2025,"Acute","Clinical",48,1344.59166666666,1464.075,1523.309,1586.5,1692.325,48,32,5000,FALSE,TRUE,TRUE,TRUE,"TV_Comprehensive","PopValues","SeasonalityCurves","Cadres_Comprehensive","Comprehensive","Somali",NA
"137","Comprehensive_A",2025,"Chronic","Clinical",48,0.6,0.6,0.744,0.8,1,48,32,5000,FALSE,TRUE,TRUE,TRUE,"TV_Comprehensive","PopValues","SeasonalityCurves","Cadres_Comprehensive","Comprehensive","Somali",NA
"138","Comprehensive_A",2025,"Preventive","Clinical",48,1426.58,1480.03333333333,1550.20716666667,1618.14166666667,1675.76833333333,48,32,5000,FALSE,TRUE,TRUE,TRUE,"TV_Comprehensive","PopValues","SeasonalityCurves","Cadres_Comprehensive","Comprehensive","Somali",NA
"139","Comprehensive_A",2025,"Public Health","Clinical",48,2.76666666666667,3.62916666666667,4.30116666666667,4.95,6.25,48,32,5000,FALSE,TRUE,TRUE,TRUE,"TV_Comprehensive","PopValues","SeasonalityCurves","Cadres_Comprehensive","Comprehensive","Somali",NA
"140","Comprehensive_A",2025,"Public Health","Non-clinical",48,170.57,191.15,209.888,225.5,260.23,48,32,5000,FALSE,TRUE,TRUE,TRUE,"TV_Comprehensive","PopValues","SeasonalityCurves","Cadres_Comprehensive","Comprehensive","Somali",NA
"141","Comprehensive_A",2026,"-","Non-clinical",48,1440,1440,1440,1440,1440,48,32,5000,FALSE,TRUE,TRUE,TRUE,"TV_Comprehensive","PopValues","SeasonalityCurves","Cadres_Comprehensive","Comprehensive","Somali",NA
"142","Comprehensive_A",2026,"-","Non-productive",48,1949.35,2021.35,2071.166,2121.4,2202.06,48,32,5000,FALSE,TRUE,TRUE,TRUE,"TV_Comprehensive","PopValues","SeasonalityCurves","Cadres_Comprehensive","Comprehensive","Somali",NA
"143","Comprehensive_A",2026,"Acute","Clinical",48,1307.13666666666,1420.8125,1495.644,1570.16666666666,1659.0925,48,32,5000,FALSE,TRUE,TRUE,TRUE,"TV_Comprehensive","PopValues","SeasonalityCurves","Cadres_Comprehensive","Comprehensive","Somali",NA
"144","Comprehensive_A",2026,"Chronic","Clinical",48,0.4,0.6,0.72,0.8,1,48,32,5000,FALSE,TRUE,TRUE,TRUE,"TV_Comprehensive","PopValues","SeasonalityCurves","Cadres_Comprehensive","Comprehensive","Somali",NA
"145","Comprehensive_A",2026,"Preventive","Clinical",48,1404.92166666667,1465.55,1540.60233333333,1608.85,1692.16333333333,48,32,5000,FALSE,TRUE,TRUE,TRUE,"TV_Comprehensive","PopValues","SeasonalityCurves","Cadres_Comprehensive","Comprehensive","Somali",NA
"146","Comprehensive_A",2026,"Public Health","Clinical",48,2.73416666666667,3.47083333333333,4.35283333333333,5.14166666666667,6.415,48,32,5000,FALSE,TRUE,TRUE,TRUE,"TV_Comprehensive","PopValues","SeasonalityCurves","Cadres_Comprehensive","Comprehensive","Somali",NA
"147","Comprehensive_A",2026,"Public Health","Non-clinical",48,164.79,190.75,211.174,229,260.91,48,32,5000,FALSE,TRUE,TRUE,TRUE,"TV_Comprehensive","PopValues","SeasonalityCurves","Cadres_Comprehensive","Comprehensive","Somali",NA
"148","Comprehensive_A",2027,"-","Non-clinical",48,1440,1440,1440,1440,1440,48,32,5000,FALSE,TRUE,TRUE,TRUE,"TV_Comprehensive","PopValues","SeasonalityCurves","Cadres_Comprehensive","Comprehensive","Somali",NA
"149","Comprehensive_A",2027,"-","Non-productive",48,1942.86,2015.25,2065.956,2117.4,2220.14,48,32,5000,FALSE,TRUE,TRUE,TRUE,"TV_Comprehensive","PopValues","SeasonalityCurves","Cadres_Comprehensive","Comprehensive","Somali",NA
"150","Comprehensive_A",2027,"Acute","Clinical",48,1282.22916666666,1389.68333333333,1468.91333333333,1550.2125,1620.4925,48,32,5000,FALSE,TRUE,TRUE,TRUE,"TV_Comprehensive","PopValues","SeasonalityCurves","Cadres_Comprehensive","Comprehensive","Somali",NA
"151","Comprehensive_A",2027,"Chronic","Clinical",48,0.4,0.6,0.694,0.8,1,48,32,5000,FALSE,TRUE,TRUE,TRUE,"TV_Comprehensive","PopValues","SeasonalityCurves","Cadres_Comprehensive","Comprehensive","Somali",NA
"152","Comprehensive_A",2027,"Preventive","Clinical",48,1395.44583333333,1442.8875,1521.34966666667,1594.05,1678.525,48,32,5000,FALSE,TRUE,TRUE,TRUE,"TV_Comprehensive","PopValues","SeasonalityCurves","Cadres_Comprehensive","Comprehensive","Somali",NA
"153","Comprehensive_A",2027,"Public Health","Clinical",48,2.4325,3.425,4.3125,5.15833333333333,6.55333333333333,48,32,5000,FALSE,TRUE,TRUE,TRUE,"TV_Comprehensive","PopValues","SeasonalityCurves","Cadres_Comprehensive","Comprehensive","Somali",NA
"154","Comprehensive_A",2027,"Public Health","Non-clinical",48,159.07,194.1,210.688,224.45,256.45,48,32,5000,FALSE,TRUE,TRUE,TRUE,"TV_Comprehensive","PopValues","SeasonalityCurves","Cadres_Comprehensive","Comprehensive","Somali",NA
"155","Comprehensive_A",2028,"-","Non-clinical",48,1440,1440,1440,1440,1440,48,32,5000,FALSE,TRUE,TRUE,TRUE,"TV_Comprehensive","PopValues","SeasonalityCurves","Cadres_Comprehensive","Comprehensive","Somali",NA
"156","Comprehensive_A",2028,"-","Non-productive",48,1924.66,1997.05,2058.502,2112.45,2196.95,48,32,5000,FALSE,TRUE,TRUE,TRUE,"TV_Comprehensive","PopValues","SeasonalityCurves","Cadres_Comprehensive","Comprehensive","Somali",NA
"157","Comprehensive_A",2028,"Acute","Clinical",48,1248.6425,1359.76666666666,1440.74866666666,1516.30416666666,1618.98083333333,48,32,5000,FALSE,TRUE,TRUE,TRUE,"TV_Comprehensive","PopValues","SeasonalityCurves","Cadres_Comprehensive","Comprehensive","Somali",NA
"158","Comprehensive_A",2028,"Chronic","Clinical",48,0.4,0.6,0.666,0.8,1,48,32,5000,FALSE,TRUE,TRUE,TRUE,"TV_Comprehensive","PopValues","SeasonalityCurves","Cadres_Comprehensive","Comprehensive","Somali",NA
"159","Comprehensive_A",2028,"Preventive","Clinical",48,1369.76,1427.91666666667,1503.90466666667,1567.975,1660.67583333333,48,32,5000,FALSE,TRUE,TRUE,TRUE,"TV_Comprehensive","PopValues","SeasonalityCurves","Cadres_Comprehensive","Comprehensive","Somali",NA
"160","Comprehensive_A",2028,"Public Health","Clinical",48,2.4325,3.39166666666667,4.30266666666667,5.2,6.27166666666666,48,32,5000,FALSE,TRUE,TRUE,TRUE,"TV_Comprehensive","PopValues","SeasonalityCurves","Cadres_Comprehensive","Comprehensive","Somali",NA
"161","Comprehensive_A",2028,"Public Health","Non-clinical",48,158.46,191.25,209.454,230.55,256.8,48,32,5000,FALSE,TRUE,TRUE,TRUE,"TV_Comprehensive","PopValues","SeasonalityCurves","Cadres_Comprehensive","Comprehensive","Somali",NA
"162","Comprehensive_A",2029,"-","Non-clinical",48,1440,1440,1440,1440,1440,48,32,5000,FALSE,TRUE,TRUE,TRUE,"TV_Comprehensive","PopValues","SeasonalityCurves","Cadres_Comprehensive","Comprehensive","Somali",NA
"163","Comprehensive_A",2029,"-","Non-productive",48,1910.68,1991.6,2050.518,2105.9,2203.53,48,32,5000,FALSE,TRUE,TRUE,TRUE,"TV_Comprehensive","PopValues","SeasonalityCurves","Cadres_Comprehensive","Comprehensive","Somali",NA
"164","Comprehensive_A",2029,"Acute","Clinical",48,1235.65833333333,1334.77083333333,1412.34266666666,1485.46666666666,1596.2775,48,32,5000,FALSE,TRUE,TRUE,TRUE,"TV_Comprehensive","PopValues","SeasonalityCurves","Cadres_Comprehensive","Comprehensive","Somali",NA
"165","Comprehensive_A",2029,"Chronic","Clinical",48,0.4,0.6,0.64,0.8,1,48,32,5000,FALSE,TRUE,TRUE,TRUE,"TV_Comprehensive","PopValues","SeasonalityCurves","Cadres_Comprehensive","Comprehensive","Somali",NA
"166","Comprehensive_A",2029,"Preventive","Clinical",48,1334.23,1417.89583333333,1484.92316666667,1550.97083333333,1646.89333333333,48,32,5000,FALSE,TRUE,TRUE,TRUE,"TV_Comprehensive","PopValues","SeasonalityCurves","Cadres_Comprehensive","Comprehensive","Somali",NA
"167","Comprehensive_A",2029,"Public Health","Clinical",48,2.42916666666667,3.30416666666667,4.28133333333333,5.20416666666667,6.295,48,32,5000,FALSE,TRUE,TRUE,TRUE,"TV_Comprehensive","PopValues","SeasonalityCurves","Cadres_Comprehensive","Comprehensive","Somali",NA
"168","Comprehensive_A",2029,"Public Health","Non-clinical",48,163.08,192.2,209.732,231.65,254.08,48,32,5000,FALSE,TRUE,TRUE,TRUE,"TV_Comprehensive","PopValues","SeasonalityCurves","Cadres_Comprehensive","Comprehensive","Somali",NA
"169","Comprehensive_A",2030,"-","Non-clinical",48,1440,1440,1440,1440,1440,48,32,5000,FALSE,TRUE,TRUE,TRUE,"TV_Comprehensive","PopValues","SeasonalityCurves","Cadres_Comprehensive","Comprehensive","Somali",NA
"170","Comprehensive_A",2030,"-","Non-productive",48,1922.33,1991.3,2047.42,2115.85,2213.33,48,32,5000,FALSE,TRUE,TRUE,TRUE,"TV_Comprehensive","PopValues","SeasonalityCurves","Cadres_Comprehensive","Comprehensive","Somali",NA
"171","Comprehensive_A",2030,"Acute","Clinical",48,1186.29,1310.3375,1384.9435,1458.21666666666,1595.26416666666,48,32,5000,FALSE,TRUE,TRUE,TRUE,"TV_Comprehensive","PopValues","SeasonalityCurves","Cadres_Comprehensive","Comprehensive","Somali",NA
"172","Comprehensive_A",2030,"Chronic","Clinical",48,0.4,0.55,0.628,0.8,1,48,32,5000,FALSE,TRUE,TRUE,TRUE,"TV_Comprehensive","PopValues","SeasonalityCurves","Cadres_Comprehensive","Comprehensive","Somali",NA
"173","Comprehensive_A",2030,"Preventive","Clinical",48,1305.22666666667,1379.47916666667,1463.234,1516.08333333333,1654.405,48,32,5000,FALSE,TRUE,TRUE,TRUE,"TV_Comprehensive","PopValues","SeasonalityCurves","Cadres_Comprehensive","Comprehensive","Somali",NA
"174","Comprehensive_A",2030,"Public Health","Clinical",48,2.5125,3.17083333333333,4.31183333333333,5.19583333333333,6.91333333333333,48,32,5000,FALSE,TRUE,TRUE,TRUE,"TV_Comprehensive","PopValues","SeasonalityCurves","Cadres_Comprehensive","Comprehensive","Somali",NA
"175","Comprehensive_A",2030,"Public Health","Non-clinical",48,152.72,191.8,210.342,236.2,259.82,48,32,5000,FALSE,TRUE,TRUE,TRUE,"TV_Comprehensive","PopValues","SeasonalityCurves","Cadres_Comprehensive","Comprehensive","Somali",NA
"176","Comprehensive_A",2031,"-","Non-clinical",48,1440,1440,1440,1440,1440,48,32,5000,FALSE,TRUE,TRUE,TRUE,"TV_Comprehensive","PopValues","SeasonalityCurves","Cadres_Comprehensive","Comprehensive","Somali",NA
"177","Comprehensive_A",2031,"-","Non-productive",48,1899.17,1969.2,2039.336,2116.85,2185.04,48,32,5000,FALSE,TRUE,TRUE,TRUE,"TV_Comprehensive","PopValues","SeasonalityCurves","Cadres_Comprehensive","Comprehensive","Somali",NA
"178","Comprehensive_A",2031,"Acute","Clinical",48,1161.7925,1280.35,1356.77316666666,1438.37916666666,1549.77749999999,48,32,5000,FALSE,TRUE,TRUE,TRUE,"TV_Comprehensive","PopValues","SeasonalityCurves","Cadres_Comprehensive","Comprehensive","Somali",NA
"179","Comprehensive_A",2031,"Chronic","Clinical",48,0.4,0.4,0.592,0.6,0.809999999999999,48,32,5000,FALSE,TRUE,TRUE,TRUE,"TV_Comprehensive","PopValues","SeasonalityCurves","Cadres_Comprehensive","Comprehensive","Somali",NA
"180","Comprehensive_A",2031,"Preventive","Clinical",48,1284.01416666667,1354.09583333333,1440.304,1498.825,1643.5425,48,32,5000,FALSE,TRUE,TRUE,TRUE,"TV_Comprehensive","PopValues","SeasonalityCurves","Cadres_Comprehensive","Comprehensive","Somali",NA
"181","Comprehensive_A",2031,"Public Health","Clinical",48,2.43,3.27083333333333,4.42383333333333,5.4125,7.78583333333333,48,32,5000,FALSE,TRUE,TRUE,TRUE,"TV_Comprehensive","PopValues","SeasonalityCurves","Cadres_Comprehensive","Comprehensive","Somali",NA
"182","Comprehensive_A",2031,"Public Health","Non-clinical",48,146.05,186.45,211.454,236.25,266.14,48,32,5000,FALSE,TRUE,TRUE,TRUE,"TV_Comprehensive","PopValues","SeasonalityCurves","Cadres_Comprehensive","Comprehensive","Somali",NA
"183","Comprehensive_A",2032,"-","Non-clinical",48,1440,1440,1440,1440,1440,48,32,5000,FALSE,TRUE,TRUE,TRUE,"TV_Comprehensive","PopValues","SeasonalityCurves","Cadres_Comprehensive","Comprehensive","Somali",NA
"184","Comprehensive_A",2032,"-","Non-productive",48,1885.02,1967.25,2029.152,2100.5,2156.22,48,32,5000,FALSE,TRUE,TRUE,TRUE,"TV_Comprehensive","PopValues","SeasonalityCurves","Cadres_Comprehensive","Comprehensive","Somali",NA
"185","Comprehensive_A",2032,"Acute","Clinical",48,1143.19833333333,1256.76666666666,1333.4185,1402.39166666666,1540.02,48,32,5000,FALSE,TRUE,TRUE,TRUE,"TV_Comprehensive","PopValues","SeasonalityCurves","Cadres_Comprehensive","Comprehensive","Somali",NA
"186","Comprehensive_A",2032,"Chronic","Clinical",48,0.4,0.4,0.574,0.6,0.809999999999999,48,32,5000,FALSE,TRUE,TRUE,TRUE,"TV_Comprehensive","PopValues","SeasonalityCurves","Cadres_Comprehensive","Comprehensive","Somali",NA
"187","Comprehensive_A",2032,"Preventive","Clinical",48,1276.99,1332.0625,1420.2005,1488.8,1663.24916666667,48,32,5000,FALSE,TRUE,TRUE,TRUE,"TV_Comprehensive","PopValues","SeasonalityCurves","Cadres_Comprehensive","Comprehensive","Somali",NA
"188","Comprehensive_A",2032,"Public Health","Clinical",48,2.5075,3.26666666666667,4.51116666666667,5.72083333333333,8.04083333333333,48,32,5000,FALSE,TRUE,TRUE,TRUE,"TV_Comprehensive","PopValues","SeasonalityCurves","Cadres_Comprehensive","Comprehensive","Somali",NA
"189","Comprehensive_A",2032,"Public Health","Non-clinical",48,148.23,184.9,212.868,234.8,277.67,48,32,5000,FALSE,TRUE,TRUE,TRUE,"TV_Comprehensive","PopValues","SeasonalityCurves","Cadres_Comprehensive","Comprehensive","Somali",NA
"190","Comprehensive_A",2033,"-","Non-clinical",48,1440,1440,1440,1440,1440,48,32,5000,FALSE,TRUE,TRUE,TRUE,"TV_Comprehensive","PopValues","SeasonalityCurves","Cadres_Comprehensive","Comprehensive","Somali",NA
"191","Comprehensive_A",2033,"-","Non-productive",48,1874.39,1959.3,2023.396,2083.85,2170.37,48,32,5000,FALSE,TRUE,TRUE,TRUE,"TV_Comprehensive","PopValues","SeasonalityCurves","Cadres_Comprehensive","Comprehensive","Somali",NA
"192","Comprehensive_A",2033,"Acute","Clinical",48,1111.10416666667,1219.89583333333,1300.36116666666,1375.93333333333,1516.97833333333,48,32,5000,FALSE,TRUE,TRUE,TRUE,"TV_Comprehensive","PopValues","SeasonalityCurves","Cadres_Comprehensive","Comprehensive","Somali",NA
"193","Comprehensive_A",2033,"Chronic","Clinical",48,0.4,0.4,0.542,0.6,0.8,48,32,5000,FALSE,TRUE,TRUE,TRUE,"TV_Comprehensive","PopValues","SeasonalityCurves","Cadres_Comprehensive","Comprehensive","Somali",NA
"194","Comprehensive_A",2033,"Preventive","Clinical",48,1257.15916666667,1310.8375,1393.35916666667,1445.4125,1643.33916666667,48,32,5000,FALSE,TRUE,TRUE,TRUE,"TV_Comprehensive","PopValues","SeasonalityCurves","Cadres_Comprehensive","Comprehensive","Somali",NA
"195","Comprehensive_A",2033,"Public Health","Clinical",48,2.31083333333333,3.13333333333333,4.50766666666667,5.3375,7.9775,48,32,5000,FALSE,TRUE,TRUE,TRUE,"TV_Comprehensive","PopValues","SeasonalityCurves","Cadres_Comprehensive","Comprehensive","Somali",NA
"196","Comprehensive_A",2033,"Public Health","Non-clinical",48,147.63,187.8,213.522,238.15,275.87,48,32,5000,FALSE,TRUE,TRUE,TRUE,"TV_Comprehensive","PopValues","SeasonalityCurves","Cadres_Comprehensive","Comprehensive","Somali",NA
"197","Comprehensive_A",2034,"-","Non-clinical",48,1440,1440,1440,1440,1440,48,32,5000,FALSE,TRUE,TRUE,TRUE,"TV_Comprehensive","PopValues","SeasonalityCurves","Cadres_Comprehensive","Comprehensive","Somali",NA
"198","Comprehensive_A",2034,"-","Non-productive",48,1860.68,1944.75,2015.448,2088.65,2161.57,48,32,5000,FALSE,TRUE,TRUE,TRUE,"TV_Comprehensive","PopValues","SeasonalityCurves","Cadres_Comprehensive","Comprehensive","Somali",NA
"199","Comprehensive_A",2034,"Acute","Clinical",48,1104.49916666666,1192.6375,1271.0265,1345.84583333333,1472.52666666666,48,32,5000,FALSE,TRUE,TRUE,TRUE,"TV_Comprehensive","PopValues","SeasonalityCurves","Cadres_Comprehensive","Comprehensive","Somali",NA
"200","Comprehensive_A",2034,"Chronic","Clinical",48,0.2,0.4,0.516,0.6,0.8,48,32,5000,FALSE,TRUE,TRUE,TRUE,"TV_Comprehensive","PopValues","SeasonalityCurves","Cadres_Comprehensive","Comprehensive","Somali",NA
"201","Comprehensive_A",2034,"Preventive","Clinical",48,1229.53083333333,1282.1375,1367.00783333333,1438.425,1592.21416666667,48,32,5000,FALSE,TRUE,TRUE,TRUE,"TV_Comprehensive","PopValues","SeasonalityCurves","Cadres_Comprehensive","Comprehensive","Somali",NA
"202","Comprehensive_A",2034,"Public Health","Clinical",48,2.31416666666667,3.25,4.518,5.70833333333333,7.93833333333333,48,32,5000,FALSE,TRUE,TRUE,TRUE,"TV_Comprehensive","PopValues","SeasonalityCurves","Cadres_Comprehensive","Comprehensive","Somali",NA
"203","Comprehensive_A",2034,"Public Health","Non-clinical",48,145.36,187.6,213.568,240.1,283.32,48,32,5000,FALSE,TRUE,TRUE,TRUE,"TV_Comprehensive","PopValues","SeasonalityCurves","Cadres_Comprehensive","Comprehensive","Somali",NA
"204","Comprehensive_A",2035,"-","Non-clinical",48,1440,1440,1440,1440,1440,48,32,5000,FALSE,TRUE,TRUE,TRUE,"TV_Comprehensive","PopValues","SeasonalityCurves","Cadres_Comprehensive","Comprehensive","Somali",NA
"205","Comprehensive_A",2035,"-","Non-productive",48,1860.31,1945.7,2008.554,2083.05,2157.53,48,32,5000,FALSE,TRUE,TRUE,TRUE,"TV_Comprehensive","PopValues","SeasonalityCurves","Cadres_Comprehensive","Comprehensive","Somali",NA
"206","Comprehensive_A",2035,"Acute","Clinical",48,1070.46416666666,1151.61666666666,1240.33533333333,1305.0625,1425.83166666667,48,32,5000,FALSE,TRUE,TRUE,TRUE,"TV_Comprehensive","PopValues","SeasonalityCurves","Cadres_Comprehensive","Comprehensive","Somali",NA
"207","Comprehensive_A",2035,"Chronic","Clinical",48,0.2,0.4,0.494,0.6,0.8,48,32,5000,FALSE,TRUE,TRUE,TRUE,"TV_Comprehensive","PopValues","SeasonalityCurves","Cadres_Comprehensive","Comprehensive","Somali",NA
"208","Comprehensive_A",2035,"Preventive","Clinical",48,1164.97333333333,1260.275,1344.58016666667,1410.775,1564.88833333333,48,32,5000,FALSE,TRUE,TRUE,TRUE,"TV_Comprehensive","PopValues","SeasonalityCurves","Cadres_Comprehensive","Comprehensive","Somali",NA
"209","Comprehensive_A",2035,"Public Health","Clinical",48,2.165,2.84583333333333,4.42533333333333,5.52083333333333,7.8225,48,32,5000,FALSE,TRUE,TRUE,TRUE,"TV_Comprehensive","PopValues","SeasonalityCurves","Cadres_Comprehensive","Comprehensive","Somali",NA
"210","Comprehensive_A",2035,"Public Health","Non-clinical",48,153.59,188.55,211.246,236.85,276.37,48,32,5000,FALSE,TRUE,TRUE,TRUE,"TV_Comprehensive","PopValues","SeasonalityCurves","Cadres_Comprehensive","Comprehensive","Somali",NA
"211","Comprehensive_B",2021,"-","Non-clinical",48,1440,1440,1440,1440,1440,48,32,5000,FALSE,FALSE,TRUE,TRUE,"TV_Comprehensive","PopValues","SeasonalityCurves","Cadres_Comprehensive","Comprehensive","Somali",NA
"212","Comprehensive_B",2021,"-","Non-productive",48,1572.84,1638.4,1683.558,1735.25,1780.25,48,32,5000,FALSE,FALSE,TRUE,TRUE,"TV_Comprehensive","PopValues","SeasonalityCurves","Cadres_Comprehensive","Comprehensive","Somali",NA
"213","Comprehensive_B",2021,"Acute","Clinical",48,1347.885,1398.975,1438.78833333333,1481.14999999999,1520.69666666666,48,32,5000,FALSE,FALSE,TRUE,TRUE,"TV_Comprehensive","PopValues","SeasonalityCurves","Cadres_Comprehensive","Comprehensive","Somali",NA
"214","Comprehensive_B",2021,"Chronic","Clinical",48,0.6,0.8,0.814,0.8,1,48,32,5000,FALSE,FALSE,TRUE,TRUE,"TV_Comprehensive","PopValues","SeasonalityCurves","Cadres_Comprehensive","Comprehensive","Somali",NA
"215","Comprehensive_B",2021,"Preventive","Clinical",48,1359.37583333333,1421.32916666667,1469.50316666667,1513.34166666667,1596.52833333333,48,32,5000,FALSE,FALSE,TRUE,TRUE,"TV_Comprehensive","PopValues","SeasonalityCurves","Cadres_Comprehensive","Comprehensive","Somali",NA
"216","Comprehensive_B",2021,"Public Health","Clinical",48,3.39416666666667,3.9875,4.31283333333333,4.65,5.38666666666667,48,32,5000,FALSE,FALSE,TRUE,TRUE,"TV_Comprehensive","PopValues","SeasonalityCurves","Cadres_Comprehensive","Comprehensive","Somali",NA
"217","Comprehensive_B",2021,"Public Health","Non-clinical",48,180.3,195.1,209.398,221.9,240.1,48,32,5000,FALSE,FALSE,TRUE,TRUE,"TV_Comprehensive","PopValues","SeasonalityCurves","Cadres_Comprehensive","Comprehensive","Somali",NA
"218","Comprehensive_B",2022,"-","Non-clinical",48,1440,1440,1440,1440,1440,48,32,5000,FALSE,FALSE,TRUE,TRUE,"TV_Comprehensive","PopValues","SeasonalityCurves","Cadres_Comprehensive","Comprehensive","Somali",NA
"219","Comprehensive_B",2022,"-","Non-productive",48,1564.12,1636.65,1676.584,1730.3,1781.23,48,32,5000,FALSE,FALSE,TRUE,TRUE,"TV_Comprehensive","PopValues","SeasonalityCurves","Cadres_Comprehensive","Comprehensive","Somali",NA
"220","Comprehensive_B",2022,"Acute","Clinical",48,1355.17916666666,1424.84166666666,1473.91733333333,1517.525,1586.96333333333,48,32,5000,FALSE,FALSE,TRUE,TRUE,"TV_Comprehensive","PopValues","SeasonalityCurves","Cadres_Comprehensive","Comprehensive","Somali",NA
"221","Comprehensive_B",2022,"Chronic","Clinical",48,0.6,0.8,0.796,0.8,1,48,32,5000,FALSE,FALSE,TRUE,TRUE,"TV_Comprehensive","PopValues","SeasonalityCurves","Cadres_Comprehensive","Comprehensive","Somali",NA
"222","Comprehensive_B",2022,"Preventive","Clinical",48,1384.37333333333,1456.69166666667,1507.36666666667,1555.94583333333,1631.09833333333,48,32,5000,FALSE,FALSE,TRUE,TRUE,"TV_Comprehensive","PopValues","SeasonalityCurves","Cadres_Comprehensive","Comprehensive","Somali",NA
"223","Comprehensive_B",2022,"Public Health","Clinical",48,3.14166666666667,3.88333333333333,4.2985,4.75,5.3025,48,32,5000,FALSE,FALSE,TRUE,TRUE,"TV_Comprehensive","PopValues","SeasonalityCurves","Cadres_Comprehensive","Comprehensive","Somali",NA
"224","Comprehensive_B",2022,"Public Health","Non-clinical",48,178.62,197,210.492,224.45,244.15,48,32,5000,FALSE,FALSE,TRUE,TRUE,"TV_Comprehensive","PopValues","SeasonalityCurves","Cadres_Comprehensive","Comprehensive","Somali",NA
"225","Comprehensive_B",2023,"-","Non-clinical",48,1440,1440,1440,1440,1440,48,32,5000,FALSE,FALSE,TRUE,TRUE,"TV_Comprehensive","PopValues","SeasonalityCurves","Cadres_Comprehensive","Comprehensive","Somali",NA
"226","Comprehensive_B",2023,"-","Non-productive",48,1548.8,1622,1666.576,1717.85,1768.06,48,32,5000,FALSE,FALSE,TRUE,TRUE,"TV_Comprehensive","PopValues","SeasonalityCurves","Cadres_Comprehensive","Comprehensive","Somali",NA
"227","Comprehensive_B",2023,"Acute","Clinical",48,1368.08749999999,1473.7625,1511.6195,1564.32083333333,1632.16916666666,48,32,5000,FALSE,FALSE,TRUE,TRUE,"TV_Comprehensive","PopValues","SeasonalityCurves","Cadres_Comprehensive","Comprehensive","Somali",NA
"228","Comprehensive_B",2023,"Chronic","Clinical",48,0.6,0.6,0.782,0.8,1,48,32,5000,FALSE,FALSE,TRUE,TRUE,"TV_Comprehensive","PopValues","SeasonalityCurves","Cadres_Comprehensive","Comprehensive","Somali",NA
"229","Comprehensive_B",2023,"Preventive","Clinical",48,1425.57333333333,1495.24166666667,1552.1905,1615.63333333333,1680.7425,48,32,5000,FALSE,FALSE,TRUE,TRUE,"TV_Comprehensive","PopValues","SeasonalityCurves","Cadres_Comprehensive","Comprehensive","Somali",NA
"230","Comprehensive_B",2023,"Public Health","Clinical",48,3.12833333333333,3.76666666666667,4.2705,4.85,5.45,48,32,5000,FALSE,FALSE,TRUE,TRUE,"TV_Comprehensive","PopValues","SeasonalityCurves","Cadres_Comprehensive","Comprehensive","Somali",NA
"231","Comprehensive_B",2023,"Public Health","Non-clinical",48,175.61,190.6,210.266,228.8,251.42,48,32,5000,FALSE,FALSE,TRUE,TRUE,"TV_Comprehensive","PopValues","SeasonalityCurves","Cadres_Comprehensive","Comprehensive","Somali",NA
"232","Comprehensive_B",2024,"-","Non-clinical",48,1440,1440,1440,1440,1440,48,32,5000,FALSE,FALSE,TRUE,TRUE,"TV_Comprehensive","PopValues","SeasonalityCurves","Cadres_Comprehensive","Comprehensive","Somali",NA
"233","Comprehensive_B",2024,"-","Non-productive",48,1539.46,1612.75,1657.288,1708.45,1785.8,48,32,5000,FALSE,FALSE,TRUE,TRUE,"TV_Comprehensive","PopValues","SeasonalityCurves","Cadres_Comprehensive","Comprehensive","Somali",NA
"234","Comprehensive_B",2024,"Acute","Clinical",48,1391.07416666666,1493.01666666666,1546.24066666666,1601.34999999999,1690.48416666666,48,32,5000,FALSE,FALSE,TRUE,TRUE,"TV_Comprehensive","PopValues","SeasonalityCurves","Cadres_Comprehensive","Comprehensive","Somali",NA
"235","Comprehensive_B",2024,"Chronic","Clinical",48,0.6,0.6,0.742,0.8,1,48,32,5000,FALSE,FALSE,TRUE,TRUE,"TV_Comprehensive","PopValues","SeasonalityCurves","Cadres_Comprehensive","Comprehensive","Somali",NA
"236","Comprehensive_B",2024,"Preventive","Clinical",48,1447.70416666667,1524.625,1589.61533333333,1648.35833333333,1718.98166666666,48,32,5000,FALSE,FALSE,TRUE,TRUE,"TV_Comprehensive","PopValues","SeasonalityCurves","Cadres_Comprehensive","Comprehensive","Somali",NA
"237","Comprehensive_B",2024,"Public Health","Clinical",48,3.1125,3.62083333333333,4.32716666666667,5.11666666666667,5.73416666666667,48,32,5000,FALSE,FALSE,TRUE,TRUE,"TV_Comprehensive","PopValues","SeasonalityCurves","Cadres_Comprehensive","Comprehensive","Somali",NA
"238","Comprehensive_B",2024,"Public Health","Non-clinical",48,175.13,189.4,209.086,226.3,252.49,48,32,5000,FALSE,FALSE,TRUE,TRUE,"TV_Comprehensive","PopValues","SeasonalityCurves","Cadres_Comprehensive","Comprehensive","Somali",NA
"239","Comprehensive_B",2025,"-","Non-clinical",48,1440,1440,1440,1440,1440,48,32,5000,FALSE,FALSE,TRUE,TRUE,"TV_Comprehensive","PopValues","SeasonalityCurves","Cadres_Comprehensive","Comprehensive","Somali",NA
"240","Comprehensive_B",2025,"-","Non-productive",48,1963.56,2031.8,2078.968,2126,2199.45,48,32,5000,FALSE,FALSE,TRUE,TRUE,"TV_Comprehensive","PopValues","SeasonalityCurves","Cadres_Comprehensive","Comprehensive","Somali",NA
"241","Comprehensive_B",2025,"Acute","Clinical",48,1392.6625,1514.25,1578.21166666666,1645.24166666666,1750.26166666666,48,32,5000,FALSE,FALSE,TRUE,TRUE,"TV_Comprehensive","PopValues","SeasonalityCurves","Cadres_Comprehensive","Comprehensive","Somali",NA
"242","Comprehensive_B",2025,"Chronic","Clinical",48,0.6,0.6,0.736,0.8,1,48,32,5000,FALSE,FALSE,TRUE,TRUE,"TV_Comprehensive","PopValues","SeasonalityCurves","Cadres_Comprehensive","Comprehensive","Somali",NA
"243","Comprehensive_B",2025,"Preventive","Clinical",48,1495.5975,1547.56666666667,1625.15633333333,1695.45833333333,1766.14916666667,48,32,5000,FALSE,FALSE,TRUE,TRUE,"TV_Comprehensive","PopValues","SeasonalityCurves","Cadres_Comprehensive","Comprehensive","Somali",NA
"244","Comprehensive_B",2025,"Public Health","Clinical",48,2.76666666666667,3.625,4.3015,4.95,6.25,48,32,5000,FALSE,FALSE,TRUE,TRUE,"TV_Comprehensive","PopValues","SeasonalityCurves","Cadres_Comprehensive","Comprehensive","Somali",NA
"245","Comprehensive_B",2025,"Public Health","Non-clinical",48,170.76,191.2,209.864,225.5,260.03,48,32,5000,FALSE,FALSE,TRUE,TRUE,"TV_Comprehensive","PopValues","SeasonalityCurves","Cadres_Comprehensive","Comprehensive","Somali",NA
"246","Comprehensive_B",2026,"-","Non-clinical",48,1440,1440,1440,1440,1440,48,32,5000,FALSE,FALSE,TRUE,TRUE,"TV_Comprehensive","PopValues","SeasonalityCurves","Cadres_Comprehensive","Comprehensive","Somali",NA
"247","Comprehensive_B",2026,"-","Non-productive",48,1949.59,2021.45,2071.394,2121.15,2204.21,48,32,5000,FALSE,FALSE,TRUE,TRUE,"TV_Comprehensive","PopValues","SeasonalityCurves","Cadres_Comprehensive","Comprehensive","Somali",NA
"248","Comprehensive_B",2026,"Acute","Clinical",48,1363.49833333333,1481.21666666666,1562.64116666666,1644.86666666666,1741.16416666666,48,32,5000,FALSE,FALSE,TRUE,TRUE,"TV_Comprehensive","PopValues","SeasonalityCurves","Cadres_Comprehensive","Comprehensive","Somali",NA
"249","Comprehensive_B",2026,"Chronic","Clinical",48,0.4,0.6,0.704,0.8,1,48,32,5000,FALSE,FALSE,TRUE,TRUE,"TV_Comprehensive","PopValues","SeasonalityCurves","Cadres_Comprehensive","Comprehensive","Somali",NA
"250","Comprehensive_B",2026,"Preventive","Clinical",48,1482.38083333333,1547.12916666667,1631.9355,1700.5125,1797.40833333333,48,32,5000,FALSE,FALSE,TRUE,TRUE,"TV_Comprehensive","PopValues","SeasonalityCurves","Cadres_Comprehensive","Comprehensive","Somali",NA
"251","Comprehensive_B",2026,"Public Health","Clinical",48,2.73416666666667,3.47083333333333,4.3565,5.17083333333333,6.415,48,32,5000,FALSE,FALSE,TRUE,TRUE,"TV_Comprehensive","PopValues","SeasonalityCurves","Cadres_Comprehensive","Comprehensive","Somali",NA
"252","Comprehensive_B",2026,"Public Health","Non-clinical",48,164.78,191.15,211.224,229.05,261.09,48,32,5000,FALSE,FALSE,TRUE,TRUE,"TV_Comprehensive","PopValues","SeasonalityCurves","Cadres_Comprehensive","Comprehensive","Somali",NA
"253","Comprehensive_B",2027,"-","Non-clinical",48,1440,1440,1440,1440,1440,48,32,5000,FALSE,FALSE,TRUE,TRUE,"TV_Comprehensive","PopValues","SeasonalityCurves","Cadres_Comprehensive","Comprehensive","Somali",NA
"254","Comprehensive_B",2027,"-","Non-productive",48,1943.04,2011.9,2065.898,2112.85,2224.21,48,32,5000,FALSE,FALSE,TRUE,TRUE,"TV_Comprehensive","PopValues","SeasonalityCurves","Cadres_Comprehensive","Comprehensive","Somali",NA
"255","Comprehensive_B",2027,"Acute","Clinical",48,1346.56166666666,1458.525,1545.78566666666,1632.57083333333,1722.82833333333,48,32,5000,FALSE,FALSE,TRUE,TRUE,"TV_Comprehensive","PopValues","SeasonalityCurves","Cadres_Comprehensive","Comprehensive","Somali",NA
"256","Comprehensive_B",2027,"Chronic","Clinical",48,0.4,0.6,0.676,0.8,1,48,32,5000,FALSE,FALSE,TRUE,TRUE,"TV_Comprehensive","PopValues","SeasonalityCurves","Cadres_Comprehensive","Comprehensive","Somali",NA
"257","Comprehensive_B",2027,"Preventive","Clinical",48,1485.03666666667,1542.59166666667,1625.35933333333,1697.52083333333,1789.6275,48,32,5000,FALSE,FALSE,TRUE,TRUE,"TV_Comprehensive","PopValues","SeasonalityCurves","Cadres_Comprehensive","Comprehensive","Somali",NA
"258","Comprehensive_B",2027,"Public Health","Clinical",48,2.4325,3.43333333333333,4.313,5.15833333333333,6.61833333333333,48,32,5000,FALSE,FALSE,TRUE,TRUE,"TV_Comprehensive","PopValues","SeasonalityCurves","Cadres_Comprehensive","Comprehensive","Somali",NA
"259","Comprehensive_B",2027,"Public Health","Non-clinical",48,159.44,193.95,210.672,224.65,256.79,48,32,5000,FALSE,FALSE,TRUE,TRUE,"TV_Comprehensive","PopValues","SeasonalityCurves","Cadres_Comprehensive","Comprehensive","Somali",NA
"260","Comprehensive_B",2028,"-","Non-clinical",48,1440,1440,1440,1440,1440,48,32,5000,FALSE,FALSE,TRUE,TRUE,"TV_Comprehensive","PopValues","SeasonalityCurves","Cadres_Comprehensive","Comprehensive","Somali",NA
"261","Comprehensive_B",2028,"-","Non-productive",48,1921.09,1998.4,2057.676,2110.15,2195.85,48,32,5000,FALSE,FALSE,TRUE,TRUE,"TV_Comprehensive","PopValues","SeasonalityCurves","Cadres_Comprehensive","Comprehensive","Somali",NA
"262","Comprehensive_B",2028,"Acute","Clinical",48,1318.21416666666,1441.4875,1525.72816666666,1617.58333333333,1722.65166666666,48,32,5000,FALSE,FALSE,TRUE,TRUE,"TV_Comprehensive","PopValues","SeasonalityCurves","Cadres_Comprehensive","Comprehensive","Somali",NA
"263","Comprehensive_B",2028,"Chronic","Clinical",48,0.4,0.6,0.654,0.8,1,48,32,5000,FALSE,FALSE,TRUE,TRUE,"TV_Comprehensive","PopValues","SeasonalityCurves","Cadres_Comprehensive","Comprehensive","Somali",NA
"264","Comprehensive_B",2028,"Preventive","Clinical",48,1477.89666666667,1534.83333333333,1619.51666666667,1695.1875,1790.24333333333,48,32,5000,FALSE,FALSE,TRUE,TRUE,"TV_Comprehensive","PopValues","SeasonalityCurves","Cadres_Comprehensive","Comprehensive","Somali",NA
"265","Comprehensive_B",2028,"Public Health","Clinical",48,2.4325,3.36666666666667,4.29733333333333,5.175,6.26833333333333,48,32,5000,FALSE,FALSE,TRUE,TRUE,"TV_Comprehensive","PopValues","SeasonalityCurves","Cadres_Comprehensive","Comprehensive","Somali",NA
"266","Comprehensive_B",2028,"Public Health","Non-clinical",48,158.65,191.4,209.21,229.5,255.85,48,32,5000,FALSE,FALSE,TRUE,TRUE,"TV_Comprehensive","PopValues","SeasonalityCurves","Cadres_Comprehensive","Comprehensive","Somali",NA
"267","Comprehensive_B",2029,"-","Non-clinical",48,1440,1440,1440,1440,1440,48,32,5000,FALSE,FALSE,TRUE,TRUE,"TV_Comprehensive","PopValues","SeasonalityCurves","Cadres_Comprehensive","Comprehensive","Somali",NA
"268","Comprehensive_B",2029,"-","Non-productive",48,1911.06,1989.8,2050.342,2105.9,2201.91,48,32,5000,FALSE,FALSE,TRUE,TRUE,"TV_Comprehensive","PopValues","SeasonalityCurves","Cadres_Comprehensive","Comprehensive","Somali",NA
"269","Comprehensive_B",2029,"Acute","Clinical",48,1307.71083333333,1424.79583333333,1505.75333333333,1592.44583333333,1714.92499999999,48,32,5000,FALSE,FALSE,TRUE,TRUE,"TV_Comprehensive","PopValues","SeasonalityCurves","Cadres_Comprehensive","Comprehensive","Somali",NA
"270","Comprehensive_B",2029,"Chronic","Clinical",48,0.4,0.4,0.618,0.8,1,48,32,5000,FALSE,FALSE,TRUE,TRUE,"TV_Comprehensive","PopValues","SeasonalityCurves","Cadres_Comprehensive","Comprehensive","Somali",NA
"271","Comprehensive_B",2029,"Preventive","Clinical",48,1448.98083333333,1534.17916666667,1612.0345,1676.67916666667,1787.64416666667,48,32,5000,FALSE,FALSE,TRUE,TRUE,"TV_Comprehensive","PopValues","SeasonalityCurves","Cadres_Comprehensive","Comprehensive","Somali",NA
"272","Comprehensive_B",2029,"Public Health","Clinical",48,2.42916666666667,3.30416666666667,4.28316666666667,5.20416666666667,6.295,48,32,5000,FALSE,FALSE,TRUE,TRUE,"TV_Comprehensive","PopValues","SeasonalityCurves","Cadres_Comprehensive","Comprehensive","Somali",NA
"273","Comprehensive_B",2029,"Public Health","Non-clinical",48,162.47,192.25,209.694,231.8,254.02,48,32,5000,FALSE,FALSE,TRUE,TRUE,"TV_Comprehensive","PopValues","SeasonalityCurves","Cadres_Comprehensive","Comprehensive","Somali",NA
"274","Comprehensive_B",2030,"-","Non-clinical",48,1440,1440,1440,1440,1440,48,32,5000,FALSE,FALSE,TRUE,TRUE,"TV_Comprehensive","PopValues","SeasonalityCurves","Cadres_Comprehensive","Comprehensive","Somali",NA
"275","Comprehensive_B",2030,"-","Non-productive",48,1923.19,1991.7,2047.808,2116.25,2215.12,48,32,5000,FALSE,FALSE,TRUE,TRUE,"TV_Comprehensive","PopValues","SeasonalityCurves","Cadres_Comprehensive","Comprehensive","Somali",NA
"276","Comprehensive_B",2030,"Acute","Clinical",48,1270.33583333333,1406.9125,1485.92366666666,1567.3875,1718.67666666666,48,32,5000,FALSE,FALSE,TRUE,TRUE,"TV_Comprehensive","PopValues","SeasonalityCurves","Cadres_Comprehensive","Comprehensive","Somali",NA
"277","Comprehensive_B",2030,"Chronic","Clinical",48,0.4,0.4,0.61,0.8,1,48,32,5000,FALSE,FALSE,TRUE,TRUE,"TV_Comprehensive","PopValues","SeasonalityCurves","Cadres_Comprehensive","Comprehensive","Somali",NA
"278","Comprehensive_B",2030,"Preventive","Clinical",48,1416.635,1509.05416666667,1600.83083333333,1657.98333333333,1820.48166666667,48,32,5000,FALSE,FALSE,TRUE,TRUE,"TV_Comprehensive","PopValues","SeasonalityCurves","Cadres_Comprehensive","Comprehensive","Somali",NA
"279","Comprehensive_B",2030,"Public Health","Clinical",48,2.51666666666667,3.17083333333333,4.3155,5.21666666666667,6.91333333333333,48,32,5000,FALSE,FALSE,TRUE,TRUE,"TV_Comprehensive","PopValues","SeasonalityCurves","Cadres_Comprehensive","Comprehensive","Somali",NA
"280","Comprehensive_B",2030,"Public Health","Non-clinical",48,152.91,192.15,210.466,236.45,259.84,48,32,5000,FALSE,FALSE,TRUE,TRUE,"TV_Comprehensive","PopValues","SeasonalityCurves","Cadres_Comprehensive","Comprehensive","Somali",NA
"281","Comprehensive_B",2031,"-","Non-clinical",48,1440,1440,1440,1440,1440,48,32,5000,FALSE,FALSE,TRUE,TRUE,"TV_Comprehensive","PopValues","SeasonalityCurves","Cadres_Comprehensive","Comprehensive","Somali",NA
"282","Comprehensive_B",2031,"-","Non-productive",48,1899.15,1969.95,2039.532,2116.05,2185.58,48,32,5000,FALSE,FALSE,TRUE,TRUE,"TV_Comprehensive","PopValues","SeasonalityCurves","Cadres_Comprehensive","Comprehensive","Somali",NA
"283","Comprehensive_B",2031,"Acute","Clinical",48,1247.36416666666,1375.225,1463.49416666666,1545.31666666666,1682.67,48,32,5000,FALSE,FALSE,TRUE,TRUE,"TV_Comprehensive","PopValues","SeasonalityCurves","Cadres_Comprehensive","Comprehensive","Somali",NA
"284","Comprehensive_B",2031,"Chronic","Clinical",48,0.4,0.4,0.576,0.6,0.8,48,32,5000,FALSE,FALSE,TRUE,TRUE,"TV_Comprehensive","PopValues","SeasonalityCurves","Cadres_Comprehensive","Comprehensive","Somali",NA
"285","Comprehensive_B",2031,"Preventive","Clinical",48,1406.16833333333,1497.2125,1586.6705,1650.62083333333,1813.0225,48,32,5000,FALSE,FALSE,TRUE,TRUE,"TV_Comprehensive","PopValues","SeasonalityCurves","Cadres_Comprehensive","Comprehensive","Somali",NA
"286","Comprehensive_B",2031,"Public Health","Clinical",48,2.43,3.23333333333333,4.4235,5.4125,7.78583333333333,48,32,5000,FALSE,FALSE,TRUE,TRUE,"TV_Comprehensive","PopValues","SeasonalityCurves","Cadres_Comprehensive","Comprehensive","Somali",NA
"287","Comprehensive_B",2031,"Public Health","Non-clinical",48,146.05,186,211.51,236.25,266.51,48,32,5000,FALSE,FALSE,TRUE,TRUE,"TV_Comprehensive","PopValues","SeasonalityCurves","Cadres_Comprehensive","Comprehensive","Somali",NA
"288","Comprehensive_B",2032,"-","Non-clinical",48,1440,1440,1440,1440,1440,48,32,5000,FALSE,FALSE,TRUE,TRUE,"TV_Comprehensive","PopValues","SeasonalityCurves","Cadres_Comprehensive","Comprehensive","Somali",NA
"289","Comprehensive_B",2032,"-","Non-productive",48,1885.6,1967.15,2029.458,2100.8,2156.14,48,32,5000,FALSE,FALSE,TRUE,TRUE,"TV_Comprehensive","PopValues","SeasonalityCurves","Cadres_Comprehensive","Comprehensive","Somali",NA
"290","Comprehensive_B",2032,"Acute","Clinical",48,1224.91416666666,1356.84166666666,1446.12516666666,1528.43333333333,1682.47833333333,48,32,5000,FALSE,FALSE,TRUE,TRUE,"TV_Comprehensive","PopValues","SeasonalityCurves","Cadres_Comprehensive","Comprehensive","Somali",NA
"291","Comprehensive_B",2032,"Chronic","Clinical",48,0.4,0.4,0.546,0.6,0.8,48,32,5000,FALSE,FALSE,TRUE,TRUE,"TV_Comprehensive","PopValues","SeasonalityCurves","Cadres_Comprehensive","Comprehensive","Somali",NA
"292","Comprehensive_B",2032,"Preventive","Clinical",48,1404.06,1486.87083333333,1574.70816666667,1653.66666666667,1831.83666666666,48,32,5000,FALSE,FALSE,TRUE,TRUE,"TV_Comprehensive","PopValues","SeasonalityCurves","Cadres_Comprehensive","Comprehensive","Somali",NA
"293","Comprehensive_B",2032,"Public Health","Clinical",48,2.5075,3.27916666666667,4.5105,5.72083333333333,8.04083333333333,48,32,5000,FALSE,FALSE,TRUE,TRUE,"TV_Comprehensive","PopValues","SeasonalityCurves","Cadres_Comprehensive","Comprehensive","Somali",NA
"294","Comprehensive_B",2032,"Public Health","Non-clinical",48,148.42,184.9,212.984,235,277.68,48,32,5000,FALSE,FALSE,TRUE,TRUE,"TV_Comprehensive","PopValues","SeasonalityCurves","Cadres_Comprehensive","Comprehensive","Somali",NA
"295","Comprehensive_B",2033,"-","Non-clinical",48,1440,1440,1440,1440,1440,48,32,5000,FALSE,FALSE,TRUE,TRUE,"TV_Comprehensive","PopValues","SeasonalityCurves","Cadres_Comprehensive","Comprehensive","Somali",NA
"296","Comprehensive_B",2033,"-","Non-productive",48,1874.23,1959.85,2023.534,2085.3,2172.44,48,32,5000,FALSE,FALSE,TRUE,TRUE,"TV_Comprehensive","PopValues","SeasonalityCurves","Cadres_Comprehensive","Comprehensive","Somali",NA
"297","Comprehensive_B",2033,"Acute","Clinical",48,1198.17,1325.18333333333,1415.36016666666,1512.29166666666,1665.44583333333,48,32,5000,FALSE,FALSE,TRUE,TRUE,"TV_Comprehensive","PopValues","SeasonalityCurves","Cadres_Comprehensive","Comprehensive","Somali",NA
"298","Comprehensive_B",2033,"Chronic","Clinical",48,0.2,0.4,0.508,0.6,0.8,48,32,5000,FALSE,FALSE,TRUE,TRUE,"TV_Comprehensive","PopValues","SeasonalityCurves","Cadres_Comprehensive","Comprehensive","Somali",NA
"299","Comprehensive_B",2033,"Preventive","Clinical",48,1383.32083333333,1458.1125,1552.621,1624.71666666667,1820.06583333333,48,32,5000,FALSE,FALSE,TRUE,TRUE,"TV_Comprehensive","PopValues","SeasonalityCurves","Cadres_Comprehensive","Comprehensive","Somali",NA
"300","Comprehensive_B",2033,"Public Health","Clinical",48,2.31083333333333,3.13333333333333,4.50933333333333,5.3375,7.9775,48,32,5000,FALSE,FALSE,TRUE,TRUE,"TV_Comprehensive","PopValues","SeasonalityCurves","Cadres_Comprehensive","Comprehensive","Somali",NA
"301","Comprehensive_B",2033,"Public Health","Non-clinical",48,147.63,188.1,213.556,238.2,275.34,48,32,5000,FALSE,FALSE,TRUE,TRUE,"TV_Comprehensive","PopValues","SeasonalityCurves","Cadres_Comprehensive","Comprehensive","Somali",NA
"302","Comprehensive_B",2034,"-","Non-clinical",48,1440,1440,1440,1440,1440,48,32,5000,FALSE,FALSE,TRUE,TRUE,"TV_Comprehensive","PopValues","SeasonalityCurves","Cadres_Comprehensive","Comprehensive","Somali",NA
"303","Comprehensive_B",2034,"-","Non-productive",48,1859.94,1944.65,2015.672,2090.2,2161.27,48,32,5000,FALSE,FALSE,TRUE,TRUE,"TV_Comprehensive","PopValues","SeasonalityCurves","Cadres_Comprehensive","Comprehensive","Somali",NA
"304","Comprehensive_B",2034,"Acute","Clinical",48,1184.75083333333,1292.52916666666,1388.91133333333,1476.975,1623.025,48,32,5000,FALSE,FALSE,TRUE,TRUE,"TV_Comprehensive","PopValues","SeasonalityCurves","Cadres_Comprehensive","Comprehensive","Somali",NA
"305","Comprehensive_B",2034,"Chronic","Clinical",48,0.2,0.4,0.478,0.6,0.8,48,32,5000,FALSE,FALSE,TRUE,TRUE,"TV_Comprehensive","PopValues","SeasonalityCurves","Cadres_Comprehensive","Comprehensive","Somali",NA
"306","Comprehensive_B",2034,"Preventive","Clinical",48,1354.71666666667,1434.83333333334,1530.83966666667,1599.54583333333,1790.37083333333,48,32,5000,FALSE,FALSE,TRUE,TRUE,"TV_Comprehensive","PopValues","SeasonalityCurves","Cadres_Comprehensive","Comprehensive","Somali",NA
"307","Comprehensive_B",2034,"Public Health","Clinical",48,2.31416666666667,3.25,4.52233333333333,5.70833333333333,8.03333333333333,48,32,5000,FALSE,FALSE,TRUE,TRUE,"TV_Comprehensive","PopValues","SeasonalityCurves","Cadres_Comprehensive","Comprehensive","Somali",NA
"308","Comprehensive_B",2034,"Public Health","Non-clinical",48,145.95,187.6,213.65,240,283.32,48,32,5000,FALSE,FALSE,TRUE,TRUE,"TV_Comprehensive","PopValues","SeasonalityCurves","Cadres_Comprehensive","Comprehensive","Somali",NA
"309","Comprehensive_B",2035,"-","Non-clinical",48,1440,1440,1440,1440,1440,48,32,5000,FALSE,FALSE,TRUE,TRUE,"TV_Comprehensive","PopValues","SeasonalityCurves","Cadres_Comprehensive","Comprehensive","Somali",NA
"310","Comprehensive_B",2035,"-","Non-productive",48,1861.45,1946.4,2008.718,2082.75,2159.01,48,32,5000,FALSE,FALSE,TRUE,TRUE,"TV_Comprehensive","PopValues","SeasonalityCurves","Cadres_Comprehensive","Comprehensive","Somali",NA
"311","Comprehensive_B",2035,"Acute","Clinical",48,1151.01333333333,1257.02083333333,1361.39783333333,1439.6875,1607.80083333332,48,32,5000,FALSE,FALSE,TRUE,TRUE,"TV_Comprehensive","PopValues","SeasonalityCurves","Cadres_Comprehensive","Comprehensive","Somali",NA
"312","Comprehensive_B",2035,"Chronic","Clinical",48,0.2,0.4,0.448,0.6,0.8,48,32,5000,FALSE,FALSE,TRUE,TRUE,"TV_Comprehensive","PopValues","SeasonalityCurves","Cadres_Comprehensive","Comprehensive","Somali",NA
"313","Comprehensive_B",2035,"Preventive","Clinical",48,1312.06833333333,1419.2625,1514.24416666667,1584.24583333333,1791.485,48,32,5000,FALSE,FALSE,TRUE,TRUE,"TV_Comprehensive","PopValues","SeasonalityCurves","Cadres_Comprehensive","Comprehensive","Somali",NA
"314","Comprehensive_B",2035,"Public Health","Clinical",48,2.165,2.84583333333333,4.42633333333333,5.52083333333333,7.8225,48,32,5000,FALSE,FALSE,TRUE,TRUE,"TV_Comprehensive","PopValues","SeasonalityCurves","Cadres_Comprehensive","Comprehensive","Somali",NA
"315","Comprehensive_B",2035,"Public Health","Non-clinical",48,153.59,188.55,211.304,236.7,276.36,48,32,5000,FALSE,FALSE,TRUE,TRUE,"TV_Comprehensive","PopValues","SeasonalityCurves","Cadres_Comprehensive","Comprehensive","Somali",NA
