"","Scenario_ID","DeliveryModel.x","Year","WeeksPerYr","Cadre","CI05","CI25","CI50","CI75","CI95","HrsPerWeek","BaselinePop","o_PopGrowth","o_Fertility_decr","o_MHIVTB_decr","o_ChildDis_decr","sheet_TaskValues","sheet_PopValues","sheet_SeasonalityCurves","sheet_Cadre","DeliveryModel.y","Geography_dontedit","Notes"
"1","BasicModel","Basic",2021,48,"EH_hrs",0,0,0,0,0,32,5000,TRUE,TRUE,TRUE,TRUE,"TV_Basic","PopValues","SeasonalityCurves","Cadres_Basic","Basic","Ethiopia",NA
"2","BasicModel","Basic",2021,48,"FH_hrs",0,0,0,0,0,32,5000,TRUE,TRUE,TRUE,TRUE,"TV_Basic","PopValues","SeasonalityCurves","Cadres_Basic","Basic","Ethiopia",NA
"3","BasicModel","Basic",2021,48,"HEW_hrs",5521.60083333334,5632.65000000001,5715.72166666667,5780.62500000001,5955.37333333334,32,5000,TRUE,TRUE,TRUE,TRUE,"TV_Basic","PopValues","SeasonalityCurves","Cadres_Basic","Basic","Ethiopia",NA
"4","BasicModel","Basic",2021,48,"HO_hrs",0,0,0,0,0,32,5000,TRUE,TRUE,TRUE,TRUE,"TV_Basic","PopValues","SeasonalityCurves","Cadres_Basic","Basic","Ethiopia",NA
"5","BasicModel","Basic",2021,48,"MW_hrs",0,0,0,0,0,32,5000,TRUE,TRUE,TRUE,TRUE,"TV_Basic","PopValues","SeasonalityCurves","Cadres_Basic","Basic","Ethiopia",NA
"6","BasicModel","Basic",2021,48,"RN_hrs",0,0,0,0,0,32,5000,TRUE,TRUE,TRUE,TRUE,"TV_Basic","PopValues","SeasonalityCurves","Cadres_Basic","Basic","Ethiopia",NA
"7","BasicModel","Basic",2021,48,"UN_hrs",0,0,0,0,0,32,5000,TRUE,TRUE,TRUE,TRUE,"TV_Basic","PopValues","SeasonalityCurves","Cadres_Basic","Basic","Ethiopia",NA
"8","BasicModel","Basic",2022,48,"EH_hrs",0,0,0,0,0,32,5000,TRUE,TRUE,TRUE,TRUE,"TV_Basic","PopValues","SeasonalityCurves","Cadres_Basic","Basic","Ethiopia",NA
"9","BasicModel","Basic",2022,48,"FH_hrs",0,0,0,0,0,32,5000,TRUE,TRUE,TRUE,TRUE,"TV_Basic","PopValues","SeasonalityCurves","Cadres_Basic","Basic","Ethiopia",NA
"10","BasicModel","Basic",2022,48,"HEW_hrs",5583.46083333334,5740.81666666667,5816.718,5896.425,6038.25833333334,32,5000,TRUE,TRUE,TRUE,TRUE,"TV_Basic","PopValues","SeasonalityCurves","Cadres_Basic","Basic","Ethiopia",NA
"11","BasicModel","Basic",2022,48,"HO_hrs",0,0,0,0,0,32,5000,TRUE,TRUE,TRUE,TRUE,"TV_Basic","PopValues","SeasonalityCurves","Cadres_Basic","Basic","Ethiopia",NA
"12","BasicModel","Basic",2022,48,"MW_hrs",0,0,0,0,0,32,5000,TRUE,TRUE,TRUE,TRUE,"TV_Basic","PopValues","SeasonalityCurves","Cadres_Basic","Basic","Ethiopia",NA
"13","BasicModel","Basic",2022,48,"RN_hrs",0,0,0,0,0,32,5000,TRUE,TRUE,TRUE,TRUE,"TV_Basic","PopValues","SeasonalityCurves","Cadres_Basic","Basic","Ethiopia",NA
"14","BasicModel","Basic",2022,48,"UN_hrs",0,0,0,0,0,32,5000,TRUE,TRUE,TRUE,TRUE,"TV_Basic","PopValues","SeasonalityCurves","Cadres_Basic","Basic","Ethiopia",NA
"15","BasicModel","Basic",2023,48,"EH_hrs",0,0,0,0,0,32,5000,TRUE,TRUE,TRUE,TRUE,"TV_Basic","PopValues","SeasonalityCurves","Cadres_Basic","Basic","Ethiopia",NA
"16","BasicModel","Basic",2023,48,"FH_hrs",0,0,0,0,0,32,5000,TRUE,TRUE,TRUE,TRUE,"TV_Basic","PopValues","SeasonalityCurves","Cadres_Basic","Basic","Ethiopia",NA
"17","BasicModel","Basic",2023,48,"HEW_hrs",5658.82833333333,5805.58333333333,5911.71333333334,6020.57083333334,6172.52250000001,32,5000,TRUE,TRUE,TRUE,TRUE,"TV_Basic","PopValues","SeasonalityCurves","Cadres_Basic","Basic","Ethiopia",NA
"18","BasicModel","Basic",2023,48,"HO_hrs",0,0,0,0,0,32,5000,TRUE,TRUE,TRUE,TRUE,"TV_Basic","PopValues","SeasonalityCurves","Cadres_Basic","Basic","Ethiopia",NA
"19","BasicModel","Basic",2023,48,"MW_hrs",0,0,0,0,0,32,5000,TRUE,TRUE,TRUE,TRUE,"TV_Basic","PopValues","SeasonalityCurves","Cadres_Basic","Basic","Ethiopia",NA
"20","BasicModel","Basic",2023,48,"RN_hrs",0,0,0,0,0,32,5000,TRUE,TRUE,TRUE,TRUE,"TV_Basic","PopValues","SeasonalityCurves","Cadres_Basic","Basic","Ethiopia",NA
"21","BasicModel","Basic",2023,48,"UN_hrs",0,0,0,0,0,32,5000,TRUE,TRUE,TRUE,TRUE,"TV_Basic","PopValues","SeasonalityCurves","Cadres_Basic","Basic","Ethiopia",NA
"22","BasicModel","Basic",2024,48,"EH_hrs",0,0,0,0,0,32,5000,TRUE,TRUE,TRUE,TRUE,"TV_Basic","PopValues","SeasonalityCurves","Cadres_Basic","Basic","Ethiopia",NA
"23","BasicModel","Basic",2024,48,"FH_hrs",0,0,0,0,0,32,5000,TRUE,TRUE,TRUE,TRUE,"TV_Basic","PopValues","SeasonalityCurves","Cadres_Basic","Basic","Ethiopia",NA
"24","BasicModel","Basic",2024,48,"HEW_hrs",5753.16916666667,5876.12916666666,5995.19300000001,6139.54166666668,6270.66583333333,32,5000,TRUE,TRUE,TRUE,TRUE,"TV_Basic","PopValues","SeasonalityCurves","Cadres_Basic","Basic","Ethiopia",NA
"25","BasicModel","Basic",2024,48,"HO_hrs",0,0,0,0,0,32,5000,TRUE,TRUE,TRUE,TRUE,"TV_Basic","PopValues","SeasonalityCurves","Cadres_Basic","Basic","Ethiopia",NA
"26","BasicModel","Basic",2024,48,"MW_hrs",0,0,0,0,0,32,5000,TRUE,TRUE,TRUE,TRUE,"TV_Basic","PopValues","SeasonalityCurves","Cadres_Basic","Basic","Ethiopia",NA
"27","BasicModel","Basic",2024,48,"RN_hrs",0,0,0,0,0,32,5000,TRUE,TRUE,TRUE,TRUE,"TV_Basic","PopValues","SeasonalityCurves","Cadres_Basic","Basic","Ethiopia",NA
"28","BasicModel","Basic",2024,48,"UN_hrs",0,0,0,0,0,32,5000,TRUE,TRUE,TRUE,TRUE,"TV_Basic","PopValues","SeasonalityCurves","Cadres_Basic","Basic","Ethiopia",NA
"29","BasicModel","Basic",2025,48,"EH_hrs",0,0,0,0,0,32,5000,TRUE,TRUE,TRUE,TRUE,"TV_Basic","PopValues","SeasonalityCurves","Cadres_Basic","Basic","Ethiopia",NA
"30","BasicModel","Basic",2025,48,"FH_hrs",0,0,0,0,0,32,5000,TRUE,TRUE,TRUE,TRUE,"TV_Basic","PopValues","SeasonalityCurves","Cadres_Basic","Basic","Ethiopia",NA
"31","BasicModel","Basic",2025,48,"HEW_hrs",4109.29166666667,4187.19166666667,4288.094,4385.88333333334,4502.18083333333,32,5000,TRUE,TRUE,TRUE,TRUE,"TV_Basic","PopValues","SeasonalityCurves","Cadres_Basic","Basic","Ethiopia",NA
"32","BasicModel","Basic",2025,48,"HO_hrs",0,0,0,0,0,32,5000,TRUE,TRUE,TRUE,TRUE,"TV_Basic","PopValues","SeasonalityCurves","Cadres_Basic","Basic","Ethiopia",NA
"33","BasicModel","Basic",2025,48,"MW_hrs",0,0,0,0,0,32,5000,TRUE,TRUE,TRUE,TRUE,"TV_Basic","PopValues","SeasonalityCurves","Cadres_Basic","Basic","Ethiopia",NA
"34","BasicModel","Basic",2025,48,"RN_hrs",1795.8225,1907.57083333333,1983.55166666667,2073.60416666667,2203.00666666667,32,5000,TRUE,TRUE,TRUE,TRUE,"TV_Basic","PopValues","SeasonalityCurves","Cadres_Basic","Basic","Ethiopia",NA
"35","BasicModel","Basic",2025,48,"UN_hrs",0,0,0,0,0,32,5000,TRUE,TRUE,TRUE,TRUE,"TV_Basic","PopValues","SeasonalityCurves","Cadres_Basic","Basic","Ethiopia",NA
"36","BasicModel","Basic",2026,48,"EH_hrs",0,0,0,0,0,32,5000,TRUE,TRUE,TRUE,TRUE,"TV_Basic","PopValues","SeasonalityCurves","Cadres_Basic","Basic","Ethiopia",NA
"37","BasicModel","Basic",2026,48,"FH_hrs",0,0,0,0,0,32,5000,TRUE,TRUE,TRUE,TRUE,"TV_Basic","PopValues","SeasonalityCurves","Cadres_Basic","Basic","Ethiopia",NA
"38","BasicModel","Basic",2026,48,"HEW_hrs",4111.91416666667,4212.925,4313.74166666667,4430.41250000001,4530.05916666667,32,5000,TRUE,TRUE,TRUE,TRUE,"TV_Basic","PopValues","SeasonalityCurves","Cadres_Basic","Basic","Ethiopia",NA
"39","BasicModel","Basic",2026,48,"HO_hrs",0,0,0,0,0,32,5000,TRUE,TRUE,TRUE,TRUE,"TV_Basic","PopValues","SeasonalityCurves","Cadres_Basic","Basic","Ethiopia",NA
"40","BasicModel","Basic",2026,48,"MW_hrs",0,0,0,0,0,32,5000,TRUE,TRUE,TRUE,TRUE,"TV_Basic","PopValues","SeasonalityCurves","Cadres_Basic","Basic","Ethiopia",NA
"41","BasicModel","Basic",2026,48,"RN_hrs",1797.2475,1916.62083333333,1994.44033333333,2064.4125,2248.05583333333,32,5000,TRUE,TRUE,TRUE,TRUE,"TV_Basic","PopValues","SeasonalityCurves","Cadres_Basic","Basic","Ethiopia",NA
"42","BasicModel","Basic",2026,48,"UN_hrs",0,0,0,0,0,32,5000,TRUE,TRUE,TRUE,TRUE,"TV_Basic","PopValues","SeasonalityCurves","Cadres_Basic","Basic","Ethiopia",NA
"43","BasicModel","Basic",2027,48,"EH_hrs",0,0,0,0,0,32,5000,TRUE,TRUE,TRUE,TRUE,"TV_Basic","PopValues","SeasonalityCurves","Cadres_Basic","Basic","Ethiopia",NA
"44","BasicModel","Basic",2027,48,"FH_hrs",0,0,0,0,0,32,5000,TRUE,TRUE,TRUE,TRUE,"TV_Basic","PopValues","SeasonalityCurves","Cadres_Basic","Basic","Ethiopia",NA
"45","BasicModel","Basic",2027,48,"HEW_hrs",4133.5725,4211.45833333333,4348.82966666667,4451.29166666667,4601.2975,32,5000,TRUE,TRUE,TRUE,TRUE,"TV_Basic","PopValues","SeasonalityCurves","Cadres_Basic","Basic","Ethiopia",NA
"46","BasicModel","Basic",2027,48,"HO_hrs",0,0,0,0,0,32,5000,TRUE,TRUE,TRUE,TRUE,"TV_Basic","PopValues","SeasonalityCurves","Cadres_Basic","Basic","Ethiopia",NA
"47","BasicModel","Basic",2027,48,"MW_hrs",0,0,0,0,0,32,5000,TRUE,TRUE,TRUE,TRUE,"TV_Basic","PopValues","SeasonalityCurves","Cadres_Basic","Basic","Ethiopia",NA
"48","BasicModel","Basic",2027,48,"RN_hrs",1778.70833333333,1930.37083333333,2013.19533333333,2110.82083333333,2253.03583333333,32,5000,TRUE,TRUE,TRUE,TRUE,"TV_Basic","PopValues","SeasonalityCurves","Cadres_Basic","Basic","Ethiopia",NA
"49","BasicModel","Basic",2027,48,"UN_hrs",0,0,0,0,0,32,5000,TRUE,TRUE,TRUE,TRUE,"TV_Basic","PopValues","SeasonalityCurves","Cadres_Basic","Basic","Ethiopia",NA
"50","BasicModel","Basic",2028,48,"EH_hrs",0,0,0,0,0,32,5000,TRUE,TRUE,TRUE,TRUE,"TV_Basic","PopValues","SeasonalityCurves","Cadres_Basic","Basic","Ethiopia",NA
"51","BasicModel","Basic",2028,48,"FH_hrs",0,0,0,0,0,32,5000,TRUE,TRUE,TRUE,TRUE,"TV_Basic","PopValues","SeasonalityCurves","Cadres_Basic","Basic","Ethiopia",NA
"52","BasicModel","Basic",2028,48,"HEW_hrs",4112.98666666667,4284.63333333334,4392.297,4505.3625,4691.97666666667,32,5000,TRUE,TRUE,TRUE,TRUE,"TV_Basic","PopValues","SeasonalityCurves","Cadres_Basic","Basic","Ethiopia",NA
"53","BasicModel","Basic",2028,48,"HO_hrs",0,0,0,0,0,32,5000,TRUE,TRUE,TRUE,TRUE,"TV_Basic","PopValues","SeasonalityCurves","Cadres_Basic","Basic","Ethiopia",NA
"54","BasicModel","Basic",2028,48,"MW_hrs",0,0,0,0,0,32,5000,TRUE,TRUE,TRUE,TRUE,"TV_Basic","PopValues","SeasonalityCurves","Cadres_Basic","Basic","Ethiopia",NA
"55","BasicModel","Basic",2028,48,"RN_hrs",1795.54916666667,1956.28333333333,2044.43533333333,2139.32916666666,2302.2875,32,5000,TRUE,TRUE,TRUE,TRUE,"TV_Basic","PopValues","SeasonalityCurves","Cadres_Basic","Basic","Ethiopia",NA
"56","BasicModel","Basic",2028,48,"UN_hrs",0,0,0,0,0,32,5000,TRUE,TRUE,TRUE,TRUE,"TV_Basic","PopValues","SeasonalityCurves","Cadres_Basic","Basic","Ethiopia",NA
"57","BasicModel","Basic",2029,48,"EH_hrs",0,0,0,0,0,32,5000,TRUE,TRUE,TRUE,TRUE,"TV_Basic","PopValues","SeasonalityCurves","Cadres_Basic","Basic","Ethiopia",NA
"58","BasicModel","Basic",2029,48,"FH_hrs",0,0,0,0,0,32,5000,TRUE,TRUE,TRUE,TRUE,"TV_Basic","PopValues","SeasonalityCurves","Cadres_Basic","Basic","Ethiopia",NA
"59","BasicModel","Basic",2029,48,"HEW_hrs",4132.12166666667,4300.25000000001,4421.30066666667,4518.08333333334,4764.91333333334,32,5000,TRUE,TRUE,TRUE,TRUE,"TV_Basic","PopValues","SeasonalityCurves","Cadres_Basic","Basic","Ethiopia",NA
"60","BasicModel","Basic",2029,48,"HO_hrs",0,0,0,0,0,32,5000,TRUE,TRUE,TRUE,TRUE,"TV_Basic","PopValues","SeasonalityCurves","Cadres_Basic","Basic","Ethiopia",NA
"61","BasicModel","Basic",2029,48,"MW_hrs",0,0,0,0,0,32,5000,TRUE,TRUE,TRUE,TRUE,"TV_Basic","PopValues","SeasonalityCurves","Cadres_Basic","Basic","Ethiopia",NA
"62","BasicModel","Basic",2029,48,"RN_hrs",1805.21916666667,1963.05416666667,2076.56366666667,2160.95416666667,2381.44,32,5000,TRUE,TRUE,TRUE,TRUE,"TV_Basic","PopValues","SeasonalityCurves","Cadres_Basic","Basic","Ethiopia",NA
"63","BasicModel","Basic",2029,48,"UN_hrs",0,0,0,0,0,32,5000,TRUE,TRUE,TRUE,TRUE,"TV_Basic","PopValues","SeasonalityCurves","Cadres_Basic","Basic","Ethiopia",NA
"64","BasicModel","Basic",2030,48,"EH_hrs",1510.0475,1591.0125,1651.688,1714.325,1794.6775,32,5000,TRUE,TRUE,TRUE,TRUE,"TV_Basic","PopValues","SeasonalityCurves","Cadres_Basic","Basic","Ethiopia",NA
"65","BasicModel","Basic",2030,48,"FH_hrs",1527.6075,1617.4375,1683.23233333333,1745.04791666667,1851.36625,32,5000,TRUE,TRUE,TRUE,TRUE,"TV_Basic","PopValues","SeasonalityCurves","Cadres_Basic","Basic","Ethiopia",NA
"66","BasicModel","Basic",2030,48,"HEW_hrs",1438.74458333333,1519.39583333333,1574.85433333333,1632.47291666667,1739.88541666667,32,5000,TRUE,TRUE,TRUE,TRUE,"TV_Basic","PopValues","SeasonalityCurves","Cadres_Basic","Basic","Ethiopia",NA
"67","BasicModel","Basic",2030,48,"HO_hrs",0,0,0,0,0,32,5000,TRUE,TRUE,TRUE,TRUE,"TV_Basic","PopValues","SeasonalityCurves","Cadres_Basic","Basic","Ethiopia",NA
"68","BasicModel","Basic",2030,48,"MW_hrs",0,0,0,0,0,32,5000,TRUE,TRUE,TRUE,TRUE,"TV_Basic","PopValues","SeasonalityCurves","Cadres_Basic","Basic","Ethiopia",NA
"69","BasicModel","Basic",2030,48,"RN_hrs",1634.35833333333,1764.19583333334,1859.44666666667,1939.67083333333,2062.20666666667,32,5000,TRUE,TRUE,TRUE,TRUE,"TV_Basic","PopValues","SeasonalityCurves","Cadres_Basic","Basic","Ethiopia",NA
"70","BasicModel","Basic",2030,48,"UN_hrs",0,0,0,0,0,32,5000,TRUE,TRUE,TRUE,TRUE,"TV_Basic","PopValues","SeasonalityCurves","Cadres_Basic","Basic","Ethiopia",NA
"71","BasicModel","Basic",2031,48,"EH_hrs",1527.24,1600.3,1666.962,1743.725,1809.905,32,5000,TRUE,TRUE,TRUE,TRUE,"TV_Basic","PopValues","SeasonalityCurves","Cadres_Basic","Basic","Ethiopia",NA
"72","BasicModel","Basic",2031,48,"FH_hrs",1536.9025,1628.32708333333,1699.945,1779.09166666667,1874.66708333333,32,5000,TRUE,TRUE,TRUE,TRUE,"TV_Basic","PopValues","SeasonalityCurves","Cadres_Basic","Basic","Ethiopia",NA
"73","BasicModel","Basic",2031,48,"HEW_hrs",1436.07291666667,1519.8,1589.817,1665.29166666667,1760.24708333333,32,5000,TRUE,TRUE,TRUE,TRUE,"TV_Basic","PopValues","SeasonalityCurves","Cadres_Basic","Basic","Ethiopia",NA
"74","BasicModel","Basic",2031,48,"HO_hrs",0,0,0,0,0,32,5000,TRUE,TRUE,TRUE,TRUE,"TV_Basic","PopValues","SeasonalityCurves","Cadres_Basic","Basic","Ethiopia",NA
"75","BasicModel","Basic",2031,48,"MW_hrs",0,0,0,0,0,32,5000,TRUE,TRUE,TRUE,TRUE,"TV_Basic","PopValues","SeasonalityCurves","Cadres_Basic","Basic","Ethiopia",NA
"76","BasicModel","Basic",2031,48,"RN_hrs",1633.6275,1759.55833333333,1871.16833333333,1945.06666666667,2110.42416666666,32,5000,TRUE,TRUE,TRUE,TRUE,"TV_Basic","PopValues","SeasonalityCurves","Cadres_Basic","Basic","Ethiopia",NA
"77","BasicModel","Basic",2031,48,"UN_hrs",0,0,0,0,0,32,5000,TRUE,TRUE,TRUE,TRUE,"TV_Basic","PopValues","SeasonalityCurves","Cadres_Basic","Basic","Ethiopia",NA
"78","BasicModel","Basic",2032,48,"EH_hrs",1527.115,1603.75,1674.916,1749.525,1832.175,32,5000,TRUE,TRUE,TRUE,TRUE,"TV_Basic","PopValues","SeasonalityCurves","Cadres_Basic","Basic","Ethiopia",NA
"79","BasicModel","Basic",2032,48,"FH_hrs",1554.3875,1629.60208333333,1715.66066666667,1787.60208333333,1915.52708333333,32,5000,TRUE,TRUE,TRUE,TRUE,"TV_Basic","PopValues","SeasonalityCurves","Cadres_Basic","Basic","Ethiopia",NA
"80","BasicModel","Basic",2032,48,"HEW_hrs",1433.48541666667,1523.4125,1602.21066666667,1688.84166666667,1787.25458333333,32,5000,TRUE,TRUE,TRUE,TRUE,"TV_Basic","PopValues","SeasonalityCurves","Cadres_Basic","Basic","Ethiopia",NA
"81","BasicModel","Basic",2032,48,"HO_hrs",0,0,0,0,0,32,5000,TRUE,TRUE,TRUE,TRUE,"TV_Basic","PopValues","SeasonalityCurves","Cadres_Basic","Basic","Ethiopia",NA
"82","BasicModel","Basic",2032,48,"MW_hrs",0,0,0,0,0,32,5000,TRUE,TRUE,TRUE,TRUE,"TV_Basic","PopValues","SeasonalityCurves","Cadres_Basic","Basic","Ethiopia",NA
"83","BasicModel","Basic",2032,48,"RN_hrs",1665.61833333333,1769.8125,1888.60066666667,1964.97916666667,2142.66666666666,32,5000,TRUE,TRUE,TRUE,TRUE,"TV_Basic","PopValues","SeasonalityCurves","Cadres_Basic","Basic","Ethiopia",NA
"84","BasicModel","Basic",2032,48,"UN_hrs",0,0,0,0,0,32,5000,TRUE,TRUE,TRUE,TRUE,"TV_Basic","PopValues","SeasonalityCurves","Cadres_Basic","Basic","Ethiopia",NA
"85","BasicModel","Basic",2033,48,"EH_hrs",1542.1,1612.4125,1688.996,1764.7,1859.485,32,5000,TRUE,TRUE,TRUE,TRUE,"TV_Basic","PopValues","SeasonalityCurves","Cadres_Basic","Basic","Ethiopia",NA
"86","BasicModel","Basic",2033,48,"FH_hrs",1562.25416666667,1641.94375,1735.45783333333,1821.54166666667,1948.41666666667,32,5000,TRUE,TRUE,TRUE,TRUE,"TV_Basic","PopValues","SeasonalityCurves","Cadres_Basic","Basic","Ethiopia",NA
"87","BasicModel","Basic",2033,48,"HEW_hrs",1429.35916666667,1535.89791666667,1618.77183333333,1711.56458333333,1822.54208333333,32,5000,TRUE,TRUE,TRUE,TRUE,"TV_Basic","PopValues","SeasonalityCurves","Cadres_Basic","Basic","Ethiopia",NA
"88","BasicModel","Basic",2033,48,"HO_hrs",0,0,0,0,0,32,5000,TRUE,TRUE,TRUE,TRUE,"TV_Basic","PopValues","SeasonalityCurves","Cadres_Basic","Basic","Ethiopia",NA
"89","BasicModel","Basic",2033,48,"MW_hrs",0,0,0,0,0,32,5000,TRUE,TRUE,TRUE,TRUE,"TV_Basic","PopValues","SeasonalityCurves","Cadres_Basic","Basic","Ethiopia",NA
"90","BasicModel","Basic",2033,48,"RN_hrs",1686.66166666667,1795.01666666667,1909.21866666667,1978.71666666667,2188.52666666667,32,5000,TRUE,TRUE,TRUE,TRUE,"TV_Basic","PopValues","SeasonalityCurves","Cadres_Basic","Basic","Ethiopia",NA
"91","BasicModel","Basic",2033,48,"UN_hrs",0,0,0,0,0,32,5000,TRUE,TRUE,TRUE,TRUE,"TV_Basic","PopValues","SeasonalityCurves","Cadres_Basic","Basic","Ethiopia",NA
"92","BasicModel","Basic",2034,48,"EH_hrs",1524.3525,1608.5125,1697.639,1771.8,1881.71,32,5000,TRUE,TRUE,TRUE,TRUE,"TV_Basic","PopValues","SeasonalityCurves","Cadres_Basic","Basic","Ethiopia",NA
"93","BasicModel","Basic",2034,48,"FH_hrs",1563.93833333333,1667.85833333333,1753.95733333333,1836.31458333333,1994.92083333333,32,5000,TRUE,TRUE,TRUE,TRUE,"TV_Basic","PopValues","SeasonalityCurves","Cadres_Basic","Basic","Ethiopia",NA
"94","BasicModel","Basic",2034,48,"HEW_hrs",1435.05666666667,1549.97083333333,1634.08133333333,1724.01875,1837.70958333333,32,5000,TRUE,TRUE,TRUE,TRUE,"TV_Basic","PopValues","SeasonalityCurves","Cadres_Basic","Basic","Ethiopia",NA
"95","BasicModel","Basic",2034,48,"HO_hrs",0,0,0,0,0,32,5000,TRUE,TRUE,TRUE,TRUE,"TV_Basic","PopValues","SeasonalityCurves","Cadres_Basic","Basic","Ethiopia",NA
"96","BasicModel","Basic",2034,48,"MW_hrs",0,0,0,0,0,32,5000,TRUE,TRUE,TRUE,TRUE,"TV_Basic","PopValues","SeasonalityCurves","Cadres_Basic","Basic","Ethiopia",NA
"97","BasicModel","Basic",2034,48,"RN_hrs",1698.37166666667,1812.72916666667,1930.133,2032.32083333333,2229.15,32,5000,TRUE,TRUE,TRUE,TRUE,"TV_Basic","PopValues","SeasonalityCurves","Cadres_Basic","Basic","Ethiopia",NA
"98","BasicModel","Basic",2034,48,"UN_hrs",0,0,0,0,0,32,5000,TRUE,TRUE,TRUE,TRUE,"TV_Basic","PopValues","SeasonalityCurves","Cadres_Basic","Basic","Ethiopia",NA
"99","BasicModel","Basic",2035,48,"EH_hrs",1501.655,1610.7625,1702.106,1780.3375,1899.0075,32,5000,TRUE,TRUE,TRUE,TRUE,"TV_Basic","PopValues","SeasonalityCurves","Cadres_Basic","Basic","Ethiopia",NA
"100","BasicModel","Basic",2035,48,"FH_hrs",3009.44416666667,3236.5,3416.27466666667,3578.30833333334,3846.76166666667,32,5000,TRUE,TRUE,TRUE,TRUE,"TV_Basic","PopValues","SeasonalityCurves","Cadres_Basic","Basic","Ethiopia",NA
"101","BasicModel","Basic",2035,48,"HEW_hrs",0,0,0,0,0,32,5000,TRUE,TRUE,TRUE,TRUE,"TV_Basic","PopValues","SeasonalityCurves","Cadres_Basic","Basic","Ethiopia",NA
"102","BasicModel","Basic",2035,48,"HO_hrs",0,0,0,0,0,32,5000,TRUE,TRUE,TRUE,TRUE,"TV_Basic","PopValues","SeasonalityCurves","Cadres_Basic","Basic","Ethiopia",NA
"103","BasicModel","Basic",2035,48,"MW_hrs",0,0,0,0,0,32,5000,TRUE,TRUE,TRUE,TRUE,"TV_Basic","PopValues","SeasonalityCurves","Cadres_Basic","Basic","Ethiopia",NA
"104","BasicModel","Basic",2035,48,"RN_hrs",1679.685,1819.28333333333,1949.66266666667,2069.1625,2269.50916666666,32,5000,TRUE,TRUE,TRUE,TRUE,"TV_Basic","PopValues","SeasonalityCurves","Cadres_Basic","Basic","Ethiopia",NA
"105","BasicModel","Basic",2035,48,"UN_hrs",0,0,0,0,0,32,5000,TRUE,TRUE,TRUE,TRUE,"TV_Basic","PopValues","SeasonalityCurves","Cadres_Basic","Basic","Ethiopia",NA
"106","ComprehensiveModel","Comprehensive",2021,48,"EH_hrs",0,0,0,0,0,32,5000,TRUE,TRUE,TRUE,TRUE,"TV_Comprehensive","PopValues","SeasonalityCurves","Cadres_Comprehensive","Comprehensive","Ethiopia",NA
"107","ComprehensiveModel","Comprehensive",2021,48,"FH_hrs",0,0,0,0,0,32,5000,TRUE,TRUE,TRUE,TRUE,"TV_Comprehensive","PopValues","SeasonalityCurves","Cadres_Comprehensive","Comprehensive","Ethiopia",NA
"108","ComprehensiveModel","Comprehensive",2021,48,"HEW_hrs",6270.12083333335,6389.37083333333,6474.03833333334,6538.32916666667,6710.16500000001,32,5000,TRUE,TRUE,TRUE,TRUE,"TV_Comprehensive","PopValues","SeasonalityCurves","Cadres_Comprehensive","Comprehensive","Ethiopia",NA
"109","ComprehensiveModel","Comprehensive",2021,48,"HO_hrs",0,0,0,0,0,32,5000,TRUE,TRUE,TRUE,TRUE,"TV_Comprehensive","PopValues","SeasonalityCurves","Cadres_Comprehensive","Comprehensive","Ethiopia",NA
"110","ComprehensiveModel","Comprehensive",2021,48,"MW_hrs",0,0,0,0,0,32,5000,TRUE,TRUE,TRUE,TRUE,"TV_Comprehensive","PopValues","SeasonalityCurves","Cadres_Comprehensive","Comprehensive","Ethiopia",NA
"111","ComprehensiveModel","Comprehensive",2021,48,"RN_hrs",0,0,0,0,0,32,5000,TRUE,TRUE,TRUE,TRUE,"TV_Comprehensive","PopValues","SeasonalityCurves","Cadres_Comprehensive","Comprehensive","Ethiopia",NA
"112","ComprehensiveModel","Comprehensive",2021,48,"UN_hrs",0,0,0,0,0,32,5000,TRUE,TRUE,TRUE,TRUE,"TV_Comprehensive","PopValues","SeasonalityCurves","Cadres_Comprehensive","Comprehensive","Ethiopia",NA
"113","ComprehensiveModel","Comprehensive",2022,48,"EH_hrs",0,0,0,0,0,32,5000,TRUE,TRUE,TRUE,TRUE,"TV_Comprehensive","PopValues","SeasonalityCurves","Cadres_Comprehensive","Comprehensive","Ethiopia",NA
"114","ComprehensiveModel","Comprehensive",2022,48,"FH_hrs",0,0,0,0,0,32,5000,TRUE,TRUE,TRUE,TRUE,"TV_Comprehensive","PopValues","SeasonalityCurves","Cadres_Comprehensive","Comprehensive","Ethiopia",NA
"115","ComprehensiveModel","Comprehensive",2022,48,"HEW_hrs",6345.35250000002,6464.35416666669,6564.66633333334,6678.37083333334,6857.99833333332,32,5000,TRUE,TRUE,TRUE,TRUE,"TV_Comprehensive","PopValues","SeasonalityCurves","Cadres_Comprehensive","Comprehensive","Ethiopia",NA
"116","ComprehensiveModel","Comprehensive",2022,48,"HO_hrs",0,0,0,0,0,32,5000,TRUE,TRUE,TRUE,TRUE,"TV_Comprehensive","PopValues","SeasonalityCurves","Cadres_Comprehensive","Comprehensive","Ethiopia",NA
"117","ComprehensiveModel","Comprehensive",2022,48,"MW_hrs",0,0,0,0,0,32,5000,TRUE,TRUE,TRUE,TRUE,"TV_Comprehensive","PopValues","SeasonalityCurves","Cadres_Comprehensive","Comprehensive","Ethiopia",NA
"118","ComprehensiveModel","Comprehensive",2022,48,"RN_hrs",0,0,0,0,0,32,5000,TRUE,TRUE,TRUE,TRUE,"TV_Comprehensive","PopValues","SeasonalityCurves","Cadres_Comprehensive","Comprehensive","Ethiopia",NA
"119","ComprehensiveModel","Comprehensive",2022,48,"UN_hrs",0,0,0,0,0,32,5000,TRUE,TRUE,TRUE,TRUE,"TV_Comprehensive","PopValues","SeasonalityCurves","Cadres_Comprehensive","Comprehensive","Ethiopia",NA
"120","ComprehensiveModel","Comprehensive",2023,48,"EH_hrs",0,0,0,0,0,32,5000,TRUE,TRUE,TRUE,TRUE,"TV_Comprehensive","PopValues","SeasonalityCurves","Cadres_Comprehensive","Comprehensive","Ethiopia",NA
"121","ComprehensiveModel","Comprehensive",2023,48,"FH_hrs",0,0,0,0,0,32,5000,TRUE,TRUE,TRUE,TRUE,"TV_Comprehensive","PopValues","SeasonalityCurves","Cadres_Comprehensive","Comprehensive","Ethiopia",NA
"122","ComprehensiveModel","Comprehensive",2023,48,"HEW_hrs",6347.94500000001,6522.53333333333,6653.92333333334,6786.50416666668,6891.02500000002,32,5000,TRUE,TRUE,TRUE,TRUE,"TV_Comprehensive","PopValues","SeasonalityCurves","Cadres_Comprehensive","Comprehensive","Ethiopia",NA
"123","ComprehensiveModel","Comprehensive",2023,48,"HO_hrs",0,0,0,0,0,32,5000,TRUE,TRUE,TRUE,TRUE,"TV_Comprehensive","PopValues","SeasonalityCurves","Cadres_Comprehensive","Comprehensive","Ethiopia",NA
"124","ComprehensiveModel","Comprehensive",2023,48,"MW_hrs",0,0,0,0,0,32,5000,TRUE,TRUE,TRUE,TRUE,"TV_Comprehensive","PopValues","SeasonalityCurves","Cadres_Comprehensive","Comprehensive","Ethiopia",NA
"125","ComprehensiveModel","Comprehensive",2023,48,"RN_hrs",0,0,0,0,0,32,5000,TRUE,TRUE,TRUE,TRUE,"TV_Comprehensive","PopValues","SeasonalityCurves","Cadres_Comprehensive","Comprehensive","Ethiopia",NA
"126","ComprehensiveModel","Comprehensive",2023,48,"UN_hrs",0,0,0,0,0,32,5000,TRUE,TRUE,TRUE,TRUE,"TV_Comprehensive","PopValues","SeasonalityCurves","Cadres_Comprehensive","Comprehensive","Ethiopia",NA
"127","ComprehensiveModel","Comprehensive",2024,48,"EH_hrs",0,0,0,0,0,32,5000,TRUE,TRUE,TRUE,TRUE,"TV_Comprehensive","PopValues","SeasonalityCurves","Cadres_Comprehensive","Comprehensive","Ethiopia",NA
"128","ComprehensiveModel","Comprehensive",2024,48,"FH_hrs",0,0,0,0,0,32,5000,TRUE,TRUE,TRUE,TRUE,"TV_Comprehensive","PopValues","SeasonalityCurves","Cadres_Comprehensive","Comprehensive","Ethiopia",NA
"129","ComprehensiveModel","Comprehensive",2024,48,"HEW_hrs",6450.72916666667,6581.64166666668,6737.89333333334,6879.97500000001,7021.63833333335,32,5000,TRUE,TRUE,TRUE,TRUE,"TV_Comprehensive","PopValues","SeasonalityCurves","Cadres_Comprehensive","Comprehensive","Ethiopia",NA
"130","ComprehensiveModel","Comprehensive",2024,48,"HO_hrs",0,0,0,0,0,32,5000,TRUE,TRUE,TRUE,TRUE,"TV_Comprehensive","PopValues","SeasonalityCurves","Cadres_Comprehensive","Comprehensive","Ethiopia",NA
"131","ComprehensiveModel","Comprehensive",2024,48,"MW_hrs",0,0,0,0,0,32,5000,TRUE,TRUE,TRUE,TRUE,"TV_Comprehensive","PopValues","SeasonalityCurves","Cadres_Comprehensive","Comprehensive","Ethiopia",NA
"132","ComprehensiveModel","Comprehensive",2024,48,"RN_hrs",0,0,0,0,0,32,5000,TRUE,TRUE,TRUE,TRUE,"TV_Comprehensive","PopValues","SeasonalityCurves","Cadres_Comprehensive","Comprehensive","Ethiopia",NA
"133","ComprehensiveModel","Comprehensive",2024,48,"UN_hrs",0,0,0,0,0,32,5000,TRUE,TRUE,TRUE,TRUE,"TV_Comprehensive","PopValues","SeasonalityCurves","Cadres_Comprehensive","Comprehensive","Ethiopia",NA
"134","ComprehensiveModel","Comprehensive",2025,48,"EH_hrs",0,0,0,0,0,32,5000,TRUE,TRUE,TRUE,TRUE,"TV_Comprehensive","PopValues","SeasonalityCurves","Cadres_Comprehensive","Comprehensive","Ethiopia",NA
"135","ComprehensiveModel","Comprehensive",2025,48,"FH_hrs",0,0,0,0,0,32,5000,TRUE,TRUE,TRUE,TRUE,"TV_Comprehensive","PopValues","SeasonalityCurves","Cadres_Comprehensive","Comprehensive","Ethiopia",NA
"136","ComprehensiveModel","Comprehensive",2025,48,"HEW_hrs",4341.40808333334,4492.01333333334,4560.19576666668,4643.85833333334,4762.13516666667,32,5000,TRUE,TRUE,TRUE,TRUE,"TV_Comprehensive","PopValues","SeasonalityCurves","Cadres_Comprehensive","Comprehensive","Ethiopia",NA
"137","ComprehensiveModel","Comprehensive",2025,48,"HO_hrs",1124.00125,1185.2275,1215.4977,1248.01291666666,1303.17691666667,32,5000,TRUE,TRUE,TRUE,TRUE,"TV_Comprehensive","PopValues","SeasonalityCurves","Cadres_Comprehensive","Comprehensive","Ethiopia",NA
"138","ComprehensiveModel","Comprehensive",2025,48,"MW_hrs",1309.061,1408.71,1481.26386666667,1572.7625,1662.31783333333,32,5000,TRUE,TRUE,TRUE,TRUE,"TV_Comprehensive","PopValues","SeasonalityCurves","Cadres_Comprehensive","Comprehensive","Ethiopia",NA
"139","ComprehensiveModel","Comprehensive",2025,48,"RN_hrs",0,0,0,0,0,32,5000,TRUE,TRUE,TRUE,TRUE,"TV_Comprehensive","PopValues","SeasonalityCurves","Cadres_Comprehensive","Comprehensive","Ethiopia",NA
"140","ComprehensiveModel","Comprehensive",2025,48,"UN_hrs",0,0,0,0,0,32,5000,TRUE,TRUE,TRUE,TRUE,"TV_Comprehensive","PopValues","SeasonalityCurves","Cadres_Comprehensive","Comprehensive","Ethiopia",NA
"141","ComprehensiveModel","Comprehensive",2026,48,"EH_hrs",0,0,0,0,0,32,5000,TRUE,TRUE,TRUE,TRUE,"TV_Comprehensive","PopValues","SeasonalityCurves","Cadres_Comprehensive","Comprehensive","Ethiopia",NA
"142","ComprehensiveModel","Comprehensive",2026,48,"FH_hrs",0,0,0,0,0,32,5000,TRUE,TRUE,TRUE,TRUE,"TV_Comprehensive","PopValues","SeasonalityCurves","Cadres_Comprehensive","Comprehensive","Ethiopia",NA
"143","ComprehensiveModel","Comprehensive",2026,48,"HEW_hrs",4353.59700000001,4483.63958333334,4583.52703333334,4686.25,4803.80475000001,32,5000,TRUE,TRUE,TRUE,TRUE,"TV_Comprehensive","PopValues","SeasonalityCurves","Cadres_Comprehensive","Comprehensive","Ethiopia",NA
"144","ComprehensiveModel","Comprehensive",2026,48,"HO_hrs",1159.66108333333,1219.78458333333,1255.11983333333,1292.2875,1355.39358333333,32,5000,TRUE,TRUE,TRUE,TRUE,"TV_Comprehensive","PopValues","SeasonalityCurves","Cadres_Comprehensive","Comprehensive","Ethiopia",NA
"145","ComprehensiveModel","Comprehensive",2026,48,"MW_hrs",1323.119,1413.01583333334,1498.92546666667,1591.27,1715.15016666667,32,5000,TRUE,TRUE,TRUE,TRUE,"TV_Comprehensive","PopValues","SeasonalityCurves","Cadres_Comprehensive","Comprehensive","Ethiopia",NA
"146","ComprehensiveModel","Comprehensive",2026,48,"RN_hrs",0,0,0,0,0,32,5000,TRUE,TRUE,TRUE,TRUE,"TV_Comprehensive","PopValues","SeasonalityCurves","Cadres_Comprehensive","Comprehensive","Ethiopia",NA
"147","ComprehensiveModel","Comprehensive",2026,48,"UN_hrs",0,0,0,0,0,32,5000,TRUE,TRUE,TRUE,TRUE,"TV_Comprehensive","PopValues","SeasonalityCurves","Cadres_Comprehensive","Comprehensive","Ethiopia",NA
"148","ComprehensiveModel","Comprehensive",2027,48,"EH_hrs",0,0,0,0,0,32,5000,TRUE,TRUE,TRUE,TRUE,"TV_Comprehensive","PopValues","SeasonalityCurves","Cadres_Comprehensive","Comprehensive","Ethiopia",NA
"149","ComprehensiveModel","Comprehensive",2027,48,"FH_hrs",0,0,0,0,0,32,5000,TRUE,TRUE,TRUE,TRUE,"TV_Comprehensive","PopValues","SeasonalityCurves","Cadres_Comprehensive","Comprehensive","Ethiopia",NA
"150","ComprehensiveModel","Comprehensive",2027,48,"HEW_hrs",4357.56650000001,4490.12750000001,4598.17530000001,4707.21833333334,4830.72166666668,32,5000,TRUE,TRUE,TRUE,TRUE,"TV_Comprehensive","PopValues","SeasonalityCurves","Cadres_Comprehensive","Comprehensive","Ethiopia",NA
"151","ComprehensiveModel","Comprehensive",2027,48,"HO_hrs",1186.5215,1250.3625,1290.1137,1332.18958333333,1403.9425,32,5000,TRUE,TRUE,TRUE,TRUE,"TV_Comprehensive","PopValues","SeasonalityCurves","Cadres_Comprehensive","Comprehensive","Ethiopia",NA
"152","ComprehensiveModel","Comprehensive",2027,48,"MW_hrs",1324.99916666667,1394.42916666667,1504.56066666667,1595.30166666666,1771.34516666667,32,5000,TRUE,TRUE,TRUE,TRUE,"TV_Comprehensive","PopValues","SeasonalityCurves","Cadres_Comprehensive","Comprehensive","Ethiopia",NA
"153","ComprehensiveModel","Comprehensive",2027,48,"RN_hrs",0,0,0,0,0,32,5000,TRUE,TRUE,TRUE,TRUE,"TV_Comprehensive","PopValues","SeasonalityCurves","Cadres_Comprehensive","Comprehensive","Ethiopia",NA
"154","ComprehensiveModel","Comprehensive",2027,48,"UN_hrs",0,0,0,0,0,32,5000,TRUE,TRUE,TRUE,TRUE,"TV_Comprehensive","PopValues","SeasonalityCurves","Cadres_Comprehensive","Comprehensive","Ethiopia",NA
"155","ComprehensiveModel","Comprehensive",2028,48,"EH_hrs",0,0,0,0,0,32,5000,TRUE,TRUE,TRUE,TRUE,"TV_Comprehensive","PopValues","SeasonalityCurves","Cadres_Comprehensive","Comprehensive","Ethiopia",NA
"156","ComprehensiveModel","Comprehensive",2028,48,"FH_hrs",0,0,0,0,0,32,5000,TRUE,TRUE,TRUE,TRUE,"TV_Comprehensive","PopValues","SeasonalityCurves","Cadres_Comprehensive","Comprehensive","Ethiopia",NA
"157","ComprehensiveModel","Comprehensive",2028,48,"HEW_hrs",4337.98400000001,4493.17,4614.33873333334,4742.76250000001,4889.21983333333,32,5000,TRUE,TRUE,TRUE,TRUE,"TV_Comprehensive","PopValues","SeasonalityCurves","Cadres_Comprehensive","Comprehensive","Ethiopia",NA
"158","ComprehensiveModel","Comprehensive",2028,48,"HO_hrs",1221.94866666667,1296.51583333333,1330.475,1369.98041666667,1436.82916666667,32,5000,TRUE,TRUE,TRUE,TRUE,"TV_Comprehensive","PopValues","SeasonalityCurves","Cadres_Comprehensive","Comprehensive","Ethiopia",NA
"159","ComprehensiveModel","Comprehensive",2028,48,"MW_hrs",1291.21483333333,1400.27083333333,1510.1446,1609.52833333333,1772.46583333333,32,5000,TRUE,TRUE,TRUE,TRUE,"TV_Comprehensive","PopValues","SeasonalityCurves","Cadres_Comprehensive","Comprehensive","Ethiopia",NA
"160","ComprehensiveModel","Comprehensive",2028,48,"RN_hrs",0,0,0,0,0,32,5000,TRUE,TRUE,TRUE,TRUE,"TV_Comprehensive","PopValues","SeasonalityCurves","Cadres_Comprehensive","Comprehensive","Ethiopia",NA
"161","ComprehensiveModel","Comprehensive",2028,48,"UN_hrs",0,0,0,0,0,32,5000,TRUE,TRUE,TRUE,TRUE,"TV_Comprehensive","PopValues","SeasonalityCurves","Cadres_Comprehensive","Comprehensive","Ethiopia",NA
"162","ComprehensiveModel","Comprehensive",2029,48,"EH_hrs",0,0,0,0,0,32,5000,TRUE,TRUE,TRUE,TRUE,"TV_Comprehensive","PopValues","SeasonalityCurves","Cadres_Comprehensive","Comprehensive","Ethiopia",NA
"163","ComprehensiveModel","Comprehensive",2029,48,"FH_hrs",0,0,0,0,0,32,5000,TRUE,TRUE,TRUE,TRUE,"TV_Comprehensive","PopValues","SeasonalityCurves","Cadres_Comprehensive","Comprehensive","Ethiopia",NA
"164","ComprehensiveModel","Comprehensive",2029,48,"HEW_hrs",4304.89091666668,4492.69500000001,4622.31793333334,4773.48041666668,4910.90875000001,32,5000,TRUE,TRUE,TRUE,TRUE,"TV_Comprehensive","PopValues","SeasonalityCurves","Cadres_Comprehensive","Comprehensive","Ethiopia",NA
"165","ComprehensiveModel","Comprehensive",2029,48,"HO_hrs",1258.919,1336.10291666666,1372.33446666667,1415.805,1488.95033333333,32,5000,TRUE,TRUE,TRUE,TRUE,"TV_Comprehensive","PopValues","SeasonalityCurves","Cadres_Comprehensive","Comprehensive","Ethiopia",NA
"166","ComprehensiveModel","Comprehensive",2029,48,"MW_hrs",1271.5415,1402.375,1512.43293333333,1604.11666666667,1740.88866666667,32,5000,TRUE,TRUE,TRUE,TRUE,"TV_Comprehensive","PopValues","SeasonalityCurves","Cadres_Comprehensive","Comprehensive","Ethiopia",NA
"167","ComprehensiveModel","Comprehensive",2029,48,"RN_hrs",0,0,0,0,0,32,5000,TRUE,TRUE,TRUE,TRUE,"TV_Comprehensive","PopValues","SeasonalityCurves","Cadres_Comprehensive","Comprehensive","Ethiopia",NA
"168","ComprehensiveModel","Comprehensive",2029,48,"UN_hrs",0,0,0,0,0,32,5000,TRUE,TRUE,TRUE,TRUE,"TV_Comprehensive","PopValues","SeasonalityCurves","Cadres_Comprehensive","Comprehensive","Ethiopia",NA
"169","ComprehensiveModel","Comprehensive",2030,48,"EH_hrs",1494.90666666666,1527.175,1631.296,1710.88333333333,1840.36333333333,32,5000,TRUE,TRUE,TRUE,TRUE,"TV_Comprehensive","PopValues","SeasonalityCurves","Cadres_Comprehensive","Comprehensive","Ethiopia",NA
"170","ComprehensiveModel","Comprehensive",2030,48,"FH_hrs",1105.09541666666,1160.47708333333,1220.46048333333,1291.18270833333,1330.50175,32,5000,TRUE,TRUE,TRUE,TRUE,"TV_Comprehensive","PopValues","SeasonalityCurves","Cadres_Comprehensive","Comprehensive","Ethiopia",NA
"171","ComprehensiveModel","Comprehensive",2030,48,"HEW_hrs",1321.69520833333,1411.864375,1481.74861666667,1555.085,1629.43179166667,32,5000,TRUE,TRUE,TRUE,TRUE,"TV_Comprehensive","PopValues","SeasonalityCurves","Cadres_Comprehensive","Comprehensive","Ethiopia",NA
"172","ComprehensiveModel","Comprehensive",2030,48,"HO_hrs",560.782999999999,592.408750000001,612.579366666667,632.382916666667,647.535416666667,32,5000,TRUE,TRUE,TRUE,TRUE,"TV_Comprehensive","PopValues","SeasonalityCurves","Cadres_Comprehensive","Comprehensive","Ethiopia",NA
"173","ComprehensiveModel","Comprehensive",2030,48,"MW_hrs",1456.173,1590.01833333333,1688.12886666667,1770.96833333333,1976.398,32,5000,TRUE,TRUE,TRUE,TRUE,"TV_Comprehensive","PopValues","SeasonalityCurves","Cadres_Comprehensive","Comprehensive","Ethiopia",NA
"174","ComprehensiveModel","Comprehensive",2030,48,"RN_hrs",1268.07058333333,1325.8825,1378.77433333333,1420.5325,1504.68966666667,32,5000,TRUE,TRUE,TRUE,TRUE,"TV_Comprehensive","PopValues","SeasonalityCurves","Cadres_Comprehensive","Comprehensive","Ethiopia",NA
"175","ComprehensiveModel","Comprehensive",2030,48,"UN_hrs",0,0,0,0,0,32,5000,TRUE,TRUE,TRUE,TRUE,"TV_Comprehensive","PopValues","SeasonalityCurves","Cadres_Comprehensive","Comprehensive","Ethiopia",NA
"176","ComprehensiveModel","Comprehensive",2031,48,"EH_hrs",1498.52333333333,1537,1643.906,1725.275,1892.38,32,5000,TRUE,TRUE,TRUE,TRUE,"TV_Comprehensive","PopValues","SeasonalityCurves","Cadres_Comprehensive","Comprehensive","Ethiopia",NA
"177","ComprehensiveModel","Comprehensive",2031,48,"FH_hrs",1091.244875,1148.38791666667,1216.7305,1280.90354166667,1330.26866666667,32,5000,TRUE,TRUE,TRUE,TRUE,"TV_Comprehensive","PopValues","SeasonalityCurves","Cadres_Comprehensive","Comprehensive","Ethiopia",NA
"178","ComprehensiveModel","Comprehensive",2031,48,"HEW_hrs",1328.298375,1413.72354166667,1480.71803333333,1550.00895833333,1616.86775,32,5000,TRUE,TRUE,TRUE,TRUE,"TV_Comprehensive","PopValues","SeasonalityCurves","Cadres_Comprehensive","Comprehensive","Ethiopia",NA
"179","ComprehensiveModel","Comprehensive",2031,48,"HO_hrs",567.137583333333,599.953333333333,618.6599,638.505833333334,652.152083333333,32,5000,TRUE,TRUE,TRUE,TRUE,"TV_Comprehensive","PopValues","SeasonalityCurves","Cadres_Comprehensive","Comprehensive","Ethiopia",NA
"180","ComprehensiveModel","Comprehensive",2031,48,"MW_hrs",1452.038,1590.00083333333,1703.55506666667,1805.23916666666,2013.73516666667,32,5000,TRUE,TRUE,TRUE,TRUE,"TV_Comprehensive","PopValues","SeasonalityCurves","Cadres_Comprehensive","Comprehensive","Ethiopia",NA
"181","ComprehensiveModel","Comprehensive",2031,48,"RN_hrs",1293.09925,1358.99,1411.25183333333,1468.1875,1535.626,32,5000,TRUE,TRUE,TRUE,TRUE,"TV_Comprehensive","PopValues","SeasonalityCurves","Cadres_Comprehensive","Comprehensive","Ethiopia",NA
"182","ComprehensiveModel","Comprehensive",2031,48,"UN_hrs",0,0,0,0,0,32,5000,TRUE,TRUE,TRUE,TRUE,"TV_Comprehensive","PopValues","SeasonalityCurves","Cadres_Comprehensive","Comprehensive","Ethiopia",NA
"183","ComprehensiveModel","Comprehensive",2032,48,"EH_hrs",1490.84666666667,1563.9,1651.18066666667,1737.6,1853.905,32,5000,TRUE,TRUE,TRUE,TRUE,"TV_Comprehensive","PopValues","SeasonalityCurves","Cadres_Comprehensive","Comprehensive","Ethiopia",NA
"184","ComprehensiveModel","Comprehensive",2032,48,"FH_hrs",1089.18333333333,1148.15041666667,1213.88026666667,1282.009375,1347.12554166667,32,5000,TRUE,TRUE,TRUE,TRUE,"TV_Comprehensive","PopValues","SeasonalityCurves","Cadres_Comprehensive","Comprehensive","Ethiopia",NA
"185","ComprehensiveModel","Comprehensive",2032,48,"HEW_hrs",1316.772,1420.31354166666,1480.8492,1562.16125,1622.55641666666,32,5000,TRUE,TRUE,TRUE,TRUE,"TV_Comprehensive","PopValues","SeasonalityCurves","Cadres_Comprehensive","Comprehensive","Ethiopia",NA
"186","ComprehensiveModel","Comprehensive",2032,48,"HO_hrs",575.308416666667,603.845833333333,625.580566666667,645.904583333333,663.436999999999,32,5000,TRUE,TRUE,TRUE,TRUE,"TV_Comprehensive","PopValues","SeasonalityCurves","Cadres_Comprehensive","Comprehensive","Ethiopia",NA
"187","ComprehensiveModel","Comprehensive",2032,48,"MW_hrs",1418.31583333333,1580.86166666667,1724.7082,1880.35833333333,2044.68033333333,32,5000,TRUE,TRUE,TRUE,TRUE,"TV_Comprehensive","PopValues","SeasonalityCurves","Cadres_Comprehensive","Comprehensive","Ethiopia",NA
"188","ComprehensiveModel","Comprehensive",2032,48,"RN_hrs",1324.37691666667,1394.00916666666,1443.46376666667,1500.95291666667,1561.32616666667,32,5000,TRUE,TRUE,TRUE,TRUE,"TV_Comprehensive","PopValues","SeasonalityCurves","Cadres_Comprehensive","Comprehensive","Ethiopia",NA
"189","ComprehensiveModel","Comprehensive",2032,48,"UN_hrs",0,0,0,0,0,32,5000,TRUE,TRUE,TRUE,TRUE,"TV_Comprehensive","PopValues","SeasonalityCurves","Cadres_Comprehensive","Comprehensive","Ethiopia",NA
"190","ComprehensiveModel","Comprehensive",2033,48,"EH_hrs",1518.885,1583.4,1670.244,1763.35,1899.81666666667,32,5000,TRUE,TRUE,TRUE,TRUE,"TV_Comprehensive","PopValues","SeasonalityCurves","Cadres_Comprehensive","Comprehensive","Ethiopia",NA
"191","ComprehensiveModel","Comprehensive",2033,48,"FH_hrs",1066.30870833333,1142.23416666666,1211.5322,1275.84041666667,1348.54504166667,32,5000,TRUE,TRUE,TRUE,TRUE,"TV_Comprehensive","PopValues","SeasonalityCurves","Cadres_Comprehensive","Comprehensive","Ethiopia",NA
"192","ComprehensiveModel","Comprehensive",2033,48,"HEW_hrs",1303.71545833333,1396.14916666667,1480.8808,1546.0525,1688.79175,32,5000,TRUE,TRUE,TRUE,TRUE,"TV_Comprehensive","PopValues","SeasonalityCurves","Cadres_Comprehensive","Comprehensive","Ethiopia",NA
"193","ComprehensiveModel","Comprehensive",2033,48,"HO_hrs",581.687,609.859583333333,632.068533333333,650.458333333334,672.7155,32,5000,TRUE,TRUE,TRUE,TRUE,"TV_Comprehensive","PopValues","SeasonalityCurves","Cadres_Comprehensive","Comprehensive","Ethiopia",NA
"194","ComprehensiveModel","Comprehensive",2033,48,"MW_hrs",1392.7455,1544.34166666667,1725.82186666667,1898.51,2037.84383333333,32,5000,TRUE,TRUE,TRUE,TRUE,"TV_Comprehensive","PopValues","SeasonalityCurves","Cadres_Comprehensive","Comprehensive","Ethiopia",NA
"195","ComprehensiveModel","Comprehensive",2033,48,"RN_hrs",1356.84741666667,1415.35708333333,1477.54893333333,1535.31625,1615.10033333333,32,5000,TRUE,TRUE,TRUE,TRUE,"TV_Comprehensive","PopValues","SeasonalityCurves","Cadres_Comprehensive","Comprehensive","Ethiopia",NA
"196","ComprehensiveModel","Comprehensive",2033,48,"UN_hrs",0,0,0,0,0,32,5000,TRUE,TRUE,TRUE,TRUE,"TV_Comprehensive","PopValues","SeasonalityCurves","Cadres_Comprehensive","Comprehensive","Ethiopia",NA
"197","ComprehensiveModel","Comprehensive",2034,48,"EH_hrs",1515.18333333333,1587.25,1683.72466666667,1792.36666666667,1925.19333333333,32,5000,TRUE,TRUE,TRUE,TRUE,"TV_Comprehensive","PopValues","SeasonalityCurves","Cadres_Comprehensive","Comprehensive","Ethiopia",NA
"198","ComprehensiveModel","Comprehensive",2034,48,"FH_hrs",1060.21554166667,1138.4825,1212.20891666667,1267.40145833333,1362.558375,32,5000,TRUE,TRUE,TRUE,TRUE,"TV_Comprehensive","PopValues","SeasonalityCurves","Cadres_Comprehensive","Comprehensive","Ethiopia",NA
"199","ComprehensiveModel","Comprehensive",2034,48,"HEW_hrs",1288.12129166667,1412.54666666667,1482.24265,1566.60229166667,1692.094,32,5000,TRUE,TRUE,TRUE,TRUE,"TV_Comprehensive","PopValues","SeasonalityCurves","Cadres_Comprehensive","Comprehensive","Ethiopia",NA
"200","ComprehensiveModel","Comprehensive",2034,48,"HO_hrs",586.842166666667,617.685000000001,639.547333333333,659.152916666666,680.02875,32,5000,TRUE,TRUE,TRUE,TRUE,"TV_Comprehensive","PopValues","SeasonalityCurves","Cadres_Comprehensive","Comprehensive","Ethiopia",NA
"201","ComprehensiveModel","Comprehensive",2034,48,"MW_hrs",1403.0145,1554.89333333333,1730.29733333333,1910.555,2120.63016666666,32,5000,TRUE,TRUE,TRUE,TRUE,"TV_Comprehensive","PopValues","SeasonalityCurves","Cadres_Comprehensive","Comprehensive","Ethiopia",NA
"202","ComprehensiveModel","Comprehensive",2034,48,"RN_hrs",1385.38533333333,1444.96708333333,1518.4651,1573.78166666666,1685.99583333333,32,5000,TRUE,TRUE,TRUE,TRUE,"TV_Comprehensive","PopValues","SeasonalityCurves","Cadres_Comprehensive","Comprehensive","Ethiopia",NA
"203","ComprehensiveModel","Comprehensive",2034,48,"UN_hrs",0,0,0,0,0,32,5000,TRUE,TRUE,TRUE,TRUE,"TV_Comprehensive","PopValues","SeasonalityCurves","Cadres_Comprehensive","Comprehensive","Ethiopia",NA
"204","ComprehensiveModel","Comprehensive",2035,48,"EH_hrs",1510.27,1601.10833333333,1693.102,1795.15,1952.095,32,5000,TRUE,TRUE,TRUE,TRUE,"TV_Comprehensive","PopValues","SeasonalityCurves","Cadres_Comprehensive","Comprehensive","Ethiopia",NA
"205","ComprehensiveModel","Comprehensive",2035,48,"FH_hrs",2135.44229166666,2299.22125,2407.70605,2512.85145833333,2640.336875,32,5000,TRUE,TRUE,TRUE,TRUE,"TV_Comprehensive","PopValues","SeasonalityCurves","Cadres_Comprehensive","Comprehensive","Ethiopia",NA
"206","ComprehensiveModel","Comprehensive",2035,48,"HEW_hrs",0,0,0,0,0,32,5000,TRUE,TRUE,TRUE,TRUE,"TV_Comprehensive","PopValues","SeasonalityCurves","Cadres_Comprehensive","Comprehensive","Ethiopia",NA
"207","ComprehensiveModel","Comprehensive",2035,48,"HO_hrs",593.086583333333,623.51375,645.8284,667.227916666667,686.517833333333,32,5000,TRUE,TRUE,TRUE,TRUE,"TV_Comprehensive","PopValues","SeasonalityCurves","Cadres_Comprehensive","Comprehensive","Ethiopia",NA
"208","ComprehensiveModel","Comprehensive",2035,48,"MW_hrs",1367.53016666667,1562.75583333333,1747.30046666667,1925.45666666667,2276.85883333334,32,5000,TRUE,TRUE,TRUE,TRUE,"TV_Comprehensive","PopValues","SeasonalityCurves","Cadres_Comprehensive","Comprehensive","Ethiopia",NA
"209","ComprehensiveModel","Comprehensive",2035,48,"RN_hrs",1658.09979166666,1742.35645833333,1826.98475,1921.35875,1999.186875,32,5000,TRUE,TRUE,TRUE,TRUE,"TV_Comprehensive","PopValues","SeasonalityCurves","Cadres_Comprehensive","Comprehensive","Ethiopia",NA
"210","ComprehensiveModel","Comprehensive",2035,48,"UN_hrs",0,0,0,0,0,32,5000,TRUE,TRUE,TRUE,TRUE,"TV_Comprehensive","PopValues","SeasonalityCurves","Cadres_Comprehensive","Comprehensive","Ethiopia",NA
"211","MergedModel","Merged",2021,48,"EH_hrs",0,0,0,0,0,32,5000,TRUE,TRUE,TRUE,TRUE,"TV_Merged","PopValues","SeasonalityCurves","Cadres_Merged","Merged","Ethiopia",NA
"212","MergedModel","Merged",2021,48,"FH_hrs",0,0,0,0,0,32,5000,TRUE,TRUE,TRUE,TRUE,"TV_Merged","PopValues","SeasonalityCurves","Cadres_Merged","Merged","Ethiopia",NA
"213","MergedModel","Merged",2021,48,"HEW_hrs",4517.2,4585.925,4661.65466666667,4732.59166666667,4812.43416666666,32,5000,TRUE,TRUE,TRUE,TRUE,"TV_Merged","PopValues","SeasonalityCurves","Cadres_Merged","Merged","Ethiopia",NA
"214","MergedModel","Merged",2021,48,"HO_hrs",0,0,0,0,0,32,5000,TRUE,TRUE,TRUE,TRUE,"TV_Merged","PopValues","SeasonalityCurves","Cadres_Merged","Merged","Ethiopia",NA
"215","MergedModel","Merged",2021,48,"MW_hrs",0,0,0,0,0,32,5000,TRUE,TRUE,TRUE,TRUE,"TV_Merged","PopValues","SeasonalityCurves","Cadres_Merged","Merged","Ethiopia",NA
"216","MergedModel","Merged",2021,48,"RN_hrs",0,0,0,0,0,32,5000,TRUE,TRUE,TRUE,TRUE,"TV_Merged","PopValues","SeasonalityCurves","Cadres_Merged","Merged","Ethiopia",NA
"217","MergedModel","Merged",2021,48,"UN_hrs",0,0,0,0,0,32,5000,TRUE,TRUE,TRUE,TRUE,"TV_Merged","PopValues","SeasonalityCurves","Cadres_Merged","Merged","Ethiopia",NA
"218","MergedModel","Merged",2022,48,"EH_hrs",0,0,0,0,0,32,5000,TRUE,TRUE,TRUE,TRUE,"TV_Merged","PopValues","SeasonalityCurves","Cadres_Merged","Merged","Ethiopia",NA
"219","MergedModel","Merged",2022,48,"FH_hrs",0,0,0,0,0,32,5000,TRUE,TRUE,TRUE,TRUE,"TV_Merged","PopValues","SeasonalityCurves","Cadres_Merged","Merged","Ethiopia",NA
"220","MergedModel","Merged",2022,48,"HEW_hrs",4564.69583333334,4643.57083333333,4713.48433333334,4774.85833333334,4886.18083333334,32,5000,TRUE,TRUE,TRUE,TRUE,"TV_Merged","PopValues","SeasonalityCurves","Cadres_Merged","Merged","Ethiopia",NA
"221","MergedModel","Merged",2022,48,"HO_hrs",0,0,0,0,0,32,5000,TRUE,TRUE,TRUE,TRUE,"TV_Merged","PopValues","SeasonalityCurves","Cadres_Merged","Merged","Ethiopia",NA
"222","MergedModel","Merged",2022,48,"MW_hrs",0,0,0,0,0,32,5000,TRUE,TRUE,TRUE,TRUE,"TV_Merged","PopValues","SeasonalityCurves","Cadres_Merged","Merged","Ethiopia",NA
"223","MergedModel","Merged",2022,48,"RN_hrs",0,0,0,0,0,32,5000,TRUE,TRUE,TRUE,TRUE,"TV_Merged","PopValues","SeasonalityCurves","Cadres_Merged","Merged","Ethiopia",NA
"224","MergedModel","Merged",2022,48,"UN_hrs",0,0,0,0,0,32,5000,TRUE,TRUE,TRUE,TRUE,"TV_Merged","PopValues","SeasonalityCurves","Cadres_Merged","Merged","Ethiopia",NA
"225","MergedModel","Merged",2023,48,"EH_hrs",0,0,0,0,0,32,5000,TRUE,TRUE,TRUE,TRUE,"TV_Merged","PopValues","SeasonalityCurves","Cadres_Merged","Merged","Ethiopia",NA
"226","MergedModel","Merged",2023,48,"FH_hrs",0,0,0,0,0,32,5000,TRUE,TRUE,TRUE,TRUE,"TV_Merged","PopValues","SeasonalityCurves","Cadres_Merged","Merged","Ethiopia",NA
"227","MergedModel","Merged",2023,48,"HEW_hrs",4578.84416666667,4679.27916666667,4759.578,4827.0875,4959.99083333333,32,5000,TRUE,TRUE,TRUE,TRUE,"TV_Merged","PopValues","SeasonalityCurves","Cadres_Merged","Merged","Ethiopia",NA
"228","MergedModel","Merged",2023,48,"HO_hrs",0,0,0,0,0,32,5000,TRUE,TRUE,TRUE,TRUE,"TV_Merged","PopValues","SeasonalityCurves","Cadres_Merged","Merged","Ethiopia",NA
"229","MergedModel","Merged",2023,48,"MW_hrs",0,0,0,0,0,32,5000,TRUE,TRUE,TRUE,TRUE,"TV_Merged","PopValues","SeasonalityCurves","Cadres_Merged","Merged","Ethiopia",NA
"230","MergedModel","Merged",2023,48,"RN_hrs",0,0,0,0,0,32,5000,TRUE,TRUE,TRUE,TRUE,"TV_Merged","PopValues","SeasonalityCurves","Cadres_Merged","Merged","Ethiopia",NA
"231","MergedModel","Merged",2023,48,"UN_hrs",0,0,0,0,0,32,5000,TRUE,TRUE,TRUE,TRUE,"TV_Merged","PopValues","SeasonalityCurves","Cadres_Merged","Merged","Ethiopia",NA
"232","MergedModel","Merged",2024,48,"EH_hrs",0,0,0,0,0,32,5000,TRUE,TRUE,TRUE,TRUE,"TV_Merged","PopValues","SeasonalityCurves","Cadres_Merged","Merged","Ethiopia",NA
"233","MergedModel","Merged",2024,48,"FH_hrs",0,0,0,0,0,32,5000,TRUE,TRUE,TRUE,TRUE,"TV_Merged","PopValues","SeasonalityCurves","Cadres_Merged","Merged","Ethiopia",NA
"234","MergedModel","Merged",2024,48,"HEW_hrs",4572.63083333334,4685.03333333334,4804.447,4912.10000000001,5050.09833333334,32,5000,TRUE,TRUE,TRUE,TRUE,"TV_Merged","PopValues","SeasonalityCurves","Cadres_Merged","Merged","Ethiopia",NA
"235","MergedModel","Merged",2024,48,"HO_hrs",0,0,0,0,0,32,5000,TRUE,TRUE,TRUE,TRUE,"TV_Merged","PopValues","SeasonalityCurves","Cadres_Merged","Merged","Ethiopia",NA
"236","MergedModel","Merged",2024,48,"MW_hrs",0,0,0,0,0,32,5000,TRUE,TRUE,TRUE,TRUE,"TV_Merged","PopValues","SeasonalityCurves","Cadres_Merged","Merged","Ethiopia",NA
"237","MergedModel","Merged",2024,48,"RN_hrs",0,0,0,0,0,32,5000,TRUE,TRUE,TRUE,TRUE,"TV_Merged","PopValues","SeasonalityCurves","Cadres_Merged","Merged","Ethiopia",NA
"238","MergedModel","Merged",2024,48,"UN_hrs",0,0,0,0,0,32,5000,TRUE,TRUE,TRUE,TRUE,"TV_Merged","PopValues","SeasonalityCurves","Cadres_Merged","Merged","Ethiopia",NA
"239","MergedModel","Merged",2025,48,"EH_hrs",0,0,0,0,0,32,5000,TRUE,TRUE,TRUE,TRUE,"TV_Merged","PopValues","SeasonalityCurves","Cadres_Merged","Merged","Ethiopia",NA
"240","MergedModel","Merged",2025,48,"FH_hrs",0,0,0,0,0,32,5000,TRUE,TRUE,TRUE,TRUE,"TV_Merged","PopValues","SeasonalityCurves","Cadres_Merged","Merged","Ethiopia",NA
"241","MergedModel","Merged",2025,48,"HEW_hrs",4558.25416666667,4751.50416666667,4845.33333333334,4939.95833333334,5132.90833333334,32,5000,TRUE,TRUE,TRUE,TRUE,"TV_Merged","PopValues","SeasonalityCurves","Cadres_Merged","Merged","Ethiopia",NA
"242","MergedModel","Merged",2025,48,"HO_hrs",0,0,0,0,0,32,5000,TRUE,TRUE,TRUE,TRUE,"TV_Merged","PopValues","SeasonalityCurves","Cadres_Merged","Merged","Ethiopia",NA
"243","MergedModel","Merged",2025,48,"MW_hrs",0,0,0,0,0,32,5000,TRUE,TRUE,TRUE,TRUE,"TV_Merged","PopValues","SeasonalityCurves","Cadres_Merged","Merged","Ethiopia",NA
"244","MergedModel","Merged",2025,48,"RN_hrs",0,0,0,0,0,32,5000,TRUE,TRUE,TRUE,TRUE,"TV_Merged","PopValues","SeasonalityCurves","Cadres_Merged","Merged","Ethiopia",NA
"245","MergedModel","Merged",2025,48,"UN_hrs",0,0,0,0,0,32,5000,TRUE,TRUE,TRUE,TRUE,"TV_Merged","PopValues","SeasonalityCurves","Cadres_Merged","Merged","Ethiopia",NA
"246","MergedModel","Merged",2026,48,"EH_hrs",0,0,0,0,0,32,5000,TRUE,TRUE,TRUE,TRUE,"TV_Merged","PopValues","SeasonalityCurves","Cadres_Merged","Merged","Ethiopia",NA
"247","MergedModel","Merged",2026,48,"FH_hrs",0,0,0,0,0,32,5000,TRUE,TRUE,TRUE,TRUE,"TV_Merged","PopValues","SeasonalityCurves","Cadres_Merged","Merged","Ethiopia",NA
"248","MergedModel","Merged",2026,48,"HEW_hrs",4590.37916666667,4770.16666666667,4896.51133333334,5012.01666666667,5150.66833333333,32,5000,TRUE,TRUE,TRUE,TRUE,"TV_Merged","PopValues","SeasonalityCurves","Cadres_Merged","Merged","Ethiopia",NA
"249","MergedModel","Merged",2026,48,"HO_hrs",0,0,0,0,0,32,5000,TRUE,TRUE,TRUE,TRUE,"TV_Merged","PopValues","SeasonalityCurves","Cadres_Merged","Merged","Ethiopia",NA
"250","MergedModel","Merged",2026,48,"MW_hrs",0,0,0,0,0,32,5000,TRUE,TRUE,TRUE,TRUE,"TV_Merged","PopValues","SeasonalityCurves","Cadres_Merged","Merged","Ethiopia",NA
"251","MergedModel","Merged",2026,48,"RN_hrs",0,0,0,0,0,32,5000,TRUE,TRUE,TRUE,TRUE,"TV_Merged","PopValues","SeasonalityCurves","Cadres_Merged","Merged","Ethiopia",NA
"252","MergedModel","Merged",2026,48,"UN_hrs",0,0,0,0,0,32,5000,TRUE,TRUE,TRUE,TRUE,"TV_Merged","PopValues","SeasonalityCurves","Cadres_Merged","Merged","Ethiopia",NA
"253","MergedModel","Merged",2027,48,"EH_hrs",0,0,0,0,0,32,5000,TRUE,TRUE,TRUE,TRUE,"TV_Merged","PopValues","SeasonalityCurves","Cadres_Merged","Merged","Ethiopia",NA
"254","MergedModel","Merged",2027,48,"FH_hrs",0,0,0,0,0,32,5000,TRUE,TRUE,TRUE,TRUE,"TV_Merged","PopValues","SeasonalityCurves","Cadres_Merged","Merged","Ethiopia",NA
"255","MergedModel","Merged",2027,48,"HEW_hrs",4544.15916666667,4813.16666666667,4951.93566666667,5103.85833333334,5269.76583333335,32,5000,TRUE,TRUE,TRUE,TRUE,"TV_Merged","PopValues","SeasonalityCurves","Cadres_Merged","Merged","Ethiopia",NA
"256","MergedModel","Merged",2027,48,"HO_hrs",0,0,0,0,0,32,5000,TRUE,TRUE,TRUE,TRUE,"TV_Merged","PopValues","SeasonalityCurves","Cadres_Merged","Merged","Ethiopia",NA
"257","MergedModel","Merged",2027,48,"MW_hrs",0,0,0,0,0,32,5000,TRUE,TRUE,TRUE,TRUE,"TV_Merged","PopValues","SeasonalityCurves","Cadres_Merged","Merged","Ethiopia",NA
"258","MergedModel","Merged",2027,48,"RN_hrs",0,0,0,0,0,32,5000,TRUE,TRUE,TRUE,TRUE,"TV_Merged","PopValues","SeasonalityCurves","Cadres_Merged","Merged","Ethiopia",NA
"259","MergedModel","Merged",2027,48,"UN_hrs",0,0,0,0,0,32,5000,TRUE,TRUE,TRUE,TRUE,"TV_Merged","PopValues","SeasonalityCurves","Cadres_Merged","Merged","Ethiopia",NA
"260","MergedModel","Merged",2028,48,"EH_hrs",0,0,0,0,0,32,5000,TRUE,TRUE,TRUE,TRUE,"TV_Merged","PopValues","SeasonalityCurves","Cadres_Merged","Merged","Ethiopia",NA
"261","MergedModel","Merged",2028,48,"FH_hrs",0,0,0,0,0,32,5000,TRUE,TRUE,TRUE,TRUE,"TV_Merged","PopValues","SeasonalityCurves","Cadres_Merged","Merged","Ethiopia",NA
"262","MergedModel","Merged",2028,48,"HEW_hrs",4497.41333333333,4841.96666666667,5002.51866666667,5218.05833333334,5414.49333333333,32,5000,TRUE,TRUE,TRUE,TRUE,"TV_Merged","PopValues","SeasonalityCurves","Cadres_Merged","Merged","Ethiopia",NA
"263","MergedModel","Merged",2028,48,"HO_hrs",0,0,0,0,0,32,5000,TRUE,TRUE,TRUE,TRUE,"TV_Merged","PopValues","SeasonalityCurves","Cadres_Merged","Merged","Ethiopia",NA
"264","MergedModel","Merged",2028,48,"MW_hrs",0,0,0,0,0,32,5000,TRUE,TRUE,TRUE,TRUE,"TV_Merged","PopValues","SeasonalityCurves","Cadres_Merged","Merged","Ethiopia",NA
"265","MergedModel","Merged",2028,48,"RN_hrs",0,0,0,0,0,32,5000,TRUE,TRUE,TRUE,TRUE,"TV_Merged","PopValues","SeasonalityCurves","Cadres_Merged","Merged","Ethiopia",NA
"266","MergedModel","Merged",2028,48,"UN_hrs",0,0,0,0,0,32,5000,TRUE,TRUE,TRUE,TRUE,"TV_Merged","PopValues","SeasonalityCurves","Cadres_Merged","Merged","Ethiopia",NA
"267","MergedModel","Merged",2029,48,"EH_hrs",0,0,0,0,0,32,5000,TRUE,TRUE,TRUE,TRUE,"TV_Merged","PopValues","SeasonalityCurves","Cadres_Merged","Merged","Ethiopia",NA
"268","MergedModel","Merged",2029,48,"FH_hrs",0,0,0,0,0,32,5000,TRUE,TRUE,TRUE,TRUE,"TV_Merged","PopValues","SeasonalityCurves","Cadres_Merged","Merged","Ethiopia",NA
"269","MergedModel","Merged",2029,48,"HEW_hrs",4561.67083333334,4874.46666666667,5048.98233333334,5245.64166666668,5522.58916666667,32,5000,TRUE,TRUE,TRUE,TRUE,"TV_Merged","PopValues","SeasonalityCurves","Cadres_Merged","Merged","Ethiopia",NA
"270","MergedModel","Merged",2029,48,"HO_hrs",0,0,0,0,0,32,5000,TRUE,TRUE,TRUE,TRUE,"TV_Merged","PopValues","SeasonalityCurves","Cadres_Merged","Merged","Ethiopia",NA
"271","MergedModel","Merged",2029,48,"MW_hrs",0,0,0,0,0,32,5000,TRUE,TRUE,TRUE,TRUE,"TV_Merged","PopValues","SeasonalityCurves","Cadres_Merged","Merged","Ethiopia",NA
"272","MergedModel","Merged",2029,48,"RN_hrs",0,0,0,0,0,32,5000,TRUE,TRUE,TRUE,TRUE,"TV_Merged","PopValues","SeasonalityCurves","Cadres_Merged","Merged","Ethiopia",NA
"273","MergedModel","Merged",2029,48,"UN_hrs",0,0,0,0,0,32,5000,TRUE,TRUE,TRUE,TRUE,"TV_Merged","PopValues","SeasonalityCurves","Cadres_Merged","Merged","Ethiopia",NA
"274","MergedModel","Merged",2030,48,"EH_hrs",0,0,0,0,0,32,5000,TRUE,TRUE,TRUE,TRUE,"TV_Merged","PopValues","SeasonalityCurves","Cadres_Merged","Merged","Ethiopia",NA
"275","MergedModel","Merged",2030,48,"FH_hrs",2302.92916666666,2458.425,2541.93366666667,2644.23541666667,2796.31625,32,5000,TRUE,TRUE,TRUE,TRUE,"TV_Merged","PopValues","SeasonalityCurves","Cadres_Merged","Merged","Ethiopia",NA
"276","MergedModel","Merged",2030,48,"HEW_hrs",2302.92916666666,2458.425,2541.93366666667,2644.23541666667,2796.31625,32,5000,TRUE,TRUE,TRUE,TRUE,"TV_Merged","PopValues","SeasonalityCurves","Cadres_Merged","Merged","Ethiopia",NA
"277","MergedModel","Merged",2030,48,"HO_hrs",0,0,0,0,0,32,5000,TRUE,TRUE,TRUE,TRUE,"TV_Merged","PopValues","SeasonalityCurves","Cadres_Merged","Merged","Ethiopia",NA
"278","MergedModel","Merged",2030,48,"MW_hrs",0,0,0,0,0,32,5000,TRUE,TRUE,TRUE,TRUE,"TV_Merged","PopValues","SeasonalityCurves","Cadres_Merged","Merged","Ethiopia",NA
"279","MergedModel","Merged",2030,48,"RN_hrs",0,0,0,0,0,32,5000,TRUE,TRUE,TRUE,TRUE,"TV_Merged","PopValues","SeasonalityCurves","Cadres_Merged","Merged","Ethiopia",NA
"280","MergedModel","Merged",2030,48,"UN_hrs",0,0,0,0,0,32,5000,TRUE,TRUE,TRUE,TRUE,"TV_Merged","PopValues","SeasonalityCurves","Cadres_Merged","Merged","Ethiopia",NA
"281","MergedModel","Merged",2031,48,"EH_hrs",0,0,0,0,0,32,5000,TRUE,TRUE,TRUE,TRUE,"TV_Merged","PopValues","SeasonalityCurves","Cadres_Merged","Merged","Ethiopia",NA
"282","MergedModel","Merged",2031,48,"FH_hrs",2319.17333333333,2463.9375,2563.07483333333,2665.24791666667,2846.58166666667,32,5000,TRUE,TRUE,TRUE,TRUE,"TV_Merged","PopValues","SeasonalityCurves","Cadres_Merged","Merged","Ethiopia",NA
"283","MergedModel","Merged",2031,48,"HEW_hrs",2319.17333333333,2463.9375,2563.07483333333,2665.24791666667,2846.58166666667,32,5000,TRUE,TRUE,TRUE,TRUE,"TV_Merged","PopValues","SeasonalityCurves","Cadres_Merged","Merged","Ethiopia",NA
"284","MergedModel","Merged",2031,48,"HO_hrs",0,0,0,0,0,32,5000,TRUE,TRUE,TRUE,TRUE,"TV_Merged","PopValues","SeasonalityCurves","Cadres_Merged","Merged","Ethiopia",NA
"285","MergedModel","Merged",2031,48,"MW_hrs",0,0,0,0,0,32,5000,TRUE,TRUE,TRUE,TRUE,"TV_Merged","PopValues","SeasonalityCurves","Cadres_Merged","Merged","Ethiopia",NA
"286","MergedModel","Merged",2031,48,"RN_hrs",0,0,0,0,0,32,5000,TRUE,TRUE,TRUE,TRUE,"TV_Merged","PopValues","SeasonalityCurves","Cadres_Merged","Merged","Ethiopia",NA
"287","MergedModel","Merged",2031,48,"UN_hrs",0,0,0,0,0,32,5000,TRUE,TRUE,TRUE,TRUE,"TV_Merged","PopValues","SeasonalityCurves","Cadres_Merged","Merged","Ethiopia",NA
"288","MergedModel","Merged",2032,48,"EH_hrs",0,0,0,0,0,32,5000,TRUE,TRUE,TRUE,TRUE,"TV_Merged","PopValues","SeasonalityCurves","Cadres_Merged","Merged","Ethiopia",NA
"289","MergedModel","Merged",2032,48,"FH_hrs",2330.39166666666,2477.67916666666,2576.29783333333,2694.95416666667,2833.91625,32,5000,TRUE,TRUE,TRUE,TRUE,"TV_Merged","PopValues","SeasonalityCurves","Cadres_Merged","Merged","Ethiopia",NA
"290","MergedModel","Merged",2032,48,"HEW_hrs",2330.39166666666,2477.67916666666,2576.29783333333,2694.95416666667,2833.91625,32,5000,TRUE,TRUE,TRUE,TRUE,"TV_Merged","PopValues","SeasonalityCurves","Cadres_Merged","Merged","Ethiopia",NA
"291","MergedModel","Merged",2032,48,"HO_hrs",0,0,0,0,0,32,5000,TRUE,TRUE,TRUE,TRUE,"TV_Merged","PopValues","SeasonalityCurves","Cadres_Merged","Merged","Ethiopia",NA
"292","MergedModel","Merged",2032,48,"MW_hrs",0,0,0,0,0,32,5000,TRUE,TRUE,TRUE,TRUE,"TV_Merged","PopValues","SeasonalityCurves","Cadres_Merged","Merged","Ethiopia",NA
"293","MergedModel","Merged",2032,48,"RN_hrs",0,0,0,0,0,32,5000,TRUE,TRUE,TRUE,TRUE,"TV_Merged","PopValues","SeasonalityCurves","Cadres_Merged","Merged","Ethiopia",NA
"294","MergedModel","Merged",2032,48,"UN_hrs",0,0,0,0,0,32,5000,TRUE,TRUE,TRUE,TRUE,"TV_Merged","PopValues","SeasonalityCurves","Cadres_Merged","Merged","Ethiopia",NA
"295","MergedModel","Merged",2033,48,"EH_hrs",0,0,0,0,0,32,5000,TRUE,TRUE,TRUE,TRUE,"TV_Merged","PopValues","SeasonalityCurves","Cadres_Merged","Merged","Ethiopia",NA
"296","MergedModel","Merged",2033,48,"FH_hrs",2362.60541666667,2485.4625,2593.18816666667,2703.49166666666,2863.77333333334,32,5000,TRUE,TRUE,TRUE,TRUE,"TV_Merged","PopValues","SeasonalityCurves","Cadres_Merged","Merged","Ethiopia",NA
"297","MergedModel","Merged",2033,48,"HEW_hrs",2362.60541666667,2485.4625,2593.18816666667,2703.49166666666,2863.77333333334,32,5000,TRUE,TRUE,TRUE,TRUE,"TV_Merged","PopValues","SeasonalityCurves","Cadres_Merged","Merged","Ethiopia",NA
"298","MergedModel","Merged",2033,48,"HO_hrs",0,0,0,0,0,32,5000,TRUE,TRUE,TRUE,TRUE,"TV_Merged","PopValues","SeasonalityCurves","Cadres_Merged","Merged","Ethiopia",NA
"299","MergedModel","Merged",2033,48,"MW_hrs",0,0,0,0,0,32,5000,TRUE,TRUE,TRUE,TRUE,"TV_Merged","PopValues","SeasonalityCurves","Cadres_Merged","Merged","Ethiopia",NA
"300","MergedModel","Merged",2033,48,"RN_hrs",0,0,0,0,0,32,5000,TRUE,TRUE,TRUE,TRUE,"TV_Merged","PopValues","SeasonalityCurves","Cadres_Merged","Merged","Ethiopia",NA
"301","MergedModel","Merged",2033,48,"UN_hrs",0,0,0,0,0,32,5000,TRUE,TRUE,TRUE,TRUE,"TV_Merged","PopValues","SeasonalityCurves","Cadres_Merged","Merged","Ethiopia",NA
"302","MergedModel","Merged",2034,48,"EH_hrs",0,0,0,0,0,32,5000,TRUE,TRUE,TRUE,TRUE,"TV_Merged","PopValues","SeasonalityCurves","Cadres_Merged","Merged","Ethiopia",NA
"303","MergedModel","Merged",2034,48,"FH_hrs",2338.61958333333,2507.73125,2606.6105,2714.71666666667,2907.37,32,5000,TRUE,TRUE,TRUE,TRUE,"TV_Merged","PopValues","SeasonalityCurves","Cadres_Merged","Merged","Ethiopia",NA
"304","MergedModel","Merged",2034,48,"HEW_hrs",2338.61958333333,2507.73125,2606.6105,2714.71666666667,2907.37,32,5000,TRUE,TRUE,TRUE,TRUE,"TV_Merged","PopValues","SeasonalityCurves","Cadres_Merged","Merged","Ethiopia",NA
"305","MergedModel","Merged",2034,48,"HO_hrs",0,0,0,0,0,32,5000,TRUE,TRUE,TRUE,TRUE,"TV_Merged","PopValues","SeasonalityCurves","Cadres_Merged","Merged","Ethiopia",NA
"306","MergedModel","Merged",2034,48,"MW_hrs",0,0,0,0,0,32,5000,TRUE,TRUE,TRUE,TRUE,"TV_Merged","PopValues","SeasonalityCurves","Cadres_Merged","Merged","Ethiopia",NA
"307","MergedModel","Merged",2034,48,"RN_hrs",0,0,0,0,0,32,5000,TRUE,TRUE,TRUE,TRUE,"TV_Merged","PopValues","SeasonalityCurves","Cadres_Merged","Merged","Ethiopia",NA
"308","MergedModel","Merged",2034,48,"UN_hrs",0,0,0,0,0,32,5000,TRUE,TRUE,TRUE,TRUE,"TV_Merged","PopValues","SeasonalityCurves","Cadres_Merged","Merged","Ethiopia",NA
"309","MergedModel","Merged",2035,48,"EH_hrs",0,0,0,0,0,32,5000,TRUE,TRUE,TRUE,TRUE,"TV_Merged","PopValues","SeasonalityCurves","Cadres_Merged","Merged","Ethiopia",NA
"310","MergedModel","Merged",2035,48,"FH_hrs",4679.92666666667,5065.7125,5244.63533333334,5423.47083333334,5862.39916666667,32,5000,TRUE,TRUE,TRUE,TRUE,"TV_Merged","PopValues","SeasonalityCurves","Cadres_Merged","Merged","Ethiopia",NA
"311","MergedModel","Merged",2035,48,"HEW_hrs",0,0,0,0,0,32,5000,TRUE,TRUE,TRUE,TRUE,"TV_Merged","PopValues","SeasonalityCurves","Cadres_Merged","Merged","Ethiopia",NA
"312","MergedModel","Merged",2035,48,"HO_hrs",0,0,0,0,0,32,5000,TRUE,TRUE,TRUE,TRUE,"TV_Merged","PopValues","SeasonalityCurves","Cadres_Merged","Merged","Ethiopia",NA
"313","MergedModel","Merged",2035,48,"MW_hrs",0,0,0,0,0,32,5000,TRUE,TRUE,TRUE,TRUE,"TV_Merged","PopValues","SeasonalityCurves","Cadres_Merged","Merged","Ethiopia",NA
"314","MergedModel","Merged",2035,48,"RN_hrs",0,0,0,0,0,32,5000,TRUE,TRUE,TRUE,TRUE,"TV_Merged","PopValues","SeasonalityCurves","Cadres_Merged","Merged","Ethiopia",NA
"315","MergedModel","Merged",2035,48,"UN_hrs",0,0,0,0,0,32,5000,TRUE,TRUE,TRUE,TRUE,"TV_Merged","PopValues","SeasonalityCurves","Cadres_Merged","Merged","Ethiopia",NA
