"","Scenario_ID","Year","Month","WeeksPerYr.x","HrsPerWeek.x","CI05","CI25","CI50","CI75","CI95","WeeksPerYr.y","HrsPerWeek.y","BaselinePop","o_PopGrowth","o_Fertility_decr","o_MHIVTB_decr","o_ChildDis_decr","sheet_TaskValues","sheet_PopValues","sheet_SeasonalityCurves","sheet_Cadre","DeliveryModel","Geography_dontedit","Notes"
"1","BasicServices",2021,1,48,32,70.1291666666666,72.6791666666667,76.2908333333333,78.8541666666667,83.2,48,32,5000,TRUE,TRUE,TRUE,TRUE,"TaskValues_basic","PopValues","SeasonalityCurves","Cadres","Basic","Ethiopia",NA
"2","BasicServices",2021,2,48,32,68.635,70.7333333333333,74.402,76.9833333333333,81.37,48,32,5000,TRUE,TRUE,TRUE,TRUE,"TaskValues_basic","PopValues","SeasonalityCurves","Cadres","Basic","Ethiopia",NA
"3","BasicServices",2021,3,48,32,65.205,67.3541666666667,70.9301666666667,73.5041666666667,77.6783333333333,48,32,5000,TRUE,TRUE,TRUE,TRUE,"TaskValues_basic","PopValues","SeasonalityCurves","Cadres","Basic","Ethiopia",NA
"4","BasicServices",2021,4,48,32,64.6825,67.0958333333333,70.5285,73.0333333333333,77.2233333333333,48,32,5000,TRUE,TRUE,TRUE,TRUE,"TaskValues_basic","PopValues","SeasonalityCurves","Cadres","Basic","Ethiopia",NA
"5","BasicServices",2021,5,48,32,64.8425,67.2375,70.669,73.1083333333333,77.3075,48,32,5000,TRUE,TRUE,TRUE,TRUE,"TaskValues_basic","PopValues","SeasonalityCurves","Cadres","Basic","Ethiopia",NA
"6","BasicServices",2021,6,48,32,65.7866666666667,68.1208333333333,71.6226666666667,74.1833333333333,78.155,48,32,5000,TRUE,TRUE,TRUE,TRUE,"TaskValues_basic","PopValues","SeasonalityCurves","Cadres","Basic","Ethiopia",NA
"7","BasicServices",2021,7,48,32,68.0216666666667,70.2958333333333,73.9061666666667,76.5458333333333,80.5966666666666,48,32,5000,TRUE,TRUE,TRUE,TRUE,"TaskValues_basic","PopValues","SeasonalityCurves","Cadres","Basic","Ethiopia",NA
"8","BasicServices",2021,8,48,32,66.5408333333333,68.5291666666667,72.2881666666667,74.7708333333333,78.8316666666667,48,32,5000,TRUE,TRUE,TRUE,TRUE,"TaskValues_basic","PopValues","SeasonalityCurves","Cadres","Basic","Ethiopia",NA
"9","BasicServices",2021,9,48,32,70.3625,72.4916666666667,76.0466666666667,79.0208333333333,82.8308333333333,48,32,5000,TRUE,TRUE,TRUE,TRUE,"TaskValues_basic","PopValues","SeasonalityCurves","Cadres","Basic","Ethiopia",NA
"10","BasicServices",2021,10,48,32,74.415,76.625,80.6221666666667,83.7625,87.71,48,32,5000,TRUE,TRUE,TRUE,TRUE,"TaskValues_basic","PopValues","SeasonalityCurves","Cadres","Basic","Ethiopia",NA
"11","BasicServices",2021,11,48,32,76.7575,79.125,82.9976666666667,86.0666666666667,90.0608333333333,48,32,5000,TRUE,TRUE,TRUE,TRUE,"TaskValues_basic","PopValues","SeasonalityCurves","Cadres","Basic","Ethiopia",NA
"12","BasicServices",2021,12,48,32,73.3108333333333,75.4458333333333,79.2011666666667,81.8333333333333,86.465,48,32,5000,TRUE,TRUE,TRUE,TRUE,"TaskValues_basic","PopValues","SeasonalityCurves","Cadres","Basic","Ethiopia",NA
"13","BasicServices",2022,1,48,32,71.4625,74.1083333333333,78.567,82.35,87.5091666666667,48,32,5000,TRUE,TRUE,TRUE,TRUE,"TaskValues_basic","PopValues","SeasonalityCurves","Cadres","Basic","Ethiopia",NA
"14","BasicServices",2022,2,48,32,69.6116666666667,72.2625,76.675,80.3,85.7183333333333,48,32,5000,TRUE,TRUE,TRUE,TRUE,"TaskValues_basic","PopValues","SeasonalityCurves","Cadres","Basic","Ethiopia",NA
"15","BasicServices",2022,3,48,32,66.1108333333333,68.9625,73.0491666666667,76.05,81.64,48,32,5000,TRUE,TRUE,TRUE,TRUE,"TaskValues_basic","PopValues","SeasonalityCurves","Cadres","Basic","Ethiopia",NA
"16","BasicServices",2022,4,48,32,64.9758333333333,67.9541666666667,71.9196666666667,74.8375,80.4791666666667,48,32,5000,TRUE,TRUE,TRUE,TRUE,"TaskValues_basic","PopValues","SeasonalityCurves","Cadres","Basic","Ethiopia",NA
"17","BasicServices",2022,5,48,32,64.995,67.9458333333333,72.0053333333333,74.9,80.5225,48,32,5000,TRUE,TRUE,TRUE,TRUE,"TaskValues_basic","PopValues","SeasonalityCurves","Cadres","Basic","Ethiopia",NA
"18","BasicServices",2022,6,48,32,65.8241666666667,68.7916666666667,72.912,75.8041666666666,81.62,48,32,5000,TRUE,TRUE,TRUE,TRUE,"TaskValues_basic","PopValues","SeasonalityCurves","Cadres","Basic","Ethiopia",NA
"19","BasicServices",2022,7,48,32,67.8283333333333,70.8083333333333,75.1473333333333,78.2625,83.9341666666667,48,32,5000,TRUE,TRUE,TRUE,TRUE,"TaskValues_basic","PopValues","SeasonalityCurves","Cadres","Basic","Ethiopia",NA
"20","BasicServices",2022,8,48,32,66.2658333333333,69.2958333333333,73.4885,76.7833333333333,82.3966666666667,48,32,5000,TRUE,TRUE,TRUE,TRUE,"TaskValues_basic","PopValues","SeasonalityCurves","Cadres","Basic","Ethiopia",NA
"21","BasicServices",2022,9,48,32,69.6083333333333,72.8583333333333,77.2403333333333,80.7125,86.2958333333333,48,32,5000,TRUE,TRUE,TRUE,TRUE,"TaskValues_basic","PopValues","SeasonalityCurves","Cadres","Basic","Ethiopia",NA
"22","BasicServices",2022,10,48,32,73.84,76.9416666666667,81.7255,85.5083333333333,91.0225,48,32,5000,TRUE,TRUE,TRUE,TRUE,"TaskValues_basic","PopValues","SeasonalityCurves","Cadres","Basic","Ethiopia",NA
"23","BasicServices",2022,11,48,32,76.1466666666666,79.3583333333333,84.1156666666667,88.1291666666667,93.7383333333333,48,32,5000,TRUE,TRUE,TRUE,TRUE,"TaskValues_basic","PopValues","SeasonalityCurves","Cadres","Basic","Ethiopia",NA
"24","BasicServices",2022,12,48,32,72.8291666666667,75.5125,80.304,84.1125,89.5325,48,32,5000,TRUE,TRUE,TRUE,TRUE,"TaskValues_basic","PopValues","SeasonalityCurves","Cadres","Basic","Ethiopia",NA
"25","BasicServices",2023,1,48,32,71.1658333333333,73.9625,79.3138333333333,83.0791666666667,89.3058333333333,48,32,5000,TRUE,TRUE,TRUE,TRUE,"TaskValues_basic","PopValues","SeasonalityCurves","Cadres","Basic","Ethiopia",NA
"26","BasicServices",2023,2,48,32,69.3625,72.0875,77.4438333333333,81.1333333333333,87.1233333333333,48,32,5000,TRUE,TRUE,TRUE,TRUE,"TaskValues_basic","PopValues","SeasonalityCurves","Cadres","Basic","Ethiopia",NA
"27","BasicServices",2023,3,48,32,65.9141666666667,68.6041666666667,73.7818333333333,77.5166666666667,83.5158333333333,48,32,5000,TRUE,TRUE,TRUE,TRUE,"TaskValues_basic","PopValues","SeasonalityCurves","Cadres","Basic","Ethiopia",NA
"28","BasicServices",2023,4,48,32,64.7658333333333,67.5083333333333,72.6588333333333,76.3041666666666,82.4191666666667,48,32,5000,TRUE,TRUE,TRUE,TRUE,"TaskValues_basic","PopValues","SeasonalityCurves","Cadres","Basic","Ethiopia",NA
"29","BasicServices",2023,5,48,32,64.9133333333333,67.6416666666667,72.7483333333333,76.3833333333333,82.5716666666666,48,32,5000,TRUE,TRUE,TRUE,TRUE,"TaskValues_basic","PopValues","SeasonalityCurves","Cadres","Basic","Ethiopia",NA
"30","BasicServices",2023,6,48,32,65.7808333333333,68.4708333333333,73.6581666666667,77.2875,83.5166666666667,48,32,5000,TRUE,TRUE,TRUE,TRUE,"TaskValues_basic","PopValues","SeasonalityCurves","Cadres","Basic","Ethiopia",NA
"31","BasicServices",2023,7,48,32,67.8,70.525,75.93,79.6291666666667,86.1858333333333,48,32,5000,TRUE,TRUE,TRUE,TRUE,"TaskValues_basic","PopValues","SeasonalityCurves","Cadres","Basic","Ethiopia",NA
"32","BasicServices",2023,8,48,32,66.4383333333333,69.1375,74.2596666666667,78.0791666666667,84.1866666666667,48,32,5000,TRUE,TRUE,TRUE,TRUE,"TaskValues_basic","PopValues","SeasonalityCurves","Cadres","Basic","Ethiopia",NA
"33","BasicServices",2023,9,48,32,69.7466666666667,72.6166666666667,78.043,81.6875,88.15,48,32,5000,TRUE,TRUE,TRUE,TRUE,"TaskValues_basic","PopValues","SeasonalityCurves","Cadres","Basic","Ethiopia",NA
"34","BasicServices",2023,10,48,32,73.595,76.9791666666667,82.5546666666667,86.8458333333333,93.0383333333333,48,32,5000,TRUE,TRUE,TRUE,TRUE,"TaskValues_basic","PopValues","SeasonalityCurves","Cadres","Basic","Ethiopia",NA
"35","BasicServices",2023,11,48,32,75.8183333333333,79.1708333333333,84.9815,89.3708333333333,95.5183333333333,48,32,5000,TRUE,TRUE,TRUE,TRUE,"TaskValues_basic","PopValues","SeasonalityCurves","Cadres","Basic","Ethiopia",NA
"36","BasicServices",2023,12,48,32,72.4958333333333,75.5583333333333,81.1851666666667,85.1125,91.8033333333333,48,32,5000,TRUE,TRUE,TRUE,TRUE,"TaskValues_basic","PopValues","SeasonalityCurves","Cadres","Basic","Ethiopia",NA
"37","BasicServices",2024,1,48,32,69.2325,74.8791666666667,80.4678333333333,85.1625,91.07,48,32,5000,TRUE,TRUE,TRUE,TRUE,"TaskValues_basic","PopValues","SeasonalityCurves","Cadres","Basic","Ethiopia",NA
"38","BasicServices",2024,2,48,32,67.6175,73.1083333333333,78.5698333333333,83.0791666666667,88.965,48,32,5000,TRUE,TRUE,TRUE,TRUE,"TaskValues_basic","PopValues","SeasonalityCurves","Cadres","Basic","Ethiopia",NA
"39","BasicServices",2024,3,48,32,64.0833333333333,70.0041666666667,74.9006666666667,78.9708333333333,85.4808333333333,48,32,5000,TRUE,TRUE,TRUE,TRUE,"TaskValues_basic","PopValues","SeasonalityCurves","Cadres","Basic","Ethiopia",NA
"40","BasicServices",2024,4,48,32,62.8833333333333,69.0166666666667,73.7248333333333,77.8333333333333,84.6183333333333,48,32,5000,TRUE,TRUE,TRUE,TRUE,"TaskValues_basic","PopValues","SeasonalityCurves","Cadres","Basic","Ethiopia",NA
"41","BasicServices",2024,5,48,32,62.945,68.9791666666667,73.8011666666667,78.0875,84.8708333333334,48,32,5000,TRUE,TRUE,TRUE,TRUE,"TaskValues_basic","PopValues","SeasonalityCurves","Cadres","Basic","Ethiopia",NA
"42","BasicServices",2024,6,48,32,63.5658333333333,69.8666666666667,74.6711666666667,78.8833333333333,85.6216666666666,48,32,5000,TRUE,TRUE,TRUE,TRUE,"TaskValues_basic","PopValues","SeasonalityCurves","Cadres","Basic","Ethiopia",NA
"43","BasicServices",2024,7,48,32,65.2958333333333,71.9416666666667,76.9278333333333,81.2583333333333,87.7441666666667,48,32,5000,TRUE,TRUE,TRUE,TRUE,"TaskValues_basic","PopValues","SeasonalityCurves","Cadres","Basic","Ethiopia",NA
"44","BasicServices",2024,8,48,32,63.8258333333333,70.075,75.2138333333333,79.4291666666667,86.3025,48,32,5000,TRUE,TRUE,TRUE,TRUE,"TaskValues_basic","PopValues","SeasonalityCurves","Cadres","Basic","Ethiopia",NA
"45","BasicServices",2024,9,48,32,66.68,73.5541666666667,78.9793333333333,83.4708333333333,89.8025,48,32,5000,TRUE,TRUE,TRUE,TRUE,"TaskValues_basic","PopValues","SeasonalityCurves","Cadres","Basic","Ethiopia",NA
"46","BasicServices",2024,10,48,32,70.285,77.9916666666666,83.4543333333333,88.3833333333333,94.5458333333333,48,32,5000,TRUE,TRUE,TRUE,TRUE,"TaskValues_basic","PopValues","SeasonalityCurves","Cadres","Basic","Ethiopia",NA
"47","BasicServices",2024,11,48,32,72.2416666666667,80.1875,85.8761666666667,91.075,97.3416666666666,48,32,5000,TRUE,TRUE,TRUE,TRUE,"TaskValues_basic","PopValues","SeasonalityCurves","Cadres","Basic","Ethiopia",NA
"48","BasicServices",2024,12,48,32,69.5375,76.7583333333333,82.0478333333333,87.1583333333333,93.2008333333333,48,32,5000,TRUE,TRUE,TRUE,TRUE,"TaskValues_basic","PopValues","SeasonalityCurves","Cadres","Basic","Ethiopia",NA
"49","BasicServices",2025,1,48,32,68.7775,75.3791666666667,81.0466666666667,86.2208333333333,91.7458333333333,48,32,5000,TRUE,TRUE,TRUE,TRUE,"TaskValues_basic","PopValues","SeasonalityCurves","Cadres","Basic","Ethiopia",NA
"50","BasicServices",2025,2,48,32,66.9825,73.7666666666667,79.1435,84.3,89.7008333333333,48,32,5000,TRUE,TRUE,TRUE,TRUE,"TaskValues_basic","PopValues","SeasonalityCurves","Cadres","Basic","Ethiopia",NA
"51","BasicServices",2025,3,48,32,63.7616666666667,70.2791666666667,75.495,80.4583333333333,85.8366666666667,48,32,5000,TRUE,TRUE,TRUE,TRUE,"TaskValues_basic","PopValues","SeasonalityCurves","Cadres","Basic","Ethiopia",NA
"52","BasicServices",2025,4,48,32,62.8216666666667,69.3791666666667,74.3481666666667,79.1708333333333,84.7391666666667,48,32,5000,TRUE,TRUE,TRUE,TRUE,"TaskValues_basic","PopValues","SeasonalityCurves","Cadres","Basic","Ethiopia",NA
"53","BasicServices",2025,5,48,32,62.8991666666667,69.425,74.4236666666667,79.2958333333333,84.8016666666667,48,32,5000,TRUE,TRUE,TRUE,TRUE,"TaskValues_basic","PopValues","SeasonalityCurves","Cadres","Basic","Ethiopia",NA
"54","BasicServices",2025,6,48,32,63.4233333333333,70.4166666666667,75.2943333333333,80.3,85.8533333333333,48,32,5000,TRUE,TRUE,TRUE,TRUE,"TaskValues_basic","PopValues","SeasonalityCurves","Cadres","Basic","Ethiopia",NA
"55","BasicServices",2025,7,48,32,65.4066666666667,72.475,77.5586666666667,82.7375,88.5058333333333,48,32,5000,TRUE,TRUE,TRUE,TRUE,"TaskValues_basic","PopValues","SeasonalityCurves","Cadres","Basic","Ethiopia",NA
"56","BasicServices",2025,8,48,32,63.9791666666667,70.7666666666667,75.8123333333333,80.9083333333333,86.33,48,32,5000,TRUE,TRUE,TRUE,TRUE,"TaskValues_basic","PopValues","SeasonalityCurves","Cadres","Basic","Ethiopia",NA
"57","BasicServices",2025,9,48,32,67.22,74.4125,79.5751666666667,85.1708333333333,90.4508333333333,48,32,5000,TRUE,TRUE,TRUE,TRUE,"TaskValues_basic","PopValues","SeasonalityCurves","Cadres","Basic","Ethiopia",NA
"58","BasicServices",2025,10,48,32,71.23,78.7625,84.0576666666667,90.2916666666667,95.5608333333333,48,32,5000,TRUE,TRUE,TRUE,TRUE,"TaskValues_basic","PopValues","SeasonalityCurves","Cadres","Basic","Ethiopia",NA
"59","BasicServices",2025,11,48,32,73.2708333333333,80.8666666666667,86.4815,92.6916666666667,98.4408333333333,48,32,5000,TRUE,TRUE,TRUE,TRUE,"TaskValues_basic","PopValues","SeasonalityCurves","Cadres","Basic","Ethiopia",NA
"60","BasicServices",2025,12,48,32,69.985,77.1583333333333,82.6228333333333,88.2333333333333,94.1708333333333,48,32,5000,TRUE,TRUE,TRUE,TRUE,"TaskValues_basic","PopValues","SeasonalityCurves","Cadres","Basic","Ethiopia",NA
"61","BasicServices",2026,1,48,32,67.6058333333333,76.1916666666667,81.6865,87.6458333333333,94.34,48,32,5000,TRUE,TRUE,TRUE,TRUE,"TaskValues_basic","PopValues","SeasonalityCurves","Cadres","Basic","Ethiopia",NA
"62","BasicServices",2026,2,48,32,65.8091666666667,74.2708333333333,79.8181666666667,85.6,92.5566666666667,48,32,5000,TRUE,TRUE,TRUE,TRUE,"TaskValues_basic","PopValues","SeasonalityCurves","Cadres","Basic","Ethiopia",NA
"63","BasicServices",2026,3,48,32,62.805,70.8583333333333,76.159,81.8,88.7583333333333,48,32,5000,TRUE,TRUE,TRUE,TRUE,"TaskValues_basic","PopValues","SeasonalityCurves","Cadres","Basic","Ethiopia",NA
"64","BasicServices",2026,4,48,32,61.9425,69.7541666666667,74.9998333333333,80.5416666666667,87.565,48,32,5000,TRUE,TRUE,TRUE,TRUE,"TaskValues_basic","PopValues","SeasonalityCurves","Cadres","Basic","Ethiopia",NA
"65","BasicServices",2026,5,48,32,61.8983333333333,69.6,75.0621666666667,80.5541666666667,87.8333333333333,48,32,5000,TRUE,TRUE,TRUE,TRUE,"TaskValues_basic","PopValues","SeasonalityCurves","Cadres","Basic","Ethiopia",NA
"66","BasicServices",2026,6,48,32,62.4025,70.5125,75.8863333333333,81.1333333333333,89.14,48,32,5000,TRUE,TRUE,TRUE,TRUE,"TaskValues_basic","PopValues","SeasonalityCurves","Cadres","Basic","Ethiopia",NA
"67","BasicServices",2026,7,48,32,63.9225,72.6541666666667,78.1538333333333,83.5416666666667,91.835,48,32,5000,TRUE,TRUE,TRUE,TRUE,"TaskValues_basic","PopValues","SeasonalityCurves","Cadres","Basic","Ethiopia",NA
"68","BasicServices",2026,8,48,32,62.5616666666667,71.1125,76.4101666666667,81.8666666666667,89.46,48,32,5000,TRUE,TRUE,TRUE,TRUE,"TaskValues_basic","PopValues","SeasonalityCurves","Cadres","Basic","Ethiopia",NA
"69","BasicServices",2026,9,48,32,65.7316666666667,74.6541666666667,80.1685,86.0416666666667,93.4041666666667,48,32,5000,TRUE,TRUE,TRUE,TRUE,"TaskValues_basic","PopValues","SeasonalityCurves","Cadres","Basic","Ethiopia",NA
"70","BasicServices",2026,10,48,32,69.9941666666667,78.7208333333333,84.5796666666667,90.9958333333333,97.5516666666667,48,32,5000,TRUE,TRUE,TRUE,TRUE,"TaskValues_basic","PopValues","SeasonalityCurves","Cadres","Basic","Ethiopia",NA
"71","BasicServices",2026,11,48,32,72.1991666666667,80.5708333333333,87.0233333333333,93.6625,100.350833333333,48,32,5000,TRUE,TRUE,TRUE,TRUE,"TaskValues_basic","PopValues","SeasonalityCurves","Cadres","Basic","Ethiopia",NA
"72","BasicServices",2026,12,48,32,68.4675,77.2208333333333,83.222,89.4,96.1683333333334,48,32,5000,TRUE,TRUE,TRUE,TRUE,"TaskValues_basic","PopValues","SeasonalityCurves","Cadres","Basic","Ethiopia",NA
"73","BasicServices",2027,1,48,32,66.7633333333333,75.0958333333333,81.8826666666667,88.2875,95.965,48,32,5000,TRUE,TRUE,TRUE,TRUE,"TaskValues_basic","PopValues","SeasonalityCurves","Cadres","Basic","Ethiopia",NA
"74","BasicServices",2027,2,48,32,64.99,73.5708333333333,79.9811666666667,86.0916666666667,93.1833333333333,48,32,5000,TRUE,TRUE,TRUE,TRUE,"TaskValues_basic","PopValues","SeasonalityCurves","Cadres","Basic","Ethiopia",NA
"75","BasicServices",2027,3,48,32,61.6416666666667,70.2083333333333,76.3671666666667,82.1708333333333,90.0866666666667,48,32,5000,TRUE,TRUE,TRUE,TRUE,"TaskValues_basic","PopValues","SeasonalityCurves","Cadres","Basic","Ethiopia",NA
"76","BasicServices",2027,4,48,32,60.6166666666667,69.2,75.2316666666667,80.875,88.8183333333333,48,32,5000,TRUE,TRUE,TRUE,TRUE,"TaskValues_basic","PopValues","SeasonalityCurves","Cadres","Basic","Ethiopia",NA
"77","BasicServices",2027,5,48,32,60.5483333333333,69.2041666666667,75.2908333333333,80.9625,89.035,48,32,5000,TRUE,TRUE,TRUE,TRUE,"TaskValues_basic","PopValues","SeasonalityCurves","Cadres","Basic","Ethiopia",NA
"78","BasicServices",2027,6,48,32,60.8641666666667,69.8208333333333,76.1273333333333,81.85,90.0941666666667,48,32,5000,TRUE,TRUE,TRUE,TRUE,"TaskValues_basic","PopValues","SeasonalityCurves","Cadres","Basic","Ethiopia",NA
"79","BasicServices",2027,7,48,32,62.595,71.8625,78.397,84.3375,93.03,48,32,5000,TRUE,TRUE,TRUE,TRUE,"TaskValues_basic","PopValues","SeasonalityCurves","Cadres","Basic","Ethiopia",NA
"80","BasicServices",2027,8,48,32,61.4025,70.3958333333333,76.635,82.5458333333333,90.6808333333333,48,32,5000,TRUE,TRUE,TRUE,TRUE,"TaskValues_basic","PopValues","SeasonalityCurves","Cadres","Basic","Ethiopia",NA
"81","BasicServices",2027,9,48,32,64.3958333333333,73.5291666666667,80.3771666666667,86.8625,94.7525,48,32,5000,TRUE,TRUE,TRUE,TRUE,"TaskValues_basic","PopValues","SeasonalityCurves","Cadres","Basic","Ethiopia",NA
"82","BasicServices",2027,10,48,32,67.5158333333333,77.2,84.7906666666667,92.1416666666667,100.16,48,32,5000,TRUE,TRUE,TRUE,TRUE,"TaskValues_basic","PopValues","SeasonalityCurves","Cadres","Basic","Ethiopia",NA
"83","BasicServices",2027,11,48,32,69.7008333333333,79.4875,87.225,94.8375,102.835,48,32,5000,TRUE,TRUE,TRUE,TRUE,"TaskValues_basic","PopValues","SeasonalityCurves","Cadres","Basic","Ethiopia",NA
"84","BasicServices",2027,12,48,32,67.2975,76.1666666666667,83.4078333333333,90.325,97.4033333333333,48,32,5000,TRUE,TRUE,TRUE,TRUE,"TaskValues_basic","PopValues","SeasonalityCurves","Cadres","Basic","Ethiopia",NA
"85","BasicServices",2028,1,48,32,66.5075,75.5583333333333,82.3526666666667,88.1333333333333,97.0925,48,32,5000,TRUE,TRUE,TRUE,TRUE,"TaskValues_basic","PopValues","SeasonalityCurves","Cadres","Basic","Ethiopia",NA
"86","BasicServices",2028,2,48,32,64.1025,74.2916666666667,80.4918333333333,86.125,94.7708333333333,48,32,5000,TRUE,TRUE,TRUE,TRUE,"TaskValues_basic","PopValues","SeasonalityCurves","Cadres","Basic","Ethiopia",NA
"87","BasicServices",2028,3,48,32,59.8241666666667,70.7541666666667,76.8971666666667,82.5125,90.8666666666667,48,32,5000,TRUE,TRUE,TRUE,TRUE,"TaskValues_basic","PopValues","SeasonalityCurves","Cadres","Basic","Ethiopia",NA
"88","BasicServices",2028,4,48,32,58.8291666666667,69.7583333333333,75.7633333333333,81.5041666666667,89.7833333333333,48,32,5000,TRUE,TRUE,TRUE,TRUE,"TaskValues_basic","PopValues","SeasonalityCurves","Cadres","Basic","Ethiopia",NA
"89","BasicServices",2028,5,48,32,58.69,69.8666666666667,75.8061666666667,81.5916666666667,89.9816666666667,48,32,5000,TRUE,TRUE,TRUE,TRUE,"TaskValues_basic","PopValues","SeasonalityCurves","Cadres","Basic","Ethiopia",NA
"90","BasicServices",2028,6,48,32,59.3058333333333,70.3166666666666,76.6668333333333,82.8458333333333,91.2116666666667,48,32,5000,TRUE,TRUE,TRUE,TRUE,"TaskValues_basic","PopValues","SeasonalityCurves","Cadres","Basic","Ethiopia",NA
"91","BasicServices",2028,7,48,32,60.7291666666667,72.2208333333333,78.93,85.0625,94.1291666666667,48,32,5000,TRUE,TRUE,TRUE,TRUE,"TaskValues_basic","PopValues","SeasonalityCurves","Cadres","Basic","Ethiopia",NA
"92","BasicServices",2028,8,48,32,59.7491666666667,70.8583333333333,77.1658333333333,83.5416666666667,91.6716666666667,48,32,5000,TRUE,TRUE,TRUE,TRUE,"TaskValues_basic","PopValues","SeasonalityCurves","Cadres","Basic","Ethiopia",NA
"93","BasicServices",2028,9,48,32,63.0675,73.8875,80.9005,86.7791666666667,96.2591666666667,48,32,5000,TRUE,TRUE,TRUE,TRUE,"TaskValues_basic","PopValues","SeasonalityCurves","Cadres","Basic","Ethiopia",NA
"94","BasicServices",2028,10,48,32,67.2325,78.5375,85.3213333333333,91.9208333333333,101.135833333333,48,32,5000,TRUE,TRUE,TRUE,TRUE,"TaskValues_basic","PopValues","SeasonalityCurves","Cadres","Basic","Ethiopia",NA
"95","BasicServices",2028,11,48,32,69.5483333333333,80.9541666666667,87.7535,94.5125,103.385833333333,48,32,5000,TRUE,TRUE,TRUE,TRUE,"TaskValues_basic","PopValues","SeasonalityCurves","Cadres","Basic","Ethiopia",NA
"96","BasicServices",2028,12,48,32,66.5208333333333,76.5791666666667,83.9498333333333,90.4083333333333,98.725,48,32,5000,TRUE,TRUE,TRUE,TRUE,"TaskValues_basic","PopValues","SeasonalityCurves","Cadres","Basic","Ethiopia",NA
"97","BasicServices",2029,1,48,32,65.4583333333333,75.7666666666667,83.0883333333333,90.925,98.5108333333333,48,32,5000,TRUE,TRUE,TRUE,TRUE,"TaskValues_basic","PopValues","SeasonalityCurves","Cadres","Basic","Ethiopia",NA
"98","BasicServices",2029,2,48,32,63.5191666666667,74.1458333333333,81.2428333333333,88.675,96.8483333333333,48,32,5000,TRUE,TRUE,TRUE,TRUE,"TaskValues_basic","PopValues","SeasonalityCurves","Cadres","Basic","Ethiopia",NA
"99","BasicServices",2029,3,48,32,60.9858333333333,70.9708333333333,77.6691666666667,84.3625,93.7175,48,32,5000,TRUE,TRUE,TRUE,TRUE,"TaskValues_basic","PopValues","SeasonalityCurves","Cadres","Basic","Ethiopia",NA
"100","BasicServices",2029,4,48,32,60.1741666666667,69.9333333333333,76.5375,83.1875,92.3733333333333,48,32,5000,TRUE,TRUE,TRUE,TRUE,"TaskValues_basic","PopValues","SeasonalityCurves","Cadres","Basic","Ethiopia",NA
"101","BasicServices",2029,5,48,32,60.1741666666667,69.9583333333333,76.5758333333333,82.975,92.6116666666666,48,32,5000,TRUE,TRUE,TRUE,TRUE,"TaskValues_basic","PopValues","SeasonalityCurves","Cadres","Basic","Ethiopia",NA
"102","BasicServices",2029,6,48,32,60.66,70.6583333333333,77.411,83.6875,93.6841666666667,48,32,5000,TRUE,TRUE,TRUE,TRUE,"TaskValues_basic","PopValues","SeasonalityCurves","Cadres","Basic","Ethiopia",NA
"103","BasicServices",2029,7,48,32,62.0466666666666,72.7791666666667,79.678,86.1583333333333,96.7675,48,32,5000,TRUE,TRUE,TRUE,TRUE,"TaskValues_basic","PopValues","SeasonalityCurves","Cadres","Basic","Ethiopia",NA
"104","BasicServices",2029,8,48,32,60.8625,70.9375,77.8805,84.475,94.0341666666667,48,32,5000,TRUE,TRUE,TRUE,TRUE,"TaskValues_basic","PopValues","SeasonalityCurves","Cadres","Basic","Ethiopia",NA
"105","BasicServices",2029,9,48,32,63.4633333333333,74.125,81.5986666666667,88.8583333333333,98.7091666666667,48,32,5000,TRUE,TRUE,TRUE,TRUE,"TaskValues_basic","PopValues","SeasonalityCurves","Cadres","Basic","Ethiopia",NA
"106","BasicServices",2029,10,48,32,67.5,78.6583333333333,86.0005,93.6916666666666,102.235,48,32,5000,TRUE,TRUE,TRUE,TRUE,"TaskValues_basic","PopValues","SeasonalityCurves","Cadres","Basic","Ethiopia",NA
"107","BasicServices",2029,11,48,32,69.525,80.7,88.429,96.7583333333333,104.365833333333,48,32,5000,TRUE,TRUE,TRUE,TRUE,"TaskValues_basic","PopValues","SeasonalityCurves","Cadres","Basic","Ethiopia",NA
"108","BasicServices",2029,12,48,32,65.9508333333333,76.6958333333333,84.6015,92.7208333333333,100.9375,48,32,5000,TRUE,TRUE,TRUE,TRUE,"TaskValues_basic","PopValues","SeasonalityCurves","Cadres","Basic","Ethiopia",NA
"109","BasicServices",2030,1,48,32,63.9533333333333,75.6625,83.7148333333333,92.0208333333333,103.433333333333,48,32,5000,TRUE,TRUE,TRUE,TRUE,"TaskValues_basic","PopValues","SeasonalityCurves","Cadres","Basic","Ethiopia",NA
"110","BasicServices",2030,2,48,32,62.0733333333333,74.3208333333333,81.8813333333333,89.7083333333333,100.225,48,32,5000,TRUE,TRUE,TRUE,TRUE,"TaskValues_basic","PopValues","SeasonalityCurves","Cadres","Basic","Ethiopia",NA
"111","BasicServices",2030,3,48,32,59.4075,71.4708333333333,78.3266666666667,85.7541666666667,95.925,48,32,5000,TRUE,TRUE,TRUE,TRUE,"TaskValues_basic","PopValues","SeasonalityCurves","Cadres","Basic","Ethiopia",NA
"112","BasicServices",2030,4,48,32,58.6325,70.6083333333333,77.2056666666667,84.5875,95.065,48,32,5000,TRUE,TRUE,TRUE,TRUE,"TaskValues_basic","PopValues","SeasonalityCurves","Cadres","Basic","Ethiopia",NA
"113","BasicServices",2030,5,48,32,58.6391666666667,70.5125,77.2516666666667,84.5333333333334,94.8358333333333,48,32,5000,TRUE,TRUE,TRUE,TRUE,"TaskValues_basic","PopValues","SeasonalityCurves","Cadres","Basic","Ethiopia",NA
"114","BasicServices",2030,6,48,32,59.0658333333333,71.075,78.0846666666667,85.4333333333334,95.6458333333333,48,32,5000,TRUE,TRUE,TRUE,TRUE,"TaskValues_basic","PopValues","SeasonalityCurves","Cadres","Basic","Ethiopia",NA
"115","BasicServices",2030,7,48,32,60.9783333333333,72.9333333333333,80.3926666666667,87.7458333333333,97.7466666666666,48,32,5000,TRUE,TRUE,TRUE,TRUE,"TaskValues_basic","PopValues","SeasonalityCurves","Cadres","Basic","Ethiopia",NA
"116","BasicServices",2030,8,48,32,59.5775,71.3333333333333,78.5573333333333,86.0041666666667,95.8316666666666,48,32,5000,TRUE,TRUE,TRUE,TRUE,"TaskValues_basic","PopValues","SeasonalityCurves","Cadres","Basic","Ethiopia",NA
"117","BasicServices",2030,9,48,32,62.785,74.2416666666667,82.2936666666667,89.7708333333333,100.415833333333,48,32,5000,TRUE,TRUE,TRUE,TRUE,"TaskValues_basic","PopValues","SeasonalityCurves","Cadres","Basic","Ethiopia",NA
"118","BasicServices",2030,10,48,32,66.8833333333333,77.9291666666667,86.7043333333333,94.5083333333333,106.518333333333,48,32,5000,TRUE,TRUE,TRUE,TRUE,"TaskValues_basic","PopValues","SeasonalityCurves","Cadres","Basic","Ethiopia",NA
"119","BasicServices",2030,11,48,32,68.825,79.7833333333333,89.1488333333333,97.4416666666667,108.898333333333,48,32,5000,TRUE,TRUE,TRUE,TRUE,"TaskValues_basic","PopValues","SeasonalityCurves","Cadres","Basic","Ethiopia",NA
"120","BasicServices",2030,12,48,32,65.5325,76.5166666666667,85.2878333333333,93.9875,105.495,48,32,5000,TRUE,TRUE,TRUE,TRUE,"TaskValues_basic","PopValues","SeasonalityCurves","Cadres","Basic","Ethiopia",NA
"121","BasicServices",2031,1,48,32,65.3991666666667,74.6625,84.3188333333333,92.4958333333333,102.358333333333,48,32,5000,TRUE,TRUE,TRUE,TRUE,"TaskValues_basic","PopValues","SeasonalityCurves","Cadres","Basic","Ethiopia",NA
"122","BasicServices",2031,2,48,32,63.64,73.0916666666667,82.5065,90.55,100.115,48,32,5000,TRUE,TRUE,TRUE,TRUE,"TaskValues_basic","PopValues","SeasonalityCurves","Cadres","Basic","Ethiopia",NA
"123","BasicServices",2031,3,48,32,60.775,70.2916666666667,78.9658333333333,86.6625,96.7508333333333,48,32,5000,TRUE,TRUE,TRUE,TRUE,"TaskValues_basic","PopValues","SeasonalityCurves","Cadres","Basic","Ethiopia",NA
"124","BasicServices",2031,4,48,32,59.7525,69.4583333333333,77.8431666666667,85.1458333333334,95.7133333333333,48,32,5000,TRUE,TRUE,TRUE,TRUE,"TaskValues_basic","PopValues","SeasonalityCurves","Cadres","Basic","Ethiopia",NA
"125","BasicServices",2031,5,48,32,59.815,69.425,77.8846666666667,85.2791666666667,95.7708333333333,48,32,5000,TRUE,TRUE,TRUE,TRUE,"TaskValues_basic","PopValues","SeasonalityCurves","Cadres","Basic","Ethiopia",NA
"126","BasicServices",2031,6,48,32,60.6575,69.975,78.7376666666667,86.3875,96.6233333333333,48,32,5000,TRUE,TRUE,TRUE,TRUE,"TaskValues_basic","PopValues","SeasonalityCurves","Cadres","Basic","Ethiopia",NA
"127","BasicServices",2031,7,48,32,62.52,72.2208333333333,81.0648333333333,89.1625,99.3975,48,32,5000,TRUE,TRUE,TRUE,TRUE,"TaskValues_basic","PopValues","SeasonalityCurves","Cadres","Basic","Ethiopia",NA
"128","BasicServices",2031,8,48,32,60.9475,70.2875,79.2066666666667,87.3375,97.0558333333333,48,32,5000,TRUE,TRUE,TRUE,TRUE,"TaskValues_basic","PopValues","SeasonalityCurves","Cadres","Basic","Ethiopia",NA
"129","BasicServices",2031,9,48,32,63.9966666666667,73.5375,82.9715,91.5791666666667,101.254166666667,48,32,5000,TRUE,TRUE,TRUE,TRUE,"TaskValues_basic","PopValues","SeasonalityCurves","Cadres","Basic","Ethiopia",NA
"130","BasicServices",2031,10,48,32,67.4066666666667,77.725,87.4131666666667,96.6666666666667,106.038333333333,48,32,5000,TRUE,TRUE,TRUE,TRUE,"TaskValues_basic","PopValues","SeasonalityCurves","Cadres","Basic","Ethiopia",NA
"131","BasicServices",2031,11,48,32,69.5275,79.6125,89.8751666666667,99.4916666666667,109.414166666667,48,32,5000,TRUE,TRUE,TRUE,TRUE,"TaskValues_basic","PopValues","SeasonalityCurves","Cadres","Basic","Ethiopia",NA
"132","BasicServices",2031,12,48,32,66.4008333333333,76.1583333333333,85.9706666666667,95.2416666666667,105.083333333333,48,32,5000,TRUE,TRUE,TRUE,TRUE,"TaskValues_basic","PopValues","SeasonalityCurves","Cadres","Basic","Ethiopia",NA
"133","BasicServices",2032,1,48,32,65.38,76.0041666666667,84.8875,93.6625,103.145833333333,48,32,5000,TRUE,TRUE,TRUE,TRUE,"TaskValues_basic","PopValues","SeasonalityCurves","Cadres","Basic","Ethiopia",NA
"134","BasicServices",2032,2,48,32,63.7891666666667,74.8083333333333,83.0653333333333,91.8541666666667,101.5425,48,32,5000,TRUE,TRUE,TRUE,TRUE,"TaskValues_basic","PopValues","SeasonalityCurves","Cadres","Basic","Ethiopia",NA
"135","BasicServices",2032,3,48,32,60.8966666666667,72.1708333333333,79.5541666666667,87.9333333333334,98.4916666666667,48,32,5000,TRUE,TRUE,TRUE,TRUE,"TaskValues_basic","PopValues","SeasonalityCurves","Cadres","Basic","Ethiopia",NA
"136","BasicServices",2032,4,48,32,60.0641666666667,71.3125,78.4533333333333,86.6666666666667,97.1925,48,32,5000,TRUE,TRUE,TRUE,TRUE,"TaskValues_basic","PopValues","SeasonalityCurves","Cadres","Basic","Ethiopia",NA
"137","BasicServices",2032,5,48,32,60.16,71.3333333333333,78.486,86.6833333333334,97.1141666666667,48,32,5000,TRUE,TRUE,TRUE,TRUE,"TaskValues_basic","PopValues","SeasonalityCurves","Cadres","Basic","Ethiopia",NA
"138","BasicServices",2032,6,48,32,61.0166666666667,71.775,79.3195,87.925,98.435,48,32,5000,TRUE,TRUE,TRUE,TRUE,"TaskValues_basic","PopValues","SeasonalityCurves","Cadres","Basic","Ethiopia",NA
"139","BasicServices",2032,7,48,32,63.0766666666667,73.7083333333333,81.6731666666667,90.6041666666667,101.285,48,32,5000,TRUE,TRUE,TRUE,TRUE,"TaskValues_basic","PopValues","SeasonalityCurves","Cadres","Basic","Ethiopia",NA
"140","BasicServices",2032,8,48,32,61.2608333333333,71.9,79.7308333333333,88.2791666666667,98.6633333333333,48,32,5000,TRUE,TRUE,TRUE,TRUE,"TaskValues_basic","PopValues","SeasonalityCurves","Cadres","Basic","Ethiopia",NA
"141","BasicServices",2032,9,48,32,64.5691666666667,74.7333333333333,83.5218333333333,92.5333333333333,102.634166666667,48,32,5000,TRUE,TRUE,TRUE,TRUE,"TaskValues_basic","PopValues","SeasonalityCurves","Cadres","Basic","Ethiopia",NA
"142","BasicServices",2032,10,48,32,68.6633333333333,78.1291666666667,87.9483333333333,97.825,107.280833333333,48,32,5000,TRUE,TRUE,TRUE,TRUE,"TaskValues_basic","PopValues","SeasonalityCurves","Cadres","Basic","Ethiopia",NA
"143","BasicServices",2032,11,48,32,70.6358333333333,80.2375,90.4301666666667,100.4375,110.299166666667,48,32,5000,TRUE,TRUE,TRUE,TRUE,"TaskValues_basic","PopValues","SeasonalityCurves","Cadres","Basic","Ethiopia",NA
"144","BasicServices",2032,12,48,32,66.7791666666667,76.8666666666666,86.4146666666667,96.0375,106.074166666667,48,32,5000,TRUE,TRUE,TRUE,TRUE,"TaskValues_basic","PopValues","SeasonalityCurves","Cadres","Basic","Ethiopia",NA
"145","BasicServices",2033,1,48,32,64.135,74.9416666666667,85.2258333333333,93.65,107.236666666667,48,32,5000,TRUE,TRUE,TRUE,TRUE,"TaskValues_basic","PopValues","SeasonalityCurves","Cadres","Basic","Ethiopia",NA
"146","BasicServices",2033,2,48,32,62.6683333333333,73.6125,83.44,91.2166666666667,105.916666666667,48,32,5000,TRUE,TRUE,TRUE,TRUE,"TaskValues_basic","PopValues","SeasonalityCurves","Cadres","Basic","Ethiopia",NA
"147","BasicServices",2033,3,48,32,59.3675,71.05,79.9188333333333,87.6958333333333,102.360833333333,48,32,5000,TRUE,TRUE,TRUE,TRUE,"TaskValues_basic","PopValues","SeasonalityCurves","Cadres","Basic","Ethiopia",NA
"148","BasicServices",2033,4,48,32,58.3225,70.1458333333333,78.8146666666667,86.6541666666667,101.264166666667,48,32,5000,TRUE,TRUE,TRUE,TRUE,"TaskValues_basic","PopValues","SeasonalityCurves","Cadres","Basic","Ethiopia",NA
"149","BasicServices",2033,5,48,32,58.265,70.0791666666667,78.864,86.75,101.265833333333,48,32,5000,TRUE,TRUE,TRUE,TRUE,"TaskValues_basic","PopValues","SeasonalityCurves","Cadres","Basic","Ethiopia",NA
"150","BasicServices",2033,6,48,32,59.0058333333333,71.0208333333333,79.7318333333333,87.4916666666667,102.125833333333,48,32,5000,TRUE,TRUE,TRUE,TRUE,"TaskValues_basic","PopValues","SeasonalityCurves","Cadres","Basic","Ethiopia",NA
"151","BasicServices",2033,7,48,32,60.7558333333333,72.9333333333333,82.1483333333333,90.3,104.8275,48,32,5000,TRUE,TRUE,TRUE,TRUE,"TaskValues_basic","PopValues","SeasonalityCurves","Cadres","Basic","Ethiopia",NA
"152","BasicServices",2033,8,48,32,59.3158333333333,71.1333333333333,80.163,88.075,102.389166666667,48,32,5000,TRUE,TRUE,TRUE,TRUE,"TaskValues_basic","PopValues","SeasonalityCurves","Cadres","Basic","Ethiopia",NA
"153","BasicServices",2033,9,48,32,62.445,74.8875,84.0231666666667,92.0541666666667,106.619166666667,48,32,5000,TRUE,TRUE,TRUE,TRUE,"TaskValues_basic","PopValues","SeasonalityCurves","Cadres","Basic","Ethiopia",NA
"154","BasicServices",2033,10,48,32,66.3141666666667,78.6041666666667,88.5355,97.5416666666667,111.269166666667,48,32,5000,TRUE,TRUE,TRUE,TRUE,"TaskValues_basic","PopValues","SeasonalityCurves","Cadres","Basic","Ethiopia",NA
"155","BasicServices",2033,11,48,32,68.4416666666667,80.6875,91.0505,100.5875,114.055,48,32,5000,TRUE,TRUE,TRUE,TRUE,"TaskValues_basic","PopValues","SeasonalityCurves","Cadres","Basic","Ethiopia",NA
"156","BasicServices",2033,12,48,32,65.25,76.8041666666667,86.9526666666667,95.3791666666667,109.2525,48,32,5000,TRUE,TRUE,TRUE,TRUE,"TaskValues_basic","PopValues","SeasonalityCurves","Cadres","Basic","Ethiopia",NA
"157","BasicServices",2034,1,48,32,63.7616666666667,76.4833333333333,85.9585,94.5541666666667,107.013333333333,48,32,5000,TRUE,TRUE,TRUE,TRUE,"TaskValues_basic","PopValues","SeasonalityCurves","Cadres","Basic","Ethiopia",NA
"158","BasicServices",2034,2,48,32,62.2483333333333,74.8625,84.1648333333333,92.6666666666667,105.6175,48,32,5000,TRUE,TRUE,TRUE,TRUE,"TaskValues_basic","PopValues","SeasonalityCurves","Cadres","Basic","Ethiopia",NA
"159","BasicServices",2034,3,48,32,59.12,71.9291666666666,80.6818333333333,88.6083333333333,102.455833333333,48,32,5000,TRUE,TRUE,TRUE,TRUE,"TaskValues_basic","PopValues","SeasonalityCurves","Cadres","Basic","Ethiopia",NA
"160","BasicServices",2034,4,48,32,58.1691666666667,71.1125,79.5831666666667,87.3125,101.389166666667,48,32,5000,TRUE,TRUE,TRUE,TRUE,"TaskValues_basic","PopValues","SeasonalityCurves","Cadres","Basic","Ethiopia",NA
"161","BasicServices",2034,5,48,32,58.1366666666667,71.1708333333333,79.6096666666667,87.2875,101.346666666667,48,32,5000,TRUE,TRUE,TRUE,TRUE,"TaskValues_basic","PopValues","SeasonalityCurves","Cadres","Basic","Ethiopia",NA
"162","BasicServices",2034,6,48,32,58.94,71.75,80.4698333333333,87.825,102.060833333333,48,32,5000,TRUE,TRUE,TRUE,TRUE,"TaskValues_basic","PopValues","SeasonalityCurves","Cadres","Basic","Ethiopia",NA
"163","BasicServices",2034,7,48,32,60.7191666666667,74.0708333333333,82.8591666666667,90.4458333333333,104.67,48,32,5000,TRUE,TRUE,TRUE,TRUE,"TaskValues_basic","PopValues","SeasonalityCurves","Cadres","Basic","Ethiopia",NA
"164","BasicServices",2034,8,48,32,59.3983333333333,72.0583333333333,80.8438333333333,88.1583333333333,102.279166666667,48,32,5000,TRUE,TRUE,TRUE,TRUE,"TaskValues_basic","PopValues","SeasonalityCurves","Cadres","Basic","Ethiopia",NA
"165","BasicServices",2034,9,48,32,62.5308333333333,75.4291666666667,84.6741666666667,92.6,106.115,48,32,5000,TRUE,TRUE,TRUE,TRUE,"TaskValues_basic","PopValues","SeasonalityCurves","Cadres","Basic","Ethiopia",NA
"166","BasicServices",2034,10,48,32,66.3441666666667,78.4916666666666,89.148,97.6583333333333,111.985833333333,48,32,5000,TRUE,TRUE,TRUE,TRUE,"TaskValues_basic","PopValues","SeasonalityCurves","Cadres","Basic","Ethiopia",NA
"167","BasicServices",2034,11,48,32,68.4108333333333,80.9958333333333,91.654,100.7125,114.813333333333,48,32,5000,TRUE,TRUE,TRUE,TRUE,"TaskValues_basic","PopValues","SeasonalityCurves","Cadres","Basic","Ethiopia",NA
"168","BasicServices",2034,12,48,32,65.245,77.7666666666667,87.5325,96.0083333333334,108.790833333333,48,32,5000,TRUE,TRUE,TRUE,TRUE,"TaskValues_basic","PopValues","SeasonalityCurves","Cadres","Basic","Ethiopia",NA
"169","BasicServices",2035,1,48,32,63.845,75.825,86.4015,94.0833333333333,109.698333333333,48,32,5000,TRUE,TRUE,TRUE,TRUE,"TaskValues_basic","PopValues","SeasonalityCurves","Cadres","Basic","Ethiopia",NA
"170","BasicServices",2035,2,48,32,62.1375,74.6208333333333,84.6293333333333,91.8333333333333,107.553333333333,48,32,5000,TRUE,TRUE,TRUE,TRUE,"TaskValues_basic","PopValues","SeasonalityCurves","Cadres","Basic","Ethiopia",NA
"171","BasicServices",2035,3,48,32,59.145,72.2291666666667,81.1828333333333,87.7625,104.031666666667,48,32,5000,TRUE,TRUE,TRUE,TRUE,"TaskValues_basic","PopValues","SeasonalityCurves","Cadres","Basic","Ethiopia",NA
"172","BasicServices",2035,4,48,32,58.2258333333333,71.225,80.1126666666667,86.5291666666667,102.8075,48,32,5000,TRUE,TRUE,TRUE,TRUE,"TaskValues_basic","PopValues","SeasonalityCurves","Cadres","Basic","Ethiopia",NA
"173","BasicServices",2035,5,48,32,58.2416666666667,71.3666666666667,80.1356666666667,86.4833333333333,102.835833333333,48,32,5000,TRUE,TRUE,TRUE,TRUE,"TaskValues_basic","PopValues","SeasonalityCurves","Cadres","Basic","Ethiopia",NA
"174","BasicServices",2035,6,48,32,58.7608333333333,71.7416666666667,81.0056666666667,87.825,103.369166666667,48,32,5000,TRUE,TRUE,TRUE,TRUE,"TaskValues_basic","PopValues","SeasonalityCurves","Cadres","Basic","Ethiopia",NA
"175","BasicServices",2035,7,48,32,60.5608333333333,73.9916666666667,83.4033333333333,90.8833333333333,105.92,48,32,5000,TRUE,TRUE,TRUE,TRUE,"TaskValues_basic","PopValues","SeasonalityCurves","Cadres","Basic","Ethiopia",NA
"176","BasicServices",2035,8,48,32,59.0875,72.0416666666667,81.3681666666667,88.2625,103.415833333333,48,32,5000,TRUE,TRUE,TRUE,TRUE,"TaskValues_basic","PopValues","SeasonalityCurves","Cadres","Basic","Ethiopia",NA
"177","BasicServices",2035,9,48,32,62.0783333333333,75.1708333333333,85.192,92.5541666666667,107.666666666667,48,32,5000,TRUE,TRUE,TRUE,TRUE,"TaskValues_basic","PopValues","SeasonalityCurves","Cadres","Basic","Ethiopia",NA
"178","BasicServices",2035,10,48,32,67.3375,78.9041666666667,89.676,99.3166666666667,114.2075,48,32,5000,TRUE,TRUE,TRUE,TRUE,"TaskValues_basic","PopValues","SeasonalityCurves","Cadres","Basic","Ethiopia",NA
"179","BasicServices",2035,11,48,32,69.81,80.9375,92.1746666666667,102.520833333333,117.033333333333,48,32,5000,TRUE,TRUE,TRUE,TRUE,"TaskValues_basic","PopValues","SeasonalityCurves","Cadres","Basic","Ethiopia",NA
"180","BasicServices",2035,12,48,32,64.4233333333333,77.2333333333333,88.0336666666667,96.3208333333333,111.735833333333,48,32,5000,TRUE,TRUE,TRUE,TRUE,"TaskValues_basic","PopValues","SeasonalityCurves","Cadres","Basic","Ethiopia",NA
"181","Expanded",2021,1,48,32,74.5633333333333,77.1083333333333,80.1455,82.3791666666667,86.2158333333333,48,32,5000,TRUE,TRUE,TRUE,TRUE,"TaskValues_ref","PopValues","SeasonalityCurves","Cadres","Expanded","Ethiopia",NA
"182","Expanded",2021,2,48,32,72.9233333333333,75.2666666666667,78.2936666666667,80.6333333333333,84.455,48,32,5000,TRUE,TRUE,TRUE,TRUE,"TaskValues_ref","PopValues","SeasonalityCurves","Cadres","Expanded","Ethiopia",NA
"183","Expanded",2021,3,48,32,69.2633333333333,71.9916666666667,74.864,77.1458333333333,80.8008333333334,48,32,5000,TRUE,TRUE,TRUE,TRUE,"TaskValues_ref","PopValues","SeasonalityCurves","Cadres","Expanded","Ethiopia",NA
"184","Expanded",2021,4,48,32,68.7816666666667,71.5625,74.4626666666667,76.725,80.2108333333333,48,32,5000,TRUE,TRUE,TRUE,TRUE,"TaskValues_ref","PopValues","SeasonalityCurves","Cadres","Expanded","Ethiopia",NA
"185","Expanded",2021,5,48,32,69.01,71.6791666666667,74.5888333333333,76.8958333333333,80.1358333333333,48,32,5000,TRUE,TRUE,TRUE,TRUE,"TaskValues_ref","PopValues","SeasonalityCurves","Cadres","Expanded","Ethiopia",NA
"186","Expanded",2021,6,48,32,69.8833333333333,72.525,75.535,77.725,81.2183333333333,48,32,5000,TRUE,TRUE,TRUE,TRUE,"TaskValues_ref","PopValues","SeasonalityCurves","Cadres","Expanded","Ethiopia",NA
"187","Expanded",2021,7,48,32,71.96,74.7208333333333,77.7841666666667,79.975,83.5525,48,32,5000,TRUE,TRUE,TRUE,TRUE,"TaskValues_ref","PopValues","SeasonalityCurves","Cadres","Expanded","Ethiopia",NA
"188","Expanded",2021,8,48,32,70.5641666666667,73.3041666666667,76.1735,78.5833333333333,81.7825,48,32,5000,TRUE,TRUE,TRUE,TRUE,"TaskValues_ref","PopValues","SeasonalityCurves","Cadres","Expanded","Ethiopia",NA
"189","Expanded",2021,9,48,32,74.2566666666666,76.9416666666667,79.8578333333333,81.9958333333333,85.8366666666667,48,32,5000,TRUE,TRUE,TRUE,TRUE,"TaskValues_ref","PopValues","SeasonalityCurves","Cadres","Expanded","Ethiopia",NA
"190","Expanded",2021,10,48,32,78.8433333333333,81.05,84.4153333333333,86.475,91.2425,48,32,5000,TRUE,TRUE,TRUE,TRUE,"TaskValues_ref","PopValues","SeasonalityCurves","Cadres","Expanded","Ethiopia",NA
"191","Expanded",2021,11,48,32,81.105,83.65,86.7303333333333,88.8833333333333,93.9,48,32,5000,TRUE,TRUE,TRUE,TRUE,"TaskValues_ref","PopValues","SeasonalityCurves","Cadres","Expanded","Ethiopia",NA
"192","Expanded",2021,12,48,32,77.5916666666667,80.2166666666666,82.9871666666667,84.925,89.4375,48,32,5000,TRUE,TRUE,TRUE,TRUE,"TaskValues_ref","PopValues","SeasonalityCurves","Cadres","Expanded","Ethiopia",NA
"193","Expanded",2022,1,48,32,76.0208333333333,79.7291666666667,82.5711666666667,84.7625,89.5325,48,32,5000,TRUE,TRUE,TRUE,TRUE,"TaskValues_ref","PopValues","SeasonalityCurves","Cadres","Expanded","Ethiopia",NA
"194","Expanded",2022,2,48,32,74.2608333333333,77.8666666666666,80.732,83.0333333333333,87.4741666666667,48,32,5000,TRUE,TRUE,TRUE,TRUE,"TaskValues_ref","PopValues","SeasonalityCurves","Cadres","Expanded","Ethiopia",NA
"195","Expanded",2022,3,48,32,70.7641666666667,74.4041666666666,77.111,79.6541666666667,83.3583333333333,48,32,5000,TRUE,TRUE,TRUE,TRUE,"TaskValues_ref","PopValues","SeasonalityCurves","Cadres","Expanded","Ethiopia",NA
"196","Expanded",2022,4,48,32,69.705,73.2583333333333,75.9721666666667,78.6833333333333,82.0325,48,32,5000,TRUE,TRUE,TRUE,TRUE,"TaskValues_ref","PopValues","SeasonalityCurves","Cadres","Expanded","Ethiopia",NA
"197","Expanded",2022,5,48,32,69.8166666666666,73.375,76.0638333333333,78.6708333333333,82.0775,48,32,5000,TRUE,TRUE,TRUE,TRUE,"TaskValues_ref","PopValues","SeasonalityCurves","Cadres","Expanded","Ethiopia",NA
"198","Expanded",2022,6,48,32,70.2925,74.2791666666667,76.962,79.7416666666667,82.9925,48,32,5000,TRUE,TRUE,TRUE,TRUE,"TaskValues_ref","PopValues","SeasonalityCurves","Cadres","Expanded","Ethiopia",NA
"199","Expanded",2022,7,48,32,72.345,76.4125,79.1843333333333,82.0416666666667,85.585,48,32,5000,TRUE,TRUE,TRUE,TRUE,"TaskValues_ref","PopValues","SeasonalityCurves","Cadres","Expanded","Ethiopia",NA
"200","Expanded",2022,8,48,32,70.9625,74.8125,77.5773333333333,80.125,83.7566666666667,48,32,5000,TRUE,TRUE,TRUE,TRUE,"TaskValues_ref","PopValues","SeasonalityCurves","Cadres","Expanded","Ethiopia",NA
"201","Expanded",2022,9,48,32,74.5441666666666,78.4166666666667,81.271,83.75,88.015,48,32,5000,TRUE,TRUE,TRUE,TRUE,"TaskValues_ref","PopValues","SeasonalityCurves","Cadres","Expanded","Ethiopia",NA
"202","Expanded",2022,10,48,32,78.57,83.0166666666667,85.7458333333333,88.1875,93.4575,48,32,5000,TRUE,TRUE,TRUE,TRUE,"TaskValues_ref","PopValues","SeasonalityCurves","Cadres","Expanded","Ethiopia",NA
"203","Expanded",2022,11,48,32,80.6758333333333,85.2708333333333,88.1126666666667,90.5,96.1575,48,32,5000,TRUE,TRUE,TRUE,TRUE,"TaskValues_ref","PopValues","SeasonalityCurves","Cadres","Expanded","Ethiopia",NA
"204","Expanded",2022,12,48,32,76.9741666666667,81.4291666666667,84.3935,86.8625,91.76,48,32,5000,TRUE,TRUE,TRUE,TRUE,"TaskValues_ref","PopValues","SeasonalityCurves","Cadres","Expanded","Ethiopia",NA
"205","Expanded",2023,1,48,32,76.1358333333333,80.6458333333333,83.8251666666667,86.7,92.2933333333333,48,32,5000,TRUE,TRUE,TRUE,TRUE,"TaskValues_ref","PopValues","SeasonalityCurves","Cadres","Expanded","Ethiopia",NA
"206","Expanded",2023,2,48,32,74.1508333333333,78.7083333333333,81.963,84.7958333333333,90.3025,48,32,5000,TRUE,TRUE,TRUE,TRUE,"TaskValues_ref","PopValues","SeasonalityCurves","Cadres","Expanded","Ethiopia",NA
"207","Expanded",2023,3,48,32,70.3675,75.2458333333334,78.3075,81.4041666666667,87.0675,48,32,5000,TRUE,TRUE,TRUE,TRUE,"TaskValues_ref","PopValues","SeasonalityCurves","Cadres","Expanded","Ethiopia",NA
"208","Expanded",2023,4,48,32,69.0566666666667,74.2083333333333,77.1646666666667,80.2208333333333,85.5466666666667,48,32,5000,TRUE,TRUE,TRUE,TRUE,"TaskValues_ref","PopValues","SeasonalityCurves","Cadres","Expanded","Ethiopia",NA
"209","Expanded",2023,5,48,32,69.3191666666667,74.35,77.2455,80.2916666666667,85.67,48,32,5000,TRUE,TRUE,TRUE,TRUE,"TaskValues_ref","PopValues","SeasonalityCurves","Cadres","Expanded","Ethiopia",NA
"210","Expanded",2023,6,48,32,70.1908333333333,75.15,78.1131666666667,81.3125,86.8425,48,32,5000,TRUE,TRUE,TRUE,TRUE,"TaskValues_ref","PopValues","SeasonalityCurves","Cadres","Expanded","Ethiopia",NA
"211","Expanded",2023,7,48,32,72.6083333333333,77.2291666666667,80.3435,83.625,89.2466666666666,48,32,5000,TRUE,TRUE,TRUE,TRUE,"TaskValues_ref","PopValues","SeasonalityCurves","Cadres","Expanded","Ethiopia",NA
"212","Expanded",2023,8,48,32,70.7666666666666,75.5583333333333,78.7398333333333,81.8375,87.6883333333333,48,32,5000,TRUE,TRUE,TRUE,TRUE,"TaskValues_ref","PopValues","SeasonalityCurves","Cadres","Expanded","Ethiopia",NA
"213","Expanded",2023,9,48,32,74.7091666666666,79.3291666666667,82.4351666666667,85.7125,91.73,48,32,5000,TRUE,TRUE,TRUE,TRUE,"TaskValues_ref","PopValues","SeasonalityCurves","Cadres","Expanded","Ethiopia",NA
"214","Expanded",2023,10,48,32,78.5116666666667,83.325,86.8781666666667,90.2125,96.835,48,32,5000,TRUE,TRUE,TRUE,TRUE,"TaskValues_ref","PopValues","SeasonalityCurves","Cadres","Expanded","Ethiopia",NA
"215","Expanded",2023,11,48,32,80.5533333333333,85.6541666666667,89.27,92.4708333333333,99.4275,48,32,5000,TRUE,TRUE,TRUE,TRUE,"TaskValues_ref","PopValues","SeasonalityCurves","Cadres","Expanded","Ethiopia",NA
"216","Expanded",2023,12,48,32,77.31,82.0958333333333,85.6071666666667,89.2416666666667,95.6866666666667,48,32,5000,TRUE,TRUE,TRUE,TRUE,"TaskValues_ref","PopValues","SeasonalityCurves","Cadres","Expanded","Ethiopia",NA
"217","Expanded",2024,1,48,32,75.6708333333333,79.7583333333333,84.5821666666667,89.0916666666667,93.8625,48,32,5000,TRUE,TRUE,TRUE,TRUE,"TaskValues_ref","PopValues","SeasonalityCurves","Cadres","Expanded","Ethiopia",NA
"218","Expanded",2024,2,48,32,73.515,77.9666666666667,82.6845,87.2416666666666,91.7183333333333,48,32,5000,TRUE,TRUE,TRUE,TRUE,"TaskValues_ref","PopValues","SeasonalityCurves","Cadres","Expanded","Ethiopia",NA
"219","Expanded",2024,3,48,32,70.3566666666667,74.7625,79.0268333333333,82.9916666666666,88.0025,48,32,5000,TRUE,TRUE,TRUE,TRUE,"TaskValues_ref","PopValues","SeasonalityCurves","Cadres","Expanded","Ethiopia",NA
"220","Expanded",2024,4,48,32,69.0958333333333,73.6833333333333,77.8533333333333,81.6625,86.8558333333333,48,32,5000,TRUE,TRUE,TRUE,TRUE,"TaskValues_ref","PopValues","SeasonalityCurves","Cadres","Expanded","Ethiopia",NA
"221","Expanded",2024,5,48,32,69.02,73.7,77.9223333333333,81.8,86.8216666666667,48,32,5000,TRUE,TRUE,TRUE,TRUE,"TaskValues_ref","PopValues","SeasonalityCurves","Cadres","Expanded","Ethiopia",NA
"222","Expanded",2024,6,48,32,69.7725,74.5,78.7645,82.8125,88.1533333333333,48,32,5000,TRUE,TRUE,TRUE,TRUE,"TaskValues_ref","PopValues","SeasonalityCurves","Cadres","Expanded","Ethiopia",NA
"223","Expanded",2024,7,48,32,71.7841666666667,76.7666666666667,80.9713333333333,85.0666666666666,90.2533333333333,48,32,5000,TRUE,TRUE,TRUE,TRUE,"TaskValues_ref","PopValues","SeasonalityCurves","Cadres","Expanded","Ethiopia",NA
"224","Expanded",2024,8,48,32,70.4666666666667,74.9708333333333,79.3455,83.6541666666667,88.3383333333333,48,32,5000,TRUE,TRUE,TRUE,TRUE,"TaskValues_ref","PopValues","SeasonalityCurves","Cadres","Expanded","Ethiopia",NA
"225","Expanded",2024,9,48,32,73.5325,78.6791666666667,83.022,87.1541666666667,92.4366666666667,48,32,5000,TRUE,TRUE,TRUE,TRUE,"TaskValues_ref","PopValues","SeasonalityCurves","Cadres","Expanded","Ethiopia",NA
"226","Expanded",2024,10,48,32,77.9583333333333,82.625,87.4171666666667,91.475,98.0341666666666,48,32,5000,TRUE,TRUE,TRUE,TRUE,"TaskValues_ref","PopValues","SeasonalityCurves","Cadres","Expanded","Ethiopia",NA
"227","Expanded",2024,11,48,32,80.2783333333333,84.5208333333333,89.809,93.8958333333333,100.536666666667,48,32,5000,TRUE,TRUE,TRUE,TRUE,"TaskValues_ref","PopValues","SeasonalityCurves","Cadres","Expanded","Ethiopia",NA
"228","Expanded",2024,12,48,32,76.3291666666667,81.2083333333333,86.1675,90.3625,96.4575,48,32,5000,TRUE,TRUE,TRUE,TRUE,"TaskValues_ref","PopValues","SeasonalityCurves","Cadres","Expanded","Ethiopia",NA
"229","Expanded",2025,1,48,32,74.245,80.5791666666667,85.5836666666667,90.5291666666667,97.2091666666667,48,32,5000,TRUE,TRUE,TRUE,TRUE,"TaskValues_ref","PopValues","SeasonalityCurves","Cadres","Expanded","Ethiopia",NA
"230","Expanded",2025,2,48,32,72.3816666666667,78.8208333333333,83.7023333333333,88.5333333333333,94.7825,48,32,5000,TRUE,TRUE,TRUE,TRUE,"TaskValues_ref","PopValues","SeasonalityCurves","Cadres","Expanded","Ethiopia",NA
"231","Expanded",2025,3,48,32,69.1466666666667,75.25,80.0281666666667,84.5791666666667,90.3608333333333,48,32,5000,TRUE,TRUE,TRUE,TRUE,"TaskValues_ref","PopValues","SeasonalityCurves","Cadres","Expanded","Ethiopia",NA
"232","Expanded",2025,4,48,32,68.0491666666667,74.2458333333333,78.8561666666667,83.3583333333333,89.1675,48,32,5000,TRUE,TRUE,TRUE,TRUE,"TaskValues_ref","PopValues","SeasonalityCurves","Cadres","Expanded","Ethiopia",NA
"233","Expanded",2025,5,48,32,68.1991666666667,74.1875,78.9213333333333,83.375,89.0691666666666,48,32,5000,TRUE,TRUE,TRUE,TRUE,"TaskValues_ref","PopValues","SeasonalityCurves","Cadres","Expanded","Ethiopia",NA
"234","Expanded",2025,6,48,32,69.1991666666667,74.7208333333333,79.7601666666667,84.2708333333333,89.96,48,32,5000,TRUE,TRUE,TRUE,TRUE,"TaskValues_ref","PopValues","SeasonalityCurves","Cadres","Expanded","Ethiopia",NA
"235","Expanded",2025,7,48,32,71.2208333333333,76.9916666666667,81.974,86.3708333333333,92.6091666666667,48,32,5000,TRUE,TRUE,TRUE,TRUE,"TaskValues_ref","PopValues","SeasonalityCurves","Cadres","Expanded","Ethiopia",NA
"236","Expanded",2025,8,48,32,69.5333333333333,75.175,80.3083333333333,84.9083333333333,90.8166666666666,48,32,5000,TRUE,TRUE,TRUE,TRUE,"TaskValues_ref","PopValues","SeasonalityCurves","Cadres","Expanded","Ethiopia",NA
"237","Expanded",2025,9,48,32,72.6075,78.8875,83.9888333333333,88.6791666666667,95.1791666666667,48,32,5000,TRUE,TRUE,TRUE,TRUE,"TaskValues_ref","PopValues","SeasonalityCurves","Cadres","Expanded","Ethiopia",NA
"238","Expanded",2025,10,48,32,77.2816666666667,82.5916666666667,88.4226666666667,93.6958333333333,100.8425,48,32,5000,TRUE,TRUE,TRUE,TRUE,"TaskValues_ref","PopValues","SeasonalityCurves","Cadres","Expanded","Ethiopia",NA
"239","Expanded",2025,11,48,32,79.3825,84.8125,90.8068333333333,96.125,103.748333333333,48,32,5000,TRUE,TRUE,TRUE,TRUE,"TaskValues_ref","PopValues","SeasonalityCurves","Cadres","Expanded","Ethiopia",NA
"240","Expanded",2025,12,48,32,75.0583333333333,81.2416666666667,87.1115,92.2541666666667,99.8508333333333,48,32,5000,TRUE,TRUE,TRUE,TRUE,"TaskValues_ref","PopValues","SeasonalityCurves","Cadres","Expanded","Ethiopia",NA
"241","Expanded",2026,1,48,32,73.41,80.1041666666667,86.1118333333333,91.6666666666666,99.14,48,32,5000,TRUE,TRUE,TRUE,TRUE,"TaskValues_ref","PopValues","SeasonalityCurves","Cadres","Expanded","Ethiopia",NA
"242","Expanded",2026,2,48,32,71.8383333333333,78.4166666666667,84.2143333333333,89.9041666666667,97.1066666666667,48,32,5000,TRUE,TRUE,TRUE,TRUE,"TaskValues_ref","PopValues","SeasonalityCurves","Cadres","Expanded","Ethiopia",NA
"243","Expanded",2026,3,48,32,68.9966666666667,75.125,80.5591666666667,86.1291666666667,93.4525,48,32,5000,TRUE,TRUE,TRUE,TRUE,"TaskValues_ref","PopValues","SeasonalityCurves","Cadres","Expanded","Ethiopia",NA
"244","Expanded",2026,4,48,32,67.9666666666667,74.1166666666667,79.3963333333333,84.975,92.2091666666667,48,32,5000,TRUE,TRUE,TRUE,TRUE,"TaskValues_ref","PopValues","SeasonalityCurves","Cadres","Expanded","Ethiopia",NA
"245","Expanded",2026,5,48,32,67.9516666666667,74.2,79.4481666666667,84.9375,92.3016666666667,48,32,5000,TRUE,TRUE,TRUE,TRUE,"TaskValues_ref","PopValues","SeasonalityCurves","Cadres","Expanded","Ethiopia",NA
"246","Expanded",2026,6,48,32,69.1716666666667,75.075,80.2653333333333,85.9375,93.2841666666667,48,32,5000,TRUE,TRUE,TRUE,TRUE,"TaskValues_ref","PopValues","SeasonalityCurves","Cadres","Expanded","Ethiopia",NA
"247","Expanded",2026,7,48,32,71.0933333333333,77.1625,82.4846666666667,88.0625,96.1541666666667,48,32,5000,TRUE,TRUE,TRUE,TRUE,"TaskValues_ref","PopValues","SeasonalityCurves","Cadres","Expanded","Ethiopia",NA
"248","Expanded",2026,8,48,32,69.355,75.3083333333333,80.7831666666667,86.425,94.0166666666667,48,32,5000,TRUE,TRUE,TRUE,TRUE,"TaskValues_ref","PopValues","SeasonalityCurves","Cadres","Expanded","Ethiopia",NA
"249","Expanded",2026,9,48,32,72.1383333333333,79.0583333333333,84.465,90.3125,98.1475,48,32,5000,TRUE,TRUE,TRUE,TRUE,"TaskValues_ref","PopValues","SeasonalityCurves","Cadres","Expanded","Ethiopia",NA
"250","Expanded",2026,10,48,32,75.82,83.325,88.86,95.2125,103.354166666667,48,32,5000,TRUE,TRUE,TRUE,TRUE,"TaskValues_ref","PopValues","SeasonalityCurves","Cadres","Expanded","Ethiopia",NA
"251","Expanded",2026,11,48,32,77.9208333333333,85.2583333333334,91.2591666666667,97.6625,105.935,48,32,5000,TRUE,TRUE,TRUE,TRUE,"TaskValues_ref","PopValues","SeasonalityCurves","Cadres","Expanded","Ethiopia",NA
"252","Expanded",2026,12,48,32,74.155,81.75,87.5425,93.8791666666667,101.4775,48,32,5000,TRUE,TRUE,TRUE,TRUE,"TaskValues_ref","PopValues","SeasonalityCurves","Cadres","Expanded","Ethiopia",NA
"253","Expanded",2027,1,48,32,72.2641666666667,79.3458333333333,86.4525,93.1833333333333,101.949166666667,48,32,5000,TRUE,TRUE,TRUE,TRUE,"TaskValues_ref","PopValues","SeasonalityCurves","Cadres","Expanded","Ethiopia",NA
"254","Expanded",2027,2,48,32,70.8175,77.8333333333333,84.5708333333333,91.3708333333333,98.9333333333333,48,32,5000,TRUE,TRUE,TRUE,TRUE,"TaskValues_ref","PopValues","SeasonalityCurves","Cadres","Expanded","Ethiopia",NA
"255","Expanded",2027,3,48,32,66.9533333333333,74.8833333333333,80.9276666666667,87.3583333333333,94.485,48,32,5000,TRUE,TRUE,TRUE,TRUE,"TaskValues_ref","PopValues","SeasonalityCurves","Cadres","Expanded","Ethiopia",NA
"256","Expanded",2027,4,48,32,65.8966666666667,73.975,79.772,86.1166666666667,93.1658333333333,48,32,5000,TRUE,TRUE,TRUE,TRUE,"TaskValues_ref","PopValues","SeasonalityCurves","Cadres","Expanded","Ethiopia",NA
"257","Expanded",2027,5,48,32,65.8983333333333,74.025,79.82,86.2208333333333,93.1775,48,32,5000,TRUE,TRUE,TRUE,TRUE,"TaskValues_ref","PopValues","SeasonalityCurves","Cadres","Expanded","Ethiopia",NA
"258","Expanded",2027,6,48,32,66.7966666666667,75.0333333333333,80.6546666666667,87.2958333333333,94.5883333333333,48,32,5000,TRUE,TRUE,TRUE,TRUE,"TaskValues_ref","PopValues","SeasonalityCurves","Cadres","Expanded","Ethiopia",NA
"259","Expanded",2027,7,48,32,68.8125,76.9083333333333,82.8833333333333,89.8375,97.425,48,32,5000,TRUE,TRUE,TRUE,TRUE,"TaskValues_ref","PopValues","SeasonalityCurves","Cadres","Expanded","Ethiopia",NA
"260","Expanded",2027,8,48,32,67.1725,75.1625,81.173,87.7041666666667,95.3908333333333,48,32,5000,TRUE,TRUE,TRUE,TRUE,"TaskValues_ref","PopValues","SeasonalityCurves","Cadres","Expanded","Ethiopia",NA
"261","Expanded",2027,9,48,32,70.5566666666667,78.325,84.8651666666667,91.8416666666667,99.7708333333333,48,32,5000,TRUE,TRUE,TRUE,TRUE,"TaskValues_ref","PopValues","SeasonalityCurves","Cadres","Expanded","Ethiopia",NA
"262","Expanded",2027,10,48,32,74.6308333333334,82.1875,89.2705,96.9666666666666,104.9275,48,32,5000,TRUE,TRUE,TRUE,TRUE,"TaskValues_ref","PopValues","SeasonalityCurves","Cadres","Expanded","Ethiopia",NA
"263","Expanded",2027,11,48,32,76.6366666666667,84.05,91.6753333333333,99.3666666666666,108.041666666667,48,32,5000,TRUE,TRUE,TRUE,TRUE,"TaskValues_ref","PopValues","SeasonalityCurves","Cadres","Expanded","Ethiopia",NA
"264","Expanded",2027,12,48,32,72.7416666666667,80.6875,87.9513333333333,94.8,103.4,48,32,5000,TRUE,TRUE,TRUE,TRUE,"TaskValues_ref","PopValues","SeasonalityCurves","Cadres","Expanded","Ethiopia",NA
"265","Expanded",2028,1,48,32,71.9775,79.9333333333333,87.1785,93.9708333333333,101.626666666667,48,32,5000,TRUE,TRUE,TRUE,TRUE,"TaskValues_ref","PopValues","SeasonalityCurves","Cadres","Expanded","Ethiopia",NA
"266","Expanded",2028,2,48,32,69.8066666666667,78.375,85.301,91.7166666666667,99.8291666666667,48,32,5000,TRUE,TRUE,TRUE,TRUE,"TaskValues_ref","PopValues","SeasonalityCurves","Cadres","Expanded","Ethiopia",NA
"267","Expanded",2028,3,48,32,67.6141666666667,75.2125,81.6718333333333,87.7416666666667,96.1,48,32,5000,TRUE,TRUE,TRUE,TRUE,"TaskValues_ref","PopValues","SeasonalityCurves","Cadres","Expanded","Ethiopia",NA
"268","Expanded",2028,4,48,32,66.6708333333333,74.2833333333333,80.5153333333333,86.5583333333333,95.0783333333333,48,32,5000,TRUE,TRUE,TRUE,TRUE,"TaskValues_ref","PopValues","SeasonalityCurves","Cadres","Expanded","Ethiopia",NA
"269","Expanded",2028,5,48,32,66.5075,74.3583333333333,80.5601666666667,86.6375,95.0391666666666,48,32,5000,TRUE,TRUE,TRUE,TRUE,"TaskValues_ref","PopValues","SeasonalityCurves","Cadres","Expanded","Ethiopia",NA
"270","Expanded",2028,6,48,32,66.7033333333333,75.3375,81.3883333333333,87.725,96.1816666666666,48,32,5000,TRUE,TRUE,TRUE,TRUE,"TaskValues_ref","PopValues","SeasonalityCurves","Cadres","Expanded","Ethiopia",NA
"271","Expanded",2028,7,48,32,68.0491666666667,77.2458333333333,83.6215,90.3041666666667,98.5583333333333,48,32,5000,TRUE,TRUE,TRUE,TRUE,"TaskValues_ref","PopValues","SeasonalityCurves","Cadres","Expanded","Ethiopia",NA
"272","Expanded",2028,8,48,32,67.0708333333333,75.6541666666667,81.8695,88.2125,96.5775,48,32,5000,TRUE,TRUE,TRUE,TRUE,"TaskValues_ref","PopValues","SeasonalityCurves","Cadres","Expanded","Ethiopia",NA
"273","Expanded",2028,9,48,32,70.0291666666667,79.0625,85.5681666666667,92.2166666666667,100.71,48,32,5000,TRUE,TRUE,TRUE,TRUE,"TaskValues_ref","PopValues","SeasonalityCurves","Cadres","Expanded","Ethiopia",NA
"274","Expanded",2028,10,48,32,74.1716666666667,83.1,89.9788333333333,97.4375,106.064166666667,48,32,5000,TRUE,TRUE,TRUE,TRUE,"TaskValues_ref","PopValues","SeasonalityCurves","Cadres","Expanded","Ethiopia",NA
"275","Expanded",2028,11,48,32,76.075,85.3041666666667,92.392,99.9125,108.71,48,32,5000,TRUE,TRUE,TRUE,TRUE,"TaskValues_ref","PopValues","SeasonalityCurves","Cadres","Expanded","Ethiopia",NA
"276","Expanded",2028,12,48,32,72.1991666666667,81.6291666666666,88.608,95.4041666666667,104.389166666667,48,32,5000,TRUE,TRUE,TRUE,TRUE,"TaskValues_ref","PopValues","SeasonalityCurves","Cadres","Expanded","Ethiopia",NA
"277","Expanded",2029,1,48,32,72.0358333333333,80.1958333333334,87.8408333333333,94.7791666666666,102.561666666667,48,32,5000,TRUE,TRUE,TRUE,TRUE,"TaskValues_ref","PopValues","SeasonalityCurves","Cadres","Expanded","Ethiopia",NA
"278","Expanded",2029,2,48,32,70.8433333333333,78.4833333333333,85.9738333333333,93.0041666666667,100.6475,48,32,5000,TRUE,TRUE,TRUE,TRUE,"TaskValues_ref","PopValues","SeasonalityCurves","Cadres","Expanded","Ethiopia",NA
"279","Expanded",2029,3,48,32,67.91,75.1125,82.379,88.5791666666667,96.5441666666667,48,32,5000,TRUE,TRUE,TRUE,TRUE,"TaskValues_ref","PopValues","SeasonalityCurves","Cadres","Expanded","Ethiopia",NA
"280","Expanded",2029,4,48,32,66.9625,74.0833333333333,81.2363333333333,87.5958333333333,95.3275,48,32,5000,TRUE,TRUE,TRUE,TRUE,"TaskValues_ref","PopValues","SeasonalityCurves","Cadres","Expanded","Ethiopia",NA
"281","Expanded",2029,5,48,32,66.7633333333333,74.2166666666667,81.2823333333333,87.5458333333333,95.2433333333333,48,32,5000,TRUE,TRUE,TRUE,TRUE,"TaskValues_ref","PopValues","SeasonalityCurves","Cadres","Expanded","Ethiopia",NA
"282","Expanded",2029,6,48,32,67.0616666666667,75.2583333333334,82.1236666666667,88.1333333333333,96.7,48,32,5000,TRUE,TRUE,TRUE,TRUE,"TaskValues_ref","PopValues","SeasonalityCurves","Cadres","Expanded","Ethiopia",NA
"283","Expanded",2029,7,48,32,68.2908333333333,77.325,84.3788333333333,90.675,99.4441666666667,48,32,5000,TRUE,TRUE,TRUE,TRUE,"TaskValues_ref","PopValues","SeasonalityCurves","Cadres","Expanded","Ethiopia",NA
"284","Expanded",2029,8,48,32,67.5141666666667,75.5291666666667,82.6075,88.6041666666667,97.57,48,32,5000,TRUE,TRUE,TRUE,TRUE,"TaskValues_ref","PopValues","SeasonalityCurves","Cadres","Expanded","Ethiopia",NA
"285","Expanded",2029,9,48,32,69.8616666666667,79.2083333333333,86.3038333333333,92.6125,101.923333333333,48,32,5000,TRUE,TRUE,TRUE,TRUE,"TaskValues_ref","PopValues","SeasonalityCurves","Cadres","Expanded","Ethiopia",NA
"286","Expanded",2029,10,48,32,73.2858333333333,84.175,90.7246666666667,98.3833333333333,106.8225,48,32,5000,TRUE,TRUE,TRUE,TRUE,"TaskValues_ref","PopValues","SeasonalityCurves","Cadres","Expanded","Ethiopia",NA
"287","Expanded",2029,11,48,32,74.9458333333333,86.5458333333333,93.1363333333333,100.7,109.56,48,32,5000,TRUE,TRUE,TRUE,TRUE,"TaskValues_ref","PopValues","SeasonalityCurves","Cadres","Expanded","Ethiopia",NA
"288","Expanded",2029,12,48,32,72.3016666666667,81.9416666666667,89.3385,95.7625,105.088333333333,48,32,5000,TRUE,TRUE,TRUE,TRUE,"TaskValues_ref","PopValues","SeasonalityCurves","Cadres","Expanded","Ethiopia",NA
"289","Expanded",2030,1,48,32,72.3258333333333,81.2041666666667,88.6235,94.8458333333333,105.82,48,32,5000,TRUE,TRUE,TRUE,TRUE,"TaskValues_ref","PopValues","SeasonalityCurves","Cadres","Expanded","Ethiopia",NA
"290","Expanded",2030,2,48,32,71.3091666666667,79.6916666666667,86.7921666666667,93.1625,103.6775,48,32,5000,TRUE,TRUE,TRUE,TRUE,"TaskValues_ref","PopValues","SeasonalityCurves","Cadres","Expanded","Ethiopia",NA
"291","Expanded",2030,3,48,32,68.095,76.6833333333333,83.194,89.3041666666667,99.2625,48,32,5000,TRUE,TRUE,TRUE,TRUE,"TaskValues_ref","PopValues","SeasonalityCurves","Cadres","Expanded","Ethiopia",NA
"292","Expanded",2030,4,48,32,66.9891666666667,75.4916666666667,82.0408333333333,87.9875,98.3291666666667,48,32,5000,TRUE,TRUE,TRUE,TRUE,"TaskValues_ref","PopValues","SeasonalityCurves","Cadres","Expanded","Ethiopia",NA
"293","Expanded",2030,5,48,32,66.9883333333333,75.6208333333333,82.0833333333333,88.1875,98.17,48,32,5000,TRUE,TRUE,TRUE,TRUE,"TaskValues_ref","PopValues","SeasonalityCurves","Cadres","Expanded","Ethiopia",NA
"294","Expanded",2030,6,48,32,67.345,76.6458333333333,82.9403333333333,88.525,99.0791666666667,48,32,5000,TRUE,TRUE,TRUE,TRUE,"TaskValues_ref","PopValues","SeasonalityCurves","Cadres","Expanded","Ethiopia",NA
"295","Expanded",2030,7,48,32,69.2775,78.625,85.208,90.8708333333333,101.616666666667,48,32,5000,TRUE,TRUE,TRUE,TRUE,"TaskValues_ref","PopValues","SeasonalityCurves","Cadres","Expanded","Ethiopia",NA
"296","Expanded",2030,8,48,32,67.8616666666667,76.9875,83.4048333333333,89.15,99.3058333333333,48,32,5000,TRUE,TRUE,TRUE,TRUE,"TaskValues_ref","PopValues","SeasonalityCurves","Cadres","Expanded","Ethiopia",NA
"297","Expanded",2030,9,48,32,70.845,80.5875,87.1283333333333,93.1708333333333,104.696666666667,48,32,5000,TRUE,TRUE,TRUE,TRUE,"TaskValues_ref","PopValues","SeasonalityCurves","Cadres","Expanded","Ethiopia",NA
"298","Expanded",2030,10,48,32,74.9658333333334,85.0166666666667,91.597,98.125,110.418333333333,48,32,5000,TRUE,TRUE,TRUE,TRUE,"TaskValues_ref","PopValues","SeasonalityCurves","Cadres","Expanded","Ethiopia",NA
"299","Expanded",2030,11,48,32,76.8733333333333,87.025,94.0095,100.45,114.018333333333,48,32,5000,TRUE,TRUE,TRUE,TRUE,"TaskValues_ref","PopValues","SeasonalityCurves","Cadres","Expanded","Ethiopia",NA
"300","Expanded",2030,12,48,32,73.1716666666667,83.0083333333333,90.1546666666667,96.2375,108.883333333333,48,32,5000,TRUE,TRUE,TRUE,TRUE,"TaskValues_ref","PopValues","SeasonalityCurves","Cadres","Expanded","Ethiopia",NA
"301","Expanded",2031,1,48,32,71.775,82.0833333333333,89.2051666666667,95.175,109.934166666667,48,32,5000,TRUE,TRUE,TRUE,TRUE,"TaskValues_ref","PopValues","SeasonalityCurves","Cadres","Expanded","Ethiopia",NA
"302","Expanded",2031,2,48,32,70.4608333333333,80.75,87.353,93.625,107.886666666667,48,32,5000,TRUE,TRUE,TRUE,TRUE,"TaskValues_ref","PopValues","SeasonalityCurves","Cadres","Expanded","Ethiopia",NA
"303","Expanded",2031,3,48,32,67.7141666666667,76.7791666666667,83.7918333333333,90.125,103.723333333333,48,32,5000,TRUE,TRUE,TRUE,TRUE,"TaskValues_ref","PopValues","SeasonalityCurves","Cadres","Expanded","Ethiopia",NA
"304","Expanded",2031,4,48,32,66.9133333333333,75.9625,82.6601666666667,89.0291666666667,102.42,48,32,5000,TRUE,TRUE,TRUE,TRUE,"TaskValues_ref","PopValues","SeasonalityCurves","Cadres","Expanded","Ethiopia",NA
"305","Expanded",2031,5,48,32,67.0266666666667,75.8833333333334,82.7041666666667,89.0333333333333,102.560833333333,48,32,5000,TRUE,TRUE,TRUE,TRUE,"TaskValues_ref","PopValues","SeasonalityCurves","Cadres","Expanded","Ethiopia",NA
"306","Expanded",2031,6,48,32,68.11,76.7625,83.5485,89.6791666666667,103.586666666667,48,32,5000,TRUE,TRUE,TRUE,TRUE,"TaskValues_ref","PopValues","SeasonalityCurves","Cadres","Expanded","Ethiopia",NA
"307","Expanded",2031,7,48,32,69.855,78.9083333333334,85.8411666666667,91.8625,106.970833333333,48,32,5000,TRUE,TRUE,TRUE,TRUE,"TaskValues_ref","PopValues","SeasonalityCurves","Cadres","Expanded","Ethiopia",NA
"308","Expanded",2031,8,48,32,68.0508333333333,77.4083333333334,84.0021666666667,90.2,104.105,48,32,5000,TRUE,TRUE,TRUE,TRUE,"TaskValues_ref","PopValues","SeasonalityCurves","Cadres","Expanded","Ethiopia",NA
"309","Expanded",2031,9,48,32,71.1325,81.05,87.7201666666667,93.7583333333334,109.199166666667,48,32,5000,TRUE,TRUE,TRUE,TRUE,"TaskValues_ref","PopValues","SeasonalityCurves","Cadres","Expanded","Ethiopia",NA
"310","Expanded",2031,10,48,32,74.9633333333333,84.9041666666666,92.1745,98.2208333333333,114.949166666667,48,32,5000,TRUE,TRUE,TRUE,TRUE,"TaskValues_ref","PopValues","SeasonalityCurves","Cadres","Expanded","Ethiopia",NA
"311","Expanded",2031,11,48,32,77.0833333333333,86.9208333333333,94.5945,100.979166666667,118.2325,48,32,5000,TRUE,TRUE,TRUE,TRUE,"TaskValues_ref","PopValues","SeasonalityCurves","Cadres","Expanded","Ethiopia",NA
"312","Expanded",2031,12,48,32,73.0466666666667,83.3875,90.7106666666667,97.4416666666667,112.515,48,32,5000,TRUE,TRUE,TRUE,TRUE,"TaskValues_ref","PopValues","SeasonalityCurves","Cadres","Expanded","Ethiopia",NA
"313","Expanded",2032,1,48,32,71.7591666666667,83.1375,89.7263333333333,96.5833333333333,108.979166666667,48,32,5000,TRUE,TRUE,TRUE,TRUE,"TaskValues_ref","PopValues","SeasonalityCurves","Cadres","Expanded","Ethiopia",NA
"314","Expanded",2032,2,48,32,70.3266666666667,81.35,87.9121666666667,94.3791666666667,106.6125,48,32,5000,TRUE,TRUE,TRUE,TRUE,"TaskValues_ref","PopValues","SeasonalityCurves","Cadres","Expanded","Ethiopia",NA
"315","Expanded",2032,3,48,32,67.7991666666667,77.9166666666667,84.3545,91.1375,102.851666666667,48,32,5000,TRUE,TRUE,TRUE,TRUE,"TaskValues_ref","PopValues","SeasonalityCurves","Cadres","Expanded","Ethiopia",NA
"316","Expanded",2032,4,48,32,66.9175,76.8125,83.224,89.725,101.698333333333,48,32,5000,TRUE,TRUE,TRUE,TRUE,"TaskValues_ref","PopValues","SeasonalityCurves","Cadres","Expanded","Ethiopia",NA
"317","Expanded",2032,5,48,32,66.9583333333333,77.0041666666667,83.2651666666667,89.6875,101.746666666667,48,32,5000,TRUE,TRUE,TRUE,TRUE,"TaskValues_ref","PopValues","SeasonalityCurves","Cadres","Expanded","Ethiopia",NA
"318","Expanded",2032,6,48,32,67.8591666666667,77.4791666666667,84.1181666666667,90.7,103.144166666667,48,32,5000,TRUE,TRUE,TRUE,TRUE,"TaskValues_ref","PopValues","SeasonalityCurves","Cadres","Expanded","Ethiopia",NA
"319","Expanded",2032,7,48,32,69.6775,79.6333333333333,86.4381666666667,93.0208333333333,106.3575,48,32,5000,TRUE,TRUE,TRUE,TRUE,"TaskValues_ref","PopValues","SeasonalityCurves","Cadres","Expanded","Ethiopia",NA
"320","Expanded",2032,8,48,32,67.7725,77.9416666666667,84.5636666666667,91.5083333333333,103.245833333333,48,32,5000,TRUE,TRUE,TRUE,TRUE,"TaskValues_ref","PopValues","SeasonalityCurves","Cadres","Expanded","Ethiopia",NA
"321","Expanded",2032,9,48,32,71.0283333333333,81.5958333333333,88.3111666666667,94.8458333333333,108.409166666667,48,32,5000,TRUE,TRUE,TRUE,TRUE,"TaskValues_ref","PopValues","SeasonalityCurves","Cadres","Expanded","Ethiopia",NA
"322","Expanded",2032,10,48,32,75.0516666666666,86.3208333333333,92.7936666666667,99.1125,114.595,48,32,5000,TRUE,TRUE,TRUE,TRUE,"TaskValues_ref","PopValues","SeasonalityCurves","Cadres","Expanded","Ethiopia",NA
"323","Expanded",2032,11,48,32,76.8858333333333,88.6458333333333,95.2298333333333,102.354166666667,117.733333333333,48,32,5000,TRUE,TRUE,TRUE,TRUE,"TaskValues_ref","PopValues","SeasonalityCurves","Cadres","Expanded","Ethiopia",NA
"324","Expanded",2032,12,48,32,72.6641666666666,84.7833333333333,91.2888333333333,98.0791666666667,111.168333333333,48,32,5000,TRUE,TRUE,TRUE,TRUE,"TaskValues_ref","PopValues","SeasonalityCurves","Cadres","Expanded","Ethiopia",NA
"325","Expanded",2033,1,48,32,72.5725,84.4375,90.478,97.5166666666667,111.4725,48,32,5000,TRUE,TRUE,TRUE,TRUE,"TaskValues_ref","PopValues","SeasonalityCurves","Cadres","Expanded","Ethiopia",NA
"326","Expanded",2033,2,48,32,70.5991666666667,82.3625,88.671,95.2541666666667,109.280833333333,48,32,5000,TRUE,TRUE,TRUE,TRUE,"TaskValues_ref","PopValues","SeasonalityCurves","Cadres","Expanded","Ethiopia",NA
"327","Expanded",2033,3,48,32,67.8858333333334,78.2208333333334,85.114,91.6333333333333,105.3075,48,32,5000,TRUE,TRUE,TRUE,TRUE,"TaskValues_ref","PopValues","SeasonalityCurves","Cadres","Expanded","Ethiopia",NA
"328","Expanded",2033,4,48,32,67.0358333333334,77.025,83.9838333333333,90.5416666666666,103.890833333333,48,32,5000,TRUE,TRUE,TRUE,TRUE,"TaskValues_ref","PopValues","SeasonalityCurves","Cadres","Expanded","Ethiopia",NA
"329","Expanded",2033,5,48,32,66.92,77.1833333333333,84.0245,90.4041666666666,104.036666666667,48,32,5000,TRUE,TRUE,TRUE,TRUE,"TaskValues_ref","PopValues","SeasonalityCurves","Cadres","Expanded","Ethiopia",NA
"330","Expanded",2033,6,48,32,67.5208333333334,78.0083333333333,84.8918333333333,91.3458333333333,104.671666666667,48,32,5000,TRUE,TRUE,TRUE,TRUE,"TaskValues_ref","PopValues","SeasonalityCurves","Cadres","Expanded","Ethiopia",NA
"331","Expanded",2033,7,48,32,69.585,79.9083333333333,87.2238333333333,93.7125,107.320833333333,48,32,5000,TRUE,TRUE,TRUE,TRUE,"TaskValues_ref","PopValues","SeasonalityCurves","Cadres","Expanded","Ethiopia",NA
"332","Expanded",2033,8,48,32,67.4616666666667,78.45,85.3201666666667,91.55,105.300833333333,48,32,5000,TRUE,TRUE,TRUE,TRUE,"TaskValues_ref","PopValues","SeasonalityCurves","Cadres","Expanded","Ethiopia",NA
"333","Expanded",2033,9,48,32,71.535,82.1041666666667,89.0961666666667,95.5125,109.466666666667,48,32,5000,TRUE,TRUE,TRUE,TRUE,"TaskValues_ref","PopValues","SeasonalityCurves","Cadres","Expanded","Ethiopia",NA
"334","Expanded",2033,10,48,32,75.555,86.375,93.6078333333333,99.9625,114.435833333333,48,32,5000,TRUE,TRUE,TRUE,TRUE,"TaskValues_ref","PopValues","SeasonalityCurves","Cadres","Expanded","Ethiopia",NA
"335","Expanded",2033,11,48,32,77.1808333333333,88.5208333333333,96.0591666666667,102.929166666667,117.498333333333,48,32,5000,TRUE,TRUE,TRUE,TRUE,"TaskValues_ref","PopValues","SeasonalityCurves","Cadres","Expanded","Ethiopia",NA
"336","Expanded",2033,12,48,32,74.185,84.9791666666667,92.0666666666667,99.2041666666667,112.9175,48,32,5000,TRUE,TRUE,TRUE,TRUE,"TaskValues_ref","PopValues","SeasonalityCurves","Cadres","Expanded","Ethiopia",NA
"337","Expanded",2034,1,48,32,71.8583333333334,84.0666666666667,91.1985,98.5166666666667,110.678333333333,48,32,5000,TRUE,TRUE,TRUE,TRUE,"TaskValues_ref","PopValues","SeasonalityCurves","Cadres","Expanded","Ethiopia",NA
"338","Expanded",2034,2,48,32,70.6883333333333,82.6375,89.3753333333333,96.3583333333333,109.1775,48,32,5000,TRUE,TRUE,TRUE,TRUE,"TaskValues_ref","PopValues","SeasonalityCurves","Cadres","Expanded","Ethiopia",NA
"339","Expanded",2034,3,48,32,68.5758333333333,77.8708333333334,85.8465,92.4333333333333,104.506666666667,48,32,5000,TRUE,TRUE,TRUE,TRUE,"TaskValues_ref","PopValues","SeasonalityCurves","Cadres","Expanded","Ethiopia",NA
"340","Expanded",2034,4,48,32,67.535,76.2833333333333,84.7355,91.3041666666667,103.1475,48,32,5000,TRUE,TRUE,TRUE,TRUE,"TaskValues_ref","PopValues","SeasonalityCurves","Cadres","Expanded","Ethiopia",NA
"341","Expanded",2034,5,48,32,67.6625,76.4958333333333,84.7693333333333,91.2125,103.165833333333,48,32,5000,TRUE,TRUE,TRUE,TRUE,"TaskValues_ref","PopValues","SeasonalityCurves","Cadres","Expanded","Ethiopia",NA
"342","Expanded",2034,6,48,32,68.635,77.425,85.6446666666667,91.8583333333333,104.33,48,32,5000,TRUE,TRUE,TRUE,TRUE,"TaskValues_ref","PopValues","SeasonalityCurves","Cadres","Expanded","Ethiopia",NA
"343","Expanded",2034,7,48,32,70.2441666666667,79.2583333333333,88.0011666666667,94.4625,107.231666666667,48,32,5000,TRUE,TRUE,TRUE,TRUE,"TaskValues_ref","PopValues","SeasonalityCurves","Cadres","Expanded","Ethiopia",NA
"344","Expanded",2034,8,48,32,68.6008333333333,78.2041666666667,86.0471666666667,92.6625,104.7975,48,32,5000,TRUE,TRUE,TRUE,TRUE,"TaskValues_ref","PopValues","SeasonalityCurves","Cadres","Expanded","Ethiopia",NA
"345","Expanded",2034,9,48,32,71.105,81.875,89.8408333333333,97.7,109.455833333333,48,32,5000,TRUE,TRUE,TRUE,TRUE,"TaskValues_ref","PopValues","SeasonalityCurves","Cadres","Expanded","Ethiopia",NA
"346","Expanded",2034,10,48,32,74.1375,86.0833333333333,94.366,102.795833333333,116.041666666667,48,32,5000,TRUE,TRUE,TRUE,TRUE,"TaskValues_ref","PopValues","SeasonalityCurves","Cadres","Expanded","Ethiopia",NA
"347","Expanded",2034,11,48,32,75.6083333333333,88.8625,96.8298333333333,105.7125,118.945833333333,48,32,5000,TRUE,TRUE,TRUE,TRUE,"TaskValues_ref","PopValues","SeasonalityCurves","Cadres","Expanded","Ethiopia",NA
"348","Expanded",2034,12,48,32,72.2,85.1083333333333,92.7616666666667,100.629166666667,112.914166666667,48,32,5000,TRUE,TRUE,TRUE,TRUE,"TaskValues_ref","PopValues","SeasonalityCurves","Cadres","Expanded","Ethiopia",NA
"349","Expanded",2035,1,48,32,70.7233333333333,83.0625,91.795,99.5875,111.1225,48,32,5000,TRUE,TRUE,TRUE,TRUE,"TaskValues_ref","PopValues","SeasonalityCurves","Cadres","Expanded","Ethiopia",NA
"350","Expanded",2035,2,48,32,69.5866666666667,80.8708333333333,90.0076666666667,97.4666666666666,108.8525,48,32,5000,TRUE,TRUE,TRUE,TRUE,"TaskValues_ref","PopValues","SeasonalityCurves","Cadres","Expanded","Ethiopia",NA
"351","Expanded",2035,3,48,32,67.11,76.9208333333333,86.4971666666667,93.2791666666667,104.271666666667,48,32,5000,TRUE,TRUE,TRUE,TRUE,"TaskValues_ref","PopValues","SeasonalityCurves","Cadres","Expanded","Ethiopia",NA
"352","Expanded",2035,4,48,32,66.3508333333333,75.75,85.3848333333333,92.1166666666667,102.856666666667,48,32,5000,TRUE,TRUE,TRUE,TRUE,"TaskValues_ref","PopValues","SeasonalityCurves","Cadres","Expanded","Ethiopia",NA
"353","Expanded",2035,5,48,32,66.2216666666667,75.8958333333333,85.4175,92.1916666666667,102.9125,48,32,5000,TRUE,TRUE,TRUE,TRUE,"TaskValues_ref","PopValues","SeasonalityCurves","Cadres","Expanded","Ethiopia",NA
"354","Expanded",2035,6,48,32,66.2791666666667,77.0875,86.2898333333333,93.025,104.509166666667,48,32,5000,TRUE,TRUE,TRUE,TRUE,"TaskValues_ref","PopValues","SeasonalityCurves","Cadres","Expanded","Ethiopia",NA
"355","Expanded",2035,7,48,32,68.0633333333333,79.4958333333333,88.6446666666667,95.4208333333333,107.734166666667,48,32,5000,TRUE,TRUE,TRUE,TRUE,"TaskValues_ref","PopValues","SeasonalityCurves","Cadres","Expanded","Ethiopia",NA
"356","Expanded",2035,8,48,32,66.7058333333333,77.5,86.6721666666667,93.5916666666666,105.161666666667,48,32,5000,TRUE,TRUE,TRUE,TRUE,"TaskValues_ref","PopValues","SeasonalityCurves","Cadres","Expanded","Ethiopia",NA
"357","Expanded",2035,9,48,32,69.6183333333333,81.8708333333333,90.4585,97.65,110.116666666667,48,32,5000,TRUE,TRUE,TRUE,TRUE,"TaskValues_ref","PopValues","SeasonalityCurves","Cadres","Expanded","Ethiopia",NA
"358","Expanded",2035,10,48,32,71.9508333333333,85.6625,94.977,103.133333333333,116.551666666667,48,32,5000,TRUE,TRUE,TRUE,TRUE,"TaskValues_ref","PopValues","SeasonalityCurves","Cadres","Expanded","Ethiopia",NA
"359","Expanded",2035,11,48,32,73.9533333333333,88.25,97.4386666666667,106.304166666667,119.865833333333,48,32,5000,TRUE,TRUE,TRUE,TRUE,"TaskValues_ref","PopValues","SeasonalityCurves","Cadres","Expanded","Ethiopia",NA
"360","Expanded",2035,12,48,32,71.0525,84.2833333333333,93.3565,101.55,113.1375,48,32,5000,TRUE,TRUE,TRUE,TRUE,"TaskValues_ref","PopValues","SeasonalityCurves","Cadres","Expanded","Ethiopia",NA
